branch,run,scene,sequence,valid_frames,unknown_frames,normal_frames,anomaly_frames,fp,tp,q99,events,detected_events,visual_auroc,visual_ap,process_auroc,process_ap,combined_auroc,combined_ap
teacher,A,R01,01,230,0,89,141,0,8,0.9841463414634146,1,1,0.5,0.6130434782608696,0.6906924854570085,0.8037816623238846,0.6906924854570085,0.8037816623238846
teacher,A,R01,02,256,0,129,127,4,4,0.9841463414634146,1,1,0.5,0.49609375,0.8089788195080265,0.7343879010008658,0.8089788195080265,0.7343879010008658
teacher,A,R01,03,409,0,214,195,4,4,0.9841463414634146,1,1,0.5,0.4767726161369193,0.7410615863886892,0.648766623007304,0.7410615863886892,0.648766623007304
teacher,A,R01,04,191,0,101,90,0,8,0.9841463414634146,1,1,0.4777777777777778,0.46039576547737926,0.7777777777777778,0.7828777975836798,0.7777777777777778,0.7828777975836798
teacher,A,R01,05,290,0,198,92,8,0,0.9841463414634146,1,0,0.5,0.31724137931034485,0.8686868686868686,0.6764705882352942,0.8686868686868686,0.6764705882352942
teacher,A,R01,06,233,0,13,220,0,8,0.9841463414634146,1,1,0.6538461538461539,0.9606986899563319,0.7388111888111888,0.9745579747763153,0.7388111888111888,0.9745579747763153
teacher,A,R01,07,231,0,36,195,0,8,0.9841463414634146,1,1,0.5,0.8441558441558441,0.9003561253561253,0.9684862729423896,0.9003561253561253,0.9684862729423896
teacher,A,R01,08,235,0,41,194,0,8,0.9841463414634146,1,1,0.5,0.825531914893617,0.6582851395524264,0.9007676172624627,0.6582851395524264,0.9007676172624627
teacher,A,R01,09,229,0,229,0,8,0,0.9841463414634146,0,0,,,,,,
teacher,A,R01,10,231,0,231,0,8,0,0.9841463414634146,0,0,,,,,,
teacher,A,R01,11,232,0,232,0,8,0,0.9841463414634146,0,0,,,,,,
teacher,A,R01,12,231,0,231,0,8,0,0.9841463414634146,0,0,,,,,,
teacher,A,R01,13,229,0,229,0,8,0,0.9841463414634146,0,0,,,,,,
teacher,A,R01,14,230,0,230,0,8,0,0.9841463414634146,0,0,,,,,,
teacher,A,R01,15,228,0,228,0,8,0,0.9841463414634146,0,0,,,,,,
teacher,B,R01,01,230,0,89,141,0,8,0.9853658536585366,1,1,0.5,0.6130434782608696,0.6906924854570085,0.8037816623238846,0.6906924854570085,0.8037816623238846
teacher,B,R01,02,256,0,129,127,4,4,0.9853658536585366,1,1,0.5,0.49609375,0.8089788195080265,0.7343879010008658,0.8089788195080265,0.7343879010008658
teacher,B,R01,03,409,0,214,195,4,4,0.9853658536585366,1,1,0.5,0.4767726161369193,0.7410615863886892,0.648766623007304,0.7410615863886892,0.648766623007304
teacher,B,R01,04,191,0,101,90,0,8,0.9853658536585366,1,1,0.5,0.4712041884816754,0.7777777777777778,0.7828777975836798,0.7777777777777778,0.7828777975836798
teacher,B,R01,05,290,0,198,92,8,0,0.9853658536585366,1,0,0.5,0.31724137931034485,0.8686868686868686,0.6764705882352942,0.8686868686868686,0.6764705882352942
teacher,B,R01,06,233,0,13,220,0,8,0.9853658536585366,1,1,0.5,0.944206008583691,0.7388111888111888,0.9745579747763153,0.7388111888111888,0.9745579747763153
teacher,B,R01,07,231,0,36,195,0,8,0.9853658536585366,1,1,0.5,0.8441558441558441,0.9003561253561253,0.9684862729423896,0.9003561253561253,0.9684862729423896
teacher,B,R01,08,235,0,41,194,0,8,0.9853658536585366,1,1,0.5,0.825531914893617,0.6582851395524264,0.9007676172624627,0.6582851395524264,0.9007676172624627
teacher,B,R01,09,229,0,229,0,8,0,0.9853658536585366,0,0,,,,,,
teacher,B,R01,10,231,0,231,0,8,0,0.9853658536585366,0,0,,,,,,
teacher,B,R01,11,232,0,232,0,8,0,0.9853658536585366,0,0,,,,,,
teacher,B,R01,12,231,0,231,0,8,0,0.9853658536585366,0,0,,,,,,
teacher,B,R01,13,229,0,229,0,8,0,0.9853658536585366,0,0,,,,,,
teacher,B,R01,14,230,0,230,0,8,0,0.9853658536585366,0,0,,,,,,
teacher,B,R01,15,228,0,228,0,8,0,0.9853658536585366,0,0,,,,,,
teacher,C_s42,R01,01,230,0,89,141,0,8,0.9853658536585366,1,1,0.5,0.6130434782608696,0.6906924854570085,0.8037816623238846,0.6906924854570085,0.8037816623238846
teacher,C_s42,R01,02,256,0,129,127,4,4,0.9853658536585366,1,1,0.5,0.49609375,0.8089788195080265,0.7343879010008658,0.8089788195080265,0.7343879010008658
teacher,C_s42,R01,03,409,0,214,195,4,4,0.9853658536585366,1,1,0.5,0.4767726161369193,0.7410615863886892,0.648766623007304,0.7410615863886892,0.648766623007304
teacher,C_s42,R01,04,191,0,101,90,0,8,0.9853658536585366,1,1,0.5,0.4712041884816754,0.7777777777777778,0.7828777975836798,0.7777777777777778,0.7828777975836798
teacher,C_s42,R01,05,290,0,198,92,8,0,0.9853658536585366,1,0,0.5,0.31724137931034485,0.8686868686868686,0.6764705882352942,0.8686868686868686,0.6764705882352942
teacher,C_s42,R01,06,233,0,13,220,0,8,0.9853658536585366,1,1,0.5,0.944206008583691,0.7388111888111888,0.9745579747763153,0.7388111888111888,0.9745579747763153
teacher,C_s42,R01,07,231,0,36,195,0,8,0.9853658536585366,1,1,0.5,0.8441558441558441,0.9003561253561253,0.9684862729423896,0.9003561253561253,0.9684862729423896
teacher,C_s42,R01,08,235,0,41,194,0,8,0.9853658536585366,1,1,0.5,0.825531914893617,0.6582851395524264,0.9007676172624627,0.6582851395524264,0.9007676172624627
teacher,C_s42,R01,09,229,0,229,0,8,0,0.9853658536585366,0,0,,,,,,
teacher,C_s42,R01,10,231,0,231,0,8,0,0.9853658536585366,0,0,,,,,,
teacher,C_s42,R01,11,232,0,232,0,8,0,0.9853658536585366,0,0,,,,,,
teacher,C_s42,R01,12,231,0,231,0,8,0,0.9853658536585366,0,0,,,,,,
teacher,C_s42,R01,13,229,0,229,0,8,0,0.9853658536585366,0,0,,,,,,
teacher,C_s42,R01,14,230,0,230,0,8,0,0.9853658536585366,0,0,,,,,,
teacher,C_s42,R01,15,228,0,228,0,8,0,0.9853658536585366,0,0,,,,,,
teacher,D_s42,R01,01,230,0,89,141,0,8,0.975609756097561,1,1,0.5,0.6130434782608696,0.6906924854570085,0.8037816623238846,0.6906924854570085,0.8037816623238846
teacher,D_s42,R01,02,256,0,129,127,4,4,0.975609756097561,1,1,0.5,0.49609375,0.8089788195080265,0.7343879010008658,0.8089788195080265,0.7343879010008658
teacher,D_s42,R01,03,409,0,214,195,4,4,0.975609756097561,1,1,0.5,0.4767726161369193,0.7410615863886892,0.648766623007304,0.7410615863886892,0.648766623007304
teacher,D_s42,R01,04,191,0,101,90,0,8,0.975609756097561,1,1,0.5198019801980198,0.48128342245989303,0.7777777777777778,0.7828777975836798,0.7826182618261827,0.7877947835351485
teacher,D_s42,R01,05,290,0,198,92,8,0,0.975609756097561,1,0,0.5,0.31724137931034485,0.8686868686868686,0.6764705882352942,0.8686868686868686,0.6764705882352942
teacher,D_s42,R01,06,233,0,13,220,0,8,0.975609756097561,1,1,0.5,0.944206008583691,0.7388111888111888,0.9745579747763153,0.7388111888111888,0.9745579747763153
teacher,D_s42,R01,07,231,0,36,195,0,8,0.975609756097561,1,1,0.5,0.8441558441558441,0.9003561253561253,0.9684862729423896,0.9003561253561253,0.9684862729423896
teacher,D_s42,R01,08,235,0,41,194,0,8,0.975609756097561,1,1,0.4896907216494845,0.8225731130754163,0.6582851395524264,0.9007676172624627,0.6555192356047271,0.8998946993633401
teacher,D_s42,R01,09,229,0,229,0,8,0,0.975609756097561,0,0,,,,,,
teacher,D_s42,R01,10,231,0,231,0,8,0,0.975609756097561,0,0,,,,,,
teacher,D_s42,R01,11,232,0,232,0,8,0,0.975609756097561,0,0,,,,,,
teacher,D_s42,R01,12,231,0,231,0,8,0,0.975609756097561,0,0,,,,,,
teacher,D_s42,R01,13,229,0,229,0,8,0,0.975609756097561,0,0,,,,,,
teacher,D_s42,R01,14,230,0,230,0,8,0,0.975609756097561,0,0,,,,,,
teacher,D_s42,R01,15,228,0,228,0,8,0,0.975609756097561,0,0,,,,,,
teacher,C_s43,R01,01,230,0,89,141,0,8,0.9853658536585366,1,1,0.5,0.6130434782608696,0.6906924854570085,0.8037816623238846,0.6906924854570085,0.8037816623238846
teacher,C_s43,R01,02,256,0,129,127,4,4,0.9853658536585366,1,1,0.5,0.49609375,0.8089788195080265,0.7343879010008658,0.8089788195080265,0.7343879010008658
teacher,C_s43,R01,03,409,0,214,195,4,4,0.9853658536585366,1,1,0.5,0.4767726161369193,0.7410615863886892,0.648766623007304,0.7410615863886892,0.648766623007304
teacher,C_s43,R01,04,191,0,101,90,0,8,0.9853658536585366,1,1,0.5,0.4712041884816754,0.7777777777777778,0.7828777975836798,0.7777777777777778,0.7828777975836798
teacher,C_s43,R01,05,290,0,198,92,8,0,0.9853658536585366,1,0,0.5,0.31724137931034485,0.8686868686868686,0.6764705882352942,0.8686868686868686,0.6764705882352942
teacher,C_s43,R01,06,233,0,13,220,0,8,0.9853658536585366,1,1,0.5,0.944206008583691,0.7388111888111888,0.9745579747763153,0.7388111888111888,0.9745579747763153
teacher,C_s43,R01,07,231,0,36,195,0,8,0.9853658536585366,1,1,0.5,0.8441558441558441,0.9003561253561253,0.9684862729423896,0.9003561253561253,0.9684862729423896
teacher,C_s43,R01,08,235,0,41,194,0,8,0.9853658536585366,1,1,0.5,0.825531914893617,0.6582851395524264,0.9007676172624627,0.6582851395524264,0.9007676172624627
teacher,C_s43,R01,09,229,0,229,0,8,0,0.9853658536585366,0,0,,,,,,
teacher,C_s43,R01,10,231,0,231,0,8,0,0.9853658536585366,0,0,,,,,,
teacher,C_s43,R01,11,232,0,232,0,8,0,0.9853658536585366,0,0,,,,,,
teacher,C_s43,R01,12,231,0,231,0,8,0,0.9853658536585366,0,0,,,,,,
teacher,C_s43,R01,13,229,0,229,0,8,0,0.9853658536585366,0,0,,,,,,
teacher,C_s43,R01,14,230,0,230,0,8,0,0.9853658536585366,0,0,,,,,,
teacher,C_s43,R01,15,228,0,228,0,8,0,0.9853658536585366,0,0,,,,,,
teacher,D_s43,R01,01,230,0,89,141,0,8,0.9865853658536585,1,1,0.5,0.6130434782608696,0.6906924854570085,0.8037816623238846,0.6906924854570085,0.8037816623238846
teacher,D_s43,R01,02,256,0,129,127,4,4,0.9865853658536585,1,1,0.5,0.49609375,0.8089788195080265,0.7343879010008658,0.8089788195080265,0.7343879010008658
teacher,D_s43,R01,03,409,0,214,195,4,4,0.9865853658536585,1,1,0.5,0.4767726161369193,0.7410615863886892,0.648766623007304,0.7410615863886892,0.648766623007304
teacher,D_s43,R01,04,191,0,101,90,0,8,0.9865853658536585,1,1,0.5198019801980198,0.48128342245989303,0.7777777777777778,0.7828777975836798,0.7826182618261827,0.7877947835351485
teacher,D_s43,R01,05,290,0,198,92,8,0,0.9865853658536585,1,0,0.5101010101010102,0.32167832167832167,0.8686868686868686,0.6764705882352942,0.8686868686868686,0.6764705882352942
teacher,D_s43,R01,06,233,0,13,220,0,8,0.9865853658536585,1,1,0.5,0.944206008583691,0.7388111888111888,0.9745579747763153,0.7388111888111888,0.9745579747763153
teacher,D_s43,R01,07,231,0,36,195,0,8,0.9865853658536585,1,1,0.5555555555555556,0.8590308370044053,0.9003561253561253,0.9684862729423896,0.9003561253561253,0.9684862729423896
teacher,D_s43,R01,08,235,0,41,194,0,8,0.9865853658536585,1,1,0.5487804878048781,0.8398268398268398,0.6582851395524264,0.9007676172624627,0.6718632134774956,0.9068717952331626
teacher,D_s43,R01,09,229,0,229,0,8,0,0.9865853658536585,0,0,,,,,,
teacher,D_s43,R01,10,231,0,231,0,8,0,0.9865853658536585,0,0,,,,,,
teacher,D_s43,R01,11,232,0,232,0,8,0,0.9865853658536585,0,0,,,,,,
teacher,D_s43,R01,12,231,0,231,0,8,0,0.9865853658536585,0,0,,,,,,
teacher,D_s43,R01,13,229,0,229,0,8,0,0.9865853658536585,0,0,,,,,,
teacher,D_s43,R01,14,230,0,230,0,8,0,0.9865853658536585,0,0,,,,,,
teacher,D_s43,R01,15,228,0,228,0,4,0,0.9865853658536585,0,0,,,,,,
teacher,C_s44,R01,01,230,0,89,141,0,8,0.9853658536585366,1,1,0.5,0.6130434782608696,0.6906924854570085,0.8037816623238846,0.6906924854570085,0.8037816623238846
teacher,C_s44,R01,02,256,0,129,127,4,4,0.9853658536585366,1,1,0.5,0.49609375,0.8089788195080265,0.7343879010008658,0.8089788195080265,0.7343879010008658
teacher,C_s44,R01,03,409,0,214,195,4,4,0.9853658536585366,1,1,0.5,0.4767726161369193,0.7410615863886892,0.648766623007304,0.7410615863886892,0.648766623007304
teacher,C_s44,R01,04,191,0,101,90,0,8,0.9853658536585366,1,1,0.5,0.4712041884816754,0.7777777777777778,0.7828777975836798,0.7777777777777778,0.7828777975836798
teacher,C_s44,R01,05,290,0,198,92,8,0,0.9853658536585366,1,0,0.5,0.31724137931034485,0.8686868686868686,0.6764705882352942,0.8686868686868686,0.6764705882352942
teacher,C_s44,R01,06,233,0,13,220,0,8,0.9853658536585366,1,1,0.5,0.944206008583691,0.7388111888111888,0.9745579747763153,0.7388111888111888,0.9745579747763153
teacher,C_s44,R01,07,231,0,36,195,0,8,0.9853658536585366,1,1,0.5,0.8441558441558441,0.9003561253561253,0.9684862729423896,0.9003561253561253,0.9684862729423896
teacher,C_s44,R01,08,235,0,41,194,0,8,0.9853658536585366,1,1,0.5,0.825531914893617,0.6582851395524264,0.9007676172624627,0.6582851395524264,0.9007676172624627
teacher,C_s44,R01,09,229,0,229,0,8,0,0.9853658536585366,0,0,,,,,,
teacher,C_s44,R01,10,231,0,231,0,8,0,0.9853658536585366,0,0,,,,,,
teacher,C_s44,R01,11,232,0,232,0,8,0,0.9853658536585366,0,0,,,,,,
teacher,C_s44,R01,12,231,0,231,0,8,0,0.9853658536585366,0,0,,,,,,
teacher,C_s44,R01,13,229,0,229,0,8,0,0.9853658536585366,0,0,,,,,,
teacher,C_s44,R01,14,230,0,230,0,8,0,0.9853658536585366,0,0,,,,,,
teacher,C_s44,R01,15,228,0,228,0,8,0,0.9853658536585366,0,0,,,,,,
teacher,D_s44,R01,01,230,0,89,141,0,8,0.9853658536585366,1,1,0.5,0.6130434782608696,0.6906924854570085,0.8037816623238846,0.6906924854570085,0.8037816623238846
teacher,D_s44,R01,02,256,0,129,127,4,4,0.9853658536585366,1,1,0.5,0.49609375,0.8089788195080265,0.7343879010008658,0.8089788195080265,0.7343879010008658
teacher,D_s44,R01,03,409,0,214,195,4,4,0.9853658536585366,1,1,0.5,0.4767726161369193,0.7410615863886892,0.648766623007304,0.7410615863886892,0.648766623007304
teacher,D_s44,R01,04,191,0,101,90,0,8,0.9853658536585366,1,1,0.5198019801980198,0.48128342245989303,0.7777777777777778,0.7828777975836798,0.7826182618261827,0.7877947835351485
teacher,D_s44,R01,05,290,0,198,92,8,0,0.9853658536585366,1,0,0.5101010101010102,0.32167832167832167,0.8686868686868686,0.6764705882352942,0.8686868686868686,0.6764705882352942
teacher,D_s44,R01,06,233,0,13,220,0,8,0.9853658536585366,1,1,0.5,0.944206008583691,0.7388111888111888,0.9745579747763153,0.7388111888111888,0.9745579747763153
teacher,D_s44,R01,07,231,0,36,195,0,8,0.9853658536585366,1,1,0.5,0.8441558441558441,0.9003561253561253,0.9684862729423896,0.9003561253561253,0.9684862729423896
teacher,D_s44,R01,08,235,0,41,194,0,8,0.9853658536585366,1,1,0.5394769927080714,0.8370625998129518,0.6582851395524264,0.9007676172624627,0.6690973095297963,0.9059988773340399
teacher,D_s44,R01,09,229,0,229,0,8,0,0.9853658536585366,0,0,,,,,,
teacher,D_s44,R01,10,231,0,231,0,8,0,0.9853658536585366,0,0,,,,,,
teacher,D_s44,R01,11,232,0,232,0,8,0,0.9853658536585366,0,0,,,,,,
teacher,D_s44,R01,12,231,0,231,0,8,0,0.9853658536585366,0,0,,,,,,
teacher,D_s44,R01,13,229,0,229,0,8,0,0.9853658536585366,0,0,,,,,,
teacher,D_s44,R01,14,230,0,230,0,8,0,0.9853658536585366,0,0,,,,,,
teacher,D_s44,R01,15,228,0,228,0,4,0,0.9853658536585366,0,0,,,,,,
teacher,A,R02,01,583,0,583,0,8,0,0.9711105895595072,0,0,,,,,,
teacher,A,R02,02,595,0,595,0,4,0,0.9711105895595072,0,0,,,,,,
teacher,A,R02,03,573,0,277,296,0,24,0.9711105895595072,1,1,1.0,1.0,0.5115621036198654,0.5603553368870622,0.8296419162845156,0.8647153416260699
teacher,A,R02,04,578,0,284,294,0,16,0.9711105895595072,1,1,0.9894366197183098,0.9820379424592582,0.5305164319248827,0.5468186444713127,0.8387228130688895,0.8607774236644447
teacher,A,R02,05,583,0,279,304,0,16,0.9711105895595072,1,1,0.996215336728919,0.9938716208902408,0.5446319090737597,0.5798693384467427,0.6998915299000189,0.7787218515354872
teacher,A,R02,06,604,0,298,306,0,16,0.9711105895595072,1,1,0.9874764223362723,0.9705691178407677,0.5312321796727639,0.5674972457474948,0.6868228275650305,0.7657151770256555
teacher,A,R02,07,536,0,422,114,0,0,0.9711105895595072,1,0,0.8242703916188575,0.46060315440359556,0.1813835536709071,0.2007298119512618,0.1918599817078241,0.18244735941784473
teacher,A,R02,08,784,0,590,194,0,0,0.9711105895595072,4,0,0.4903372357155338,0.2535193218964685,0.6375851825965403,0.3157652064262131,0.6582736327101171,0.30681742706257265
teacher,A,R02,09,853,0,701,152,0,0,0.9711105895595072,2,0,0.6596215932127036,0.2432656752505901,0.6984758615511676,0.27463945789561384,0.7973571589458669,0.4255138886263399
teacher,A,R02,10,612,0,300,312,4,0,0.9711105895595072,1,0,0.6051282051282051,0.5395532270705308,0.4338461538461538,0.4822387968032251,0.4741025641025641,0.5013640956967144
teacher,A,R02,11,590,0,350,240,4,0,0.9711105895595072,1,0,0.6224047619047619,0.45274007448075637,0.23714285714285716,0.40955631399317405,0.23259523809523808,0.2916006000216622
teacher,A,R02,12,0,806,0,0,0,0,0.9711105895595072,0,0,,,,,,
teacher,A,R02,13,0,609,0,0,0,0,0.9711105895595072,0,0,,,,,,
teacher,A,R02,14,0,497,0,0,0,0,0.9711105895595072,0,0,,,,,,
teacher,A,R02,15,815,0,415,400,0,0,0.9711105895595072,2,0,0.26318072289156624,0.36086937783097656,0.9386746987951807,0.9469706096034778,0.9303734939759036,0.9141514895099293
teacher,B,R02,01,583,0,583,0,4,0,0.9738723872387238,0,0,,,,,,
teacher,B,R02,02,595,0,595,0,4,0,0.9738723872387238,0,0,,,,,,
teacher,B,R02,03,573,0,277,296,0,24,0.9738723872387238,1,1,1.0,1.0,0.5115621036198654,0.5603553368870622,0.8187140208800858,0.8662258228740942
teacher,B,R02,04,578,0,284,294,0,16,0.9738723872387238,1,1,0.9985867586471209,0.9987937684056594,0.5305164319248827,0.5468186444713127,0.8082063811440069,0.8506019020677807
teacher,B,R02,05,583,0,279,304,0,16,0.9738723872387238,1,1,0.9948005093378607,0.9891449779267534,0.5446319090737597,0.5798693384467427,0.7032163742690059,0.7869562051538416
teacher,B,R02,06,604,0,298,306,0,16,0.9738723872387238,1,1,0.9933105233144711,0.9891280453810671,0.5312321796727639,0.5674972457474948,0.6855068649383692,0.7545536863524159
teacher,B,R02,07,536,0,422,114,0,0,0.9738723872387238,1,0,0.7676477924669494,0.36522494079059553,0.1813835536709071,0.2007298119512618,0.23950278539951772,0.1869157743631586
teacher,B,R02,08,784,0,590,194,0,0,0.9738723872387238,4,0,0.43807443648436134,0.20746919840784805,0.6375851825965403,0.3157652064262131,0.5886947405207059,0.2635001289073262
teacher,B,R02,09,853,0,701,152,0,0,0.9738723872387238,2,0,0.6932952924393724,0.2713159740517442,0.6984758615511676,0.27463945789561384,0.76910804114423,0.40381100523648894
teacher,B,R02,10,612,0,300,312,4,0,0.9738723872387238,1,0,0.48085470085470083,0.48056503581410615,0.4338461538461538,0.4822387968032251,0.43205128205128207,0.45915265187897814
teacher,B,R02,11,590,0,350,240,4,0,0.9738723872387238,1,0,0.06854761904761905,0.25344475991880927,0.23714285714285716,0.40955631399317405,0.07102380952380952,0.2537272516884277
teacher,B,R02,12,0,806,0,0,0,0,0.9738723872387238,0,0,,,,,,
teacher,B,R02,13,0,609,0,0,0,0,0.9738723872387238,0,0,,,,,,
teacher,B,R02,14,0,497,0,0,0,0,0.9738723872387238,0,0,,,,,,
teacher,B,R02,15,815,0,415,400,0,0,0.9738723872387238,2,0,0.43322891566265065,0.4252028328952533,0.9386746987951807,0.9469706096034778,0.9299156626506023,0.9121396577041555
teacher,C_s42,R02,01,583,0,583,0,4,0,0.9738723872387238,0,0,,,,,,
teacher,C_s42,R02,02,595,0,595,0,4,0,0.9738723872387238,0,0,,,,,,
teacher,C_s42,R02,03,573,0,277,296,0,24,0.9738723872387238,1,1,1.0,1.0,0.5115621036198654,0.5603553368870622,0.801541613815982,0.8535602857977529
teacher,C_s42,R02,04,578,0,284,294,0,16,0.9738723872387238,1,1,0.998778384593274,0.9989305813481638,0.5305164319248827,0.5468186444713127,0.8044696751940212,0.8490804779881179
teacher,C_s42,R02,05,583,0,279,304,0,16,0.9738723872387238,1,1,0.9947061875117902,0.988468077134937,0.5446319090737597,0.5798693384467427,0.6988304093567251,0.7771997624953038
teacher,C_s42,R02,06,604,0,298,306,0,16,0.9738723872387238,1,1,0.9954160635171294,0.9915250985684422,0.5312321796727639,0.5674972457474948,0.6907268500241259,0.7611448682150357
teacher,C_s42,R02,07,536,0,422,114,0,0,0.9738723872387238,1,0,0.6912363848008647,0.30958790457132646,0.1813835536709071,0.2007298119512618,0.23334996258418558,0.17736781942548413
teacher,C_s42,R02,08,784,0,590,194,0,0,0.9738723872387238,4,0,0.47174558797833305,0.21846504860563043,0.6375851825965403,0.3157652064262131,0.5971343700856194,0.26970681762220783
teacher,C_s42,R02,09,853,0,701,152,0,0,0.9738723872387238,2,0,0.7128725880321346,0.2851501887444729,0.6984758615511676,0.27463945789561384,0.7664989864103913,0.3763577479436871
teacher,C_s42,R02,10,612,0,300,312,4,0,0.9738723872387238,1,0,0.5379487179487179,0.5341110419535877,0.4338461538461538,0.4822387968032251,0.45128205128205123,0.47481582718791737
teacher,C_s42,R02,11,590,0,350,240,4,0,0.9738723872387238,1,0,0.05240476190476191,0.2489715045901144,0.23714285714285716,0.40955631399317405,0.05164285714285715,0.2489549777808205
teacher,C_s42,R02,12,0,806,0,0,0,0,0.9738723872387238,0,0,,,,,,
teacher,C_s42,R02,13,0,609,0,0,0,0,0.9738723872387238,0,0,,,,,,
teacher,C_s42,R02,14,0,497,0,0,0,0,0.9738723872387238,0,0,,,,,,
teacher,C_s42,R02,15,815,0,415,400,0,0,0.9738723872387238,2,0,0.5775903614457831,0.5080758268489021,0.9386746987951807,0.9469706096034778,0.9334096385542168,0.9162458773560856
teacher,D_s42,R02,01,583,0,583,0,4,0,0.9794829482948295,0,0,,,,,,
teacher,D_s42,R02,02,595,0,595,0,4,0,0.9794829482948295,0,0,,,,,,
teacher,D_s42,R02,03,573,0,277,296,0,16,0.9794829482948295,1,1,1.0,1.0,0.5115621036198654,0.5603553368870622,0.7562689042833447,0.8220787810510748
teacher,D_s42,R02,04,578,0,284,294,0,12,0.9794829482948295,1,1,0.9980597872951998,0.9978286684204762,0.5305164319248827,0.5468186444713127,0.7557487783845933,0.8020339534447057
teacher,D_s42,R02,05,583,0,279,304,0,12,0.9794829482948295,1,1,0.9949537823052255,0.991724932645629,0.5446319090737597,0.5798693384467427,0.747594793435201,0.8023122314796185
teacher,D_s42,R02,06,604,0,298,306,0,16,0.9794829482948295,1,1,0.9823880335131816,0.9648661547526357,0.5312321796727639,0.5674972457474948,0.7197657586524543,0.7572651965446338
teacher,D_s42,R02,07,536,0,422,114,0,0,0.9794829482948295,1,0,0.6035170865552506,0.2918782580017479,0.1813835536709071,0.2007298119512618,0.23617693522906794,0.21073584474999058
teacher,D_s42,R02,08,784,0,590,194,0,0,0.9794829482948295,4,0,0.22184169142058363,0.16087369964936704,0.6375851825965403,0.3157652064262131,0.4477197274156911,0.21127516680111738
teacher,D_s42,R02,09,853,0,701,152,0,0,0.9794829482948295,2,0,0.669062992717171,0.2713948110248977,0.6984758615511676,0.27463945789561384,0.7478977400705759,0.33820605035212925
teacher,D_s42,R02,10,612,0,300,312,4,0,0.9794829482948295,1,0,0.5323931623931624,0.5079583308692374,0.4338461538461538,0.4822387968032251,0.4584615384615384,0.4718147388100684
teacher,D_s42,R02,11,590,0,350,240,4,0,0.9794829482948295,1,0,0.07838095238095237,0.251883757336884,0.23714285714285716,0.40955631399317405,0.07514285714285715,0.2523441776720234
teacher,D_s42,R02,12,0,806,0,0,0,0,0.9794829482948295,0,0,,,,,,
teacher,D_s42,R02,13,0,609,0,0,0,0,0.9794829482948295,0,0,,,,,,
teacher,D_s42,R02,14,0,497,0,0,0,0,0.9794829482948295,0,0,,,,,,
teacher,D_s42,R02,15,815,0,415,400,0,0,0.9794829482948295,2,0,0.42450602409638555,0.4263319112106807,0.9386746987951807,0.9469706096034778,0.8718433734939758,0.8543178169368804
teacher,C_s43,R02,01,583,0,583,0,4,0,0.9733223322332234,0,0,,,,,,
teacher,C_s43,R02,02,595,0,595,0,4,0,0.9733223322332234,0,0,,,,,,
teacher,C_s43,R02,03,573,0,277,296,0,24,0.9733223322332234,1,1,1.0,1.0,0.5115621036198654,0.5603553368870622,0.7968582300712265,0.849017838235739
teacher,C_s43,R02,04,578,0,284,294,0,16,0.9733223322332234,1,1,0.9988741975663504,0.9990014455369459,0.5305164319248827,0.5468186444713127,0.8046613011401744,0.8492008263912244
teacher,C_s43,R02,05,583,0,279,304,0,16,0.9733223322332234,1,1,0.9948476702508962,0.9886374987707152,0.5446319090737597,0.5798693384467427,0.6989247311827957,0.779851184219882
teacher,C_s43,R02,06,604,0,298,306,0,16,0.9733223322332234,1,1,0.9948019476246874,0.9906248993678485,0.5312321796727639,0.5674972457474948,0.6904636574987937,0.7611264735205342
teacher,C_s43,R02,07,536,0,422,114,0,0,0.9733223322332234,1,0,0.6870790720878025,0.30782706683256744,0.1813835536709071,0.2007298119512618,0.23734098278872537,0.187436408051005
teacher,C_s43,R02,08,784,0,590,194,0,0,0.9733223322332234,4,0,0.4831731609295824,0.22304908713990731,0.6375851825965403,0.3157652064262131,0.5979905643893063,0.27082296740544
teacher,C_s43,R02,09,853,0,701,152,0,0,0.9733223322332234,2,0,0.7103949245438846,0.279909970533712,0.6984758615511676,0.27463945789561384,0.7657669494706809,0.37776354161283754
teacher,C_s43,R02,10,612,0,300,312,4,0,0.9733223322332234,1,0,0.5195726495726496,0.5174287590429606,0.4338461538461538,0.4822387968032251,0.44666666666666666,0.4720865503663355
teacher,C_s43,R02,11,590,0,350,240,4,0,0.9733223322332234,1,0,0.05416666666666669,0.24948129172694883,0.23714285714285716,0.40955631399317405,0.05378571428571431,0.24947220044388493
teacher,C_s43,R02,12,0,806,0,0,0,0,0.9733223322332234,0,0,,,,,,
teacher,C_s43,R02,13,0,609,0,0,0,0,0.9733223322332234,0,0,,,,,,
teacher,C_s43,R02,14,0,497,0,0,0,0,0.9733223322332234,0,0,,,,,,
teacher,C_s43,R02,15,815,0,415,400,2,2,0.9733223322332234,2,1,0.5572530120481927,0.4908799530881142,0.9386746987951807,0.9469706096034778,0.9328313253012048,0.9153922556354701
teacher,D_s43,R02,01,583,0,583,0,4,0,0.9749258001875161,0,0,,,,,,
teacher,D_s43,R02,02,595,0,595,0,8,0,0.9749258001875161,0,0,,,,,,
teacher,D_s43,R02,03,573,0,277,296,0,24,0.9749258001875161,1,1,1.0,1.0,0.5115621036198654,0.5603553368870622,0.7820275148795005,0.8337694391852675
teacher,D_s43,R02,04,578,0,284,294,0,16,0.9749258001875161,1,1,0.9985388521605826,0.9983577132161925,0.5305164319248827,0.5468186444713127,0.7743364951614449,0.8148777099787621
teacher,D_s43,R02,05,583,0,279,304,0,12,0.9749258001875161,1,1,0.9948594604791549,0.9905850218496626,0.5446319090737597,0.5798693384467427,0.7391529900018865,0.7968847777825874
teacher,D_s43,R02,06,604,0,298,306,0,16,0.9749258001875161,1,1,0.9812036671491863,0.9613726253662042,0.5312321796727639,0.5674972457474948,0.7323112690266262,0.7797585397804798
teacher,D_s43,R02,07,536,0,422,114,0,0,0.9749258001875161,1,0,0.6655441922341397,0.30069411932969037,0.1813835536709071,0.2007298119512618,0.24981292092791219,0.1965974476920601
teacher,D_s43,R02,08,784,0,590,194,0,0,0.9749258001875161,4,0,0.25876288659793817,0.16588553018164082,0.6375851825965403,0.3157652064262131,0.456211777040014,0.2126204131499876
teacher,D_s43,R02,09,853,0,701,152,0,0,0.9749258001875161,2,0,0.6319543509272468,0.23831067355854918,0.6984758615511676,0.27463945789561384,0.7308544184998874,0.34886337385210725
teacher,D_s43,R02,10,612,0,300,312,4,0,0.9749258001875161,1,0,0.5557264957264957,0.5119281959316152,0.4338461538461538,0.4822387968032251,0.4635897435897436,0.4668272614107766
teacher,D_s43,R02,11,590,0,350,240,4,0,0.9749258001875161,1,0,0.24178571428571427,0.28740699870630826,0.23714285714285716,0.40955631399317405,0.17750000000000002,0.2754475343445652
teacher,D_s43,R02,12,0,806,0,0,0,0,0.9749258001875161,0,0,,,,,,
teacher,D_s43,R02,13,0,609,0,0,0,0,0.9749258001875161,0,0,,,,,,
teacher,D_s43,R02,14,0,497,0,0,0,0,0.9749258001875161,0,0,,,,,,
teacher,D_s43,R02,15,815,0,415,400,0,0,0.9749258001875161,2,0,0.4518072289156626,0.43661626673108483,0.9386746987951807,0.9469706096034778,0.8756506024096388,0.8595200392436155
teacher,C_s44,R02,01,583,0,583,0,4,0,0.9738723872387238,0,0,,,,,,
teacher,C_s44,R02,02,595,0,595,0,4,0,0.9738723872387238,0,0,,,,,,
teacher,C_s44,R02,03,573,0,277,296,0,24,0.9738723872387238,1,1,1.0,1.0,0.5115621036198654,0.5603553368870622,0.801541613815982,0.8535602857977529
teacher,C_s44,R02,04,578,0,284,294,0,16,0.9738723872387238,1,1,0.9987783845932738,0.9989305813481638,0.5305164319248827,0.5468186444713127,0.8083021941170835,0.8506628428196722
teacher,C_s44,R02,05,583,0,279,304,0,16,0.9738723872387238,1,1,0.9949419920769667,0.9889160486060279,0.5446319090737597,0.5798693384467427,0.698971892095831,0.7785020484045173
teacher,C_s44,R02,06,604,0,298,306,0,16,0.9738723872387238,1,1,0.9959424485677939,0.9925708502024291,0.5312321796727639,0.5674972457474948,0.6914286967583454,0.7619505412758754
teacher,C_s44,R02,07,536,0,422,114,0,0,0.9738723872387238,1,0,0.7011307890579529,0.315316946192515,0.1813835536709071,0.2007298119512618,0.23509603392367173,0.17852035940073538
teacher,C_s44,R02,08,784,0,590,194,0,0,0.9738723872387238,4,0,0.46356805871046647,0.21514131870494596,0.6375851825965403,0.3157652064262131,0.5940590599336013,0.2680485071814852
teacher,C_s44,R02,09,853,0,701,152,0,0,0.9738723872387238,2,0,0.7165140025527443,0.2871448343272914,0.6984758615511676,0.27463945789561384,0.7678692094001052,0.3763624594476003
teacher,C_s44,R02,10,612,0,300,312,4,0,0.9738723872387238,1,0,0.5326495726495726,0.5270511090889033,0.4338461538461538,0.4822387968032251,0.4504273504273505,0.4746045505233869
teacher,C_s44,R02,11,590,0,350,240,4,0,0.9738723872387238,1,0,0.05711904761904763,0.25075529420549714,0.23714285714285716,0.40955631399317405,0.05711904761904763,0.25075529420549714
teacher,C_s44,R02,12,0,806,0,0,0,0,0.9738723872387238,0,0,,,,,,
teacher,C_s44,R02,13,0,609,0,0,0,0,0.9738723872387238,0,0,,,,,,
teacher,C_s44,R02,14,0,497,0,0,0,0,0.9738723872387238,0,0,,,,,,
teacher,C_s44,R02,15,815,0,415,400,2,2,0.9738723872387238,2,1,0.5668192771084337,0.49900799525415385,0.9386746987951807,0.9469706096034778,0.933602409638554,0.9158305198603385
teacher,D_s44,R02,01,583,0,583,0,4,0,0.9741474147414741,0,0,,,,,,
teacher,D_s44,R02,02,595,0,595,0,4,0,0.9741474147414741,0,0,,,,,,
teacher,D_s44,R02,03,573,0,277,296,0,24,0.9741474147414741,1,1,1.0,1.0,0.5115621036198654,0.5603553368870622,0.7898331544540931,0.8423750958785332
teacher,D_s44,R02,04,578,0,284,294,0,16,0.9741474147414741,1,1,0.9974849094567404,0.9975870668400959,0.5305164319248827,0.5468186444713127,0.7628389383922584,0.810323908833916
teacher,D_s44,R02,05,583,0,279,304,0,12,0.9741474147414741,1,1,0.995118845500849,0.9913194841176948,0.5446319090737597,0.5798693384467427,0.7355687606112055,0.7956564142884199
teacher,D_s44,R02,06,604,0,298,306,0,16,0.9741474147414741,1,1,0.9819055138834057,0.9660353828010515,0.5312321796727639,0.5674972457474948,0.7157740053515814,0.7748411871642203
teacher,D_s44,R02,07,536,0,422,114,0,0,0.9741474147414741,1,0,0.651409329009728,0.2902495463508879,0.1813835536709071,0.2007298119512618,0.23135445248191566,0.25566103284642083
teacher,D_s44,R02,08,784,0,590,194,0,0,0.9741474147414741,4,0,0.2965053293727066,0.17413435950705242,0.6375851825965403,0.3157652064262131,0.44730036694041586,0.2098875289847755
teacher,D_s44,R02,09,853,0,701,152,0,0,0.9741474147414741,2,0,0.5891677303100834,0.2438222319632707,0.6984758615511676,0.27463945789561384,0.7391696073278775,0.33179780227881245
teacher,D_s44,R02,10,612,0,300,312,4,0,0.9741474147414741,1,0,0.5500854700854702,0.519800446340344,0.4338461538461538,0.4822387968032251,0.47256410256410264,0.4773504966286335
teacher,D_s44,R02,11,590,0,350,240,4,0,0.9741474147414741,1,0,0.17273809523809525,0.27019743862902407,0.23714285714285716,0.40955631399317405,0.12364285714285712,0.2625947816755492
teacher,D_s44,R02,12,0,806,0,0,0,0,0.9741474147414741,0,0,,,,,,
teacher,D_s44,R02,13,0,609,0,0,0,0,0.9741474147414741,0,0,,,,,,
teacher,D_s44,R02,14,0,497,0,0,0,0,0.9741474147414741,0,0,,,,,,
teacher,D_s44,R02,15,815,0,415,400,0,0,0.9741474147414741,2,0,0.26780722891566267,0.36262648496358796,0.9386746987951807,0.9469706096034778,0.8105180722891566,0.815669421692337
teacher,A,R03,01,720,0,0,720,0,348,0.9964438122332859,1,1,,0.9999999999999998,,1.0,,0.9999999999999998
teacher,A,R03,02,676,0,0,676,0,20,0.9964438122332859,1,1,,1.0000000000000002,,1.0,,1.0
teacher,A,R03,03,674,0,0,674,0,8,0.9964438122332859,1,1,,0.9999999999999999,,1.0,,1.0000000000000002
teacher,A,R03,04,683,0,0,683,0,32,0.9964438122332859,1,1,,1.0,,1.0,,1.0
teacher,A,R03,05,574,0,515,59,12,0,0.9964438122332859,1,0,0.45244363995392456,0.14093347597470635,0.2552410728978115,0.09418913604404669,0.44507158137238767,0.12952085592360224
teacher,A,R03,06,582,0,131,451,0,54,0.9964438122332859,1,1,0.49896751916859905,0.8237981567763389,0.3454494676799648,0.7278280516680087,0.5087845500245425,0.8287536487169908
teacher,A,R03,07,686,0,269,417,0,34,0.9964438122332859,1,1,0.5940778975332746,0.718893767707254,0.4908979879293592,0.6051865535095509,0.5940778975332746,0.7188937677072539
teacher,A,R03,08,695,0,290,405,13,75,0.9964438122332859,1,1,0.4642017879948915,0.6624541739345196,0.16225202213707962,0.538388371854173,0.46132396764580674,0.6416695889622184
teacher,A,R03,09,712,0,620,92,8,8,0.9964438122332859,1,1,0.9653576437587658,0.6897521038825387,0.7709677419354839,0.25555555555555554,0.9628330995792427,0.6807021781951113
teacher,A,R03,10,647,0,445,202,4,44,0.9964438122332859,1,1,0.7393981532984759,0.5621255877597251,0.36531872288352435,0.4953205403412248,0.7426910668594949,0.5972516991635122
teacher,A,R03,11,706,0,490,216,0,34,0.9964438122332859,1,1,0.885355253212396,0.7145534794840476,0.36320861678004535,0.4992339278148061,0.8784769463340892,0.7011952321245165
teacher,A,R03,12,841,0,670,171,4,0,0.9964438122332859,2,0,0.4137339617700968,0.16637880996299076,0.7992537313432836,0.4033018867924528,0.4134546565418521,0.1662877334974293
teacher,A,R03,13,766,0,664,102,92,8,0.9964438122332859,1,1,0.5588530592960076,0.22663475508496597,0.07981927710843373,0.13385826771653545,0.4404972832506497,0.11468830756952714
teacher,A,R03,14,908,0,780,128,176,0,0.9964438122332859,2,0,0.5214342948717948,0.15434667928979548,0.15945512820512817,0.11421813719328239,0.4142027243589743,0.11648580499089257
teacher,A,R03,15,692,0,620,72,4,24,0.9964438122332859,1,1,0.7218637992831543,0.48138450843246083,0.9449820788530466,0.8477782189175498,0.7580645161290323,0.4854758948358103
teacher,A,R03,16,730,0,730,0,96,0,0.9964438122332859,0,0,,,,,,
teacher,A,R03,17,713,0,713,0,221,0,0.9964438122332859,0,0,,,,,,
teacher,B,R03,01,720,0,0,720,0,292,0.9964438122332859,1,1,,1.0,,1.0,,1.0
teacher,B,R03,02,676,0,0,676,0,72,0.9964438122332859,1,1,,0.9999999999999999,,1.0,,1.0
teacher,B,R03,03,674,0,0,674,0,8,0.9964438122332859,1,1,,1.0,,1.0,,1.0
teacher,B,R03,04,683,0,0,683,0,16,0.9964438122332859,1,1,,1.0,,1.0,,1.0
teacher,B,R03,05,574,0,515,59,8,0,0.9964438122332859,1,0,0.7125061708079645,0.26180244086276033,0.2552410728978115,0.09418913604404669,0.6939443804508804,0.20074691736793354
teacher,B,R03,06,582,0,131,451,0,34,0.9964438122332859,1,1,0.9271931754709637,0.9807476216069708,0.3454494676799648,0.7278280516680087,0.9271931754709637,0.9807476216069708
teacher,B,R03,07,686,0,269,417,0,22,0.9964438122332859,1,1,0.7870298556693678,0.8506901631042386,0.4908979879293592,0.6051865535095509,0.7870298556693678,0.8506901631042386
teacher,B,R03,08,695,0,290,405,13,27,0.9964438122332859,1,1,0.6273605789697744,0.6880378982649473,0.16225202213707962,0.538388371854173,0.6454874414644529,0.68105333927317
teacher,B,R03,09,712,0,620,92,0,0,0.9964438122332859,1,0,0.9760168302945301,0.7526344058362976,0.7709677419354839,0.25555555555555554,0.964516129032258,0.6778240066569586
teacher,B,R03,10,647,0,445,202,0,40,0.9964438122332859,1,1,0.9696128601624208,0.9177976481513261,0.36531872288352435,0.4953205403412248,0.9630715318722882,0.8933270935412991
teacher,B,R03,11,706,0,490,216,0,26,0.9964438122332859,1,1,0.7729213907785337,0.5739980955471405,0.36320861678004535,0.4992339278148061,0.7681594860166289,0.5624805173012181
teacher,B,R03,12,841,0,670,171,0,0,0.9964438122332859,2,0,0.2464301300514969,0.13878135812920842,0.7992537313432836,0.4033018867924528,0.2464301300514969,0.13878135812920844
teacher,B,R03,13,766,0,664,102,106,0,0.9964438122332859,1,0,0.6978797543113631,0.23966089270182844,0.07981927710843373,0.13385826771653545,0.5788152610441767,0.15486615212929897
teacher,B,R03,14,908,0,780,128,168,4,0.9964438122332859,2,1,0.5349559294871795,0.1703071470443819,0.15945512820512817,0.11421813719328239,0.4260817307692307,0.11748855165425748
teacher,B,R03,15,692,0,620,72,0,24,0.9964438122332859,1,1,0.6508960573476702,0.4495393659387975,0.9449820788530466,0.8477782189175498,0.7905017921146953,0.5198280340924688
teacher,B,R03,16,730,0,730,0,32,0,0.9964438122332859,0,0,,,,,,
teacher,B,R03,17,713,0,713,0,48,0,0.9964438122332859,0,0,,,,,,
teacher,C_s42,R03,01,720,0,0,720,0,164,0.9950213371266002,1,1,,0.9999999999999999,,1.0,,0.9999999999999999
teacher,C_s42,R03,02,676,0,0,676,0,72,0.9950213371266002,1,1,,1.0,,1.0,,1.0
teacher,C_s42,R03,03,674,0,0,674,0,4,0.9950213371266002,1,1,,1.0,,1.0,,1.0
teacher,C_s42,R03,04,683,0,0,683,0,16,0.9950213371266002,1,1,,1.0,,1.0,,1.0
teacher,C_s42,R03,05,574,0,515,59,8,0,0.9950213371266002,1,0,0.5860622017442818,0.25374628693067913,0.2552410728978115,0.09418913604404669,0.5727661675168668,0.17940084975769433
teacher,C_s42,R03,06,582,0,131,451,0,44,0.9950213371266002,1,1,0.9002471183629255,0.9699166500158907,0.3454494676799648,0.7278280516680087,0.9002471183629255,0.9699166500158907
teacher,C_s42,R03,07,686,0,269,417,0,10,0.9950213371266002,1,1,0.7016260597469979,0.7857527502022361,0.4908979879293592,0.6051865535095509,0.7016260597469979,0.7857527502022362
teacher,C_s42,R03,08,695,0,290,405,13,55,0.9950213371266002,1,1,0.5354406130268199,0.6666085786394953,0.16225202213707962,0.538388371854173,0.5369816943380162,0.6451428946040597
teacher,C_s42,R03,09,712,0,620,92,4,0,0.9950213371266002,1,0,0.9677419354838709,0.6989247311827956,0.7709677419354839,0.25555555555555554,0.9566619915848528,0.6455970010725188
teacher,C_s42,R03,10,647,0,445,202,0,40,0.9950213371266002,1,1,0.9634275225275336,0.8890374776716568,0.36531872288352435,0.4953205403412248,0.9593781288241184,0.8826171399765346
teacher,C_s42,R03,11,706,0,490,216,0,26,0.9950213371266002,1,1,0.8257180650037793,0.6230072858520735,0.36320861678004535,0.4992339278148061,0.820124716553288,0.6089946206217444
teacher,C_s42,R03,12,841,0,670,171,0,0,0.9950213371266002,2,0,0.34261586802827965,0.15258572893719494,0.7992537313432836,0.4033018867924528,0.3420921707253208,0.15254735492862095
teacher,C_s42,R03,13,766,0,664,102,104,0,0.9950213371266002,1,0,0.6542936451689109,0.2262413393391467,0.07981927710843373,0.13385826771653545,0.5333392393101819,0.14475082268469347
teacher,C_s42,R03,14,908,0,780,128,168,4,0.9950213371266002,2,1,0.43477564102564104,0.15365879150696882,0.15945512820512817,0.11421813719328239,0.3339543269230769,0.10214769029617721
teacher,C_s42,R03,15,692,0,620,72,0,20,0.9950213371266002,1,1,0.6526881720430108,0.43018884300906474,0.9449820788530466,0.8477782189175498,0.78584229390681,0.4841514387302819
teacher,C_s42,R03,16,730,0,730,0,20,0,0.9950213371266002,0,0,,,,,,
teacher,C_s42,R03,17,713,0,713,0,36,0,0.9950213371266002,0,0,,,,,,
teacher,D_s42,R03,01,720,0,0,720,0,192,0.9950213371266002,1,1,,1.0,,1.0,,1.0
teacher,D_s42,R03,02,676,0,0,676,0,12,0.9950213371266002,1,1,,1.0,,1.0,,1.0
teacher,D_s42,R03,03,674,0,0,674,0,0,0.9950213371266002,1,0,,0.9999999999999999,,1.0,,0.9999999999999999
teacher,D_s42,R03,04,683,0,0,683,0,8,0.9950213371266002,1,1,,1.0,,1.0,,1.0
teacher,D_s42,R03,05,574,0,515,59,8,0,0.9950213371266002,1,0,0.4985190060885305,0.203325221923676,0.2552410728978115,0.09418913604404669,0.4870659865064999,0.1617002251873658
teacher,D_s42,R03,06,582,0,131,451,0,20,0.9950213371266002,1,1,0.7150776053215078,0.8717359666567613,0.3454494676799648,0.7278280516680087,0.7195121951219512,0.8737322940239712
teacher,D_s42,R03,07,686,0,269,417,0,4,0.9950213371266002,1,1,0.7440070248633807,0.7944414617559683,0.4908979879293592,0.6051865535095509,0.7440070248633807,0.7944414617559684
teacher,D_s42,R03,08,695,0,290,405,17,59,0.9950213371266002,1,1,0.780336313324819,0.8132633542495358,0.16225202213707962,0.538388371854173,0.7540953597275436,0.7703323486566094
teacher,D_s42,R03,09,712,0,620,92,28,92,0.9950213371266002,1,1,0.9774193548387097,0.7666666666666667,0.7709677419354839,0.25555555555555554,0.9774193548387097,0.7666666666666667
teacher,D_s42,R03,10,647,0,445,202,0,44,0.9950213371266002,1,1,0.9565190788741795,0.8809312195210793,0.36531872288352435,0.4953205403412248,0.9564078317944154,0.8833979299169826
teacher,D_s42,R03,11,706,0,490,216,0,22,0.9950213371266002,1,1,0.3870559334845049,0.3559098948425599,0.36320861678004535,0.4992339278148061,0.388567649281935,0.35713018271738645
teacher,D_s42,R03,12,841,0,670,171,0,0,0.9950213371266002,2,0,0.5651959500741904,0.21033566190723,0.7992537313432836,0.4033018867924528,0.5651959500741904,0.21033566190723002
teacher,D_s42,R03,13,766,0,664,102,92,0,0.9950213371266002,1,0,0.6630935506732814,0.3490768453333236,0.07981927710843373,0.13385826771653545,0.5409579494448382,0.17979405557321348
teacher,D_s42,R03,14,908,0,780,128,168,0,0.9950213371266002,2,0,0.4767027243589743,0.15149370129488582,0.15945512820512817,0.11421813719328239,0.33896233974358975,0.11601403260360722
teacher,D_s42,R03,15,692,0,620,72,0,20,0.9950213371266002,1,1,0.46415770609318996,0.396417675584126,0.9449820788530466,0.8477782189175498,0.5946236559139785,0.40688844421985615
teacher,D_s42,R03,16,730,0,730,0,52,0,0.9950213371266002,0,0,,,,,,
teacher,D_s42,R03,17,713,0,713,0,40,0,0.9950213371266002,0,0,,,,,,
teacher,C_s43,R03,01,720,0,0,720,0,172,0.9950213371266002,1,1,,1.0000000000000002,,1.0,,1.0000000000000002
teacher,C_s43,R03,02,676,0,0,676,0,72,0.9950213371266002,1,1,,1.0,,1.0,,1.0
teacher,C_s43,R03,03,674,0,0,674,0,0,0.9950213371266002,1,0,,0.9999999999999999,,1.0,,1.0
teacher,C_s43,R03,04,683,0,0,683,0,20,0.9950213371266002,1,1,,1.0,,1.0,,1.0
teacher,C_s43,R03,05,574,0,515,59,8,0,0.9950213371266002,1,0,0.6270034556524601,0.28897733643868595,0.2552410728978115,0.09418913604404669,0.6129175580055948,0.2035621002171994
teacher,C_s43,R03,06,582,0,131,451,0,48,0.9950213371266002,1,1,0.9015334879233594,0.970626808651187,0.3454494676799648,0.7278280516680087,0.9015334879233594,0.970626808651187
teacher,C_s43,R03,07,686,0,269,417,0,8,0.9950213371266002,1,1,0.7131439829548999,0.7944868164056252,0.4908979879293592,0.6051865535095509,0.7131439829549,0.7944868164056252
teacher,C_s43,R03,08,695,0,290,405,13,55,0.9950213371266002,1,1,0.5752022137079608,0.6830381876419852,0.16225202213707962,0.538388371854173,0.5744444444444444,0.6604612342742215
teacher,C_s43,R03,09,712,0,620,92,4,0,0.9950213371266002,1,0,0.9760168302945301,0.7637256640496957,0.7709677419354839,0.25555555555555554,0.9654978962131837,0.7031867588932805
teacher,C_s43,R03,10,647,0,445,202,0,40,0.9950213371266002,1,1,0.9643174991656469,0.8898172926208304,0.36531872288352435,0.4953205403412248,0.9586216486817222,0.8801743217043223
teacher,C_s43,R03,11,706,0,490,216,0,26,0.9950213371266002,1,1,0.8754913076341647,0.6827678068180884,0.36320861678004535,0.4992339278148061,0.868159486016629,0.6658532303277912
teacher,C_s43,R03,12,841,0,670,171,0,0,0.9950213371266002,2,0,0.33102470105612286,0.15061470686263884,0.7992537313432836,0.4033018867924528,0.33064065636728635,0.15059521810196652
teacher,C_s43,R03,13,766,0,664,102,104,0,0.9950213371266002,1,0,0.6619714150720529,0.2377157513944056,0.07981927710843373,0.13385826771653545,0.5438518781006378,0.14778567609389062
teacher,C_s43,R03,14,908,0,780,128,168,4,0.9950213371266002,2,1,0.44006410256410255,0.15427792929422005,0.15945512820512817,0.11421813719328239,0.33766025641025643,0.10280332735209262
teacher,C_s43,R03,15,692,0,620,72,0,20,0.9950213371266002,1,1,0.6630824372759857,0.43543243355330385,0.9449820788530466,0.8477782189175498,0.7844086021505375,0.47765652036217976
teacher,C_s43,R03,16,730,0,730,0,20,0,0.9950213371266002,0,0,,,,,,
teacher,C_s43,R03,17,713,0,713,0,36,0,0.9950213371266002,0,0,,,,,,
teacher,D_s43,R03,01,720,0,0,720,0,12,0.9964438122332859,1,1,,1.0,,1.0,,1.0
teacher,D_s43,R03,02,676,0,0,676,0,12,0.9964438122332859,1,1,,1.0,,1.0,,1.0
teacher,D_s43,R03,03,674,0,0,674,0,4,0.9964438122332859,1,1,,1.0,,1.0,,1.0
teacher,D_s43,R03,04,683,0,0,683,0,8,0.9964438122332859,1,1,,1.0,,1.0,,1.0
teacher,D_s43,R03,05,574,0,515,59,8,0,0.9964438122332859,1,0,0.4926608523942735,0.18776451614386197,0.2552410728978115,0.09418913604404669,0.4819976962316933,0.15113382885975996
teacher,D_s43,R03,06,582,0,131,451,0,16,0.9964438122332859,1,1,0.9056634112489633,0.9759808546591642,0.3454494676799648,0.7278280516680087,0.91378785057802,0.9780102914312887
teacher,D_s43,R03,07,686,0,269,417,0,4,0.9964438122332859,1,1,0.899712943399927,0.9010096631386807,0.4908979879293592,0.6051865535095509,0.8997129433999269,0.9010096631386807
teacher,D_s43,R03,08,695,0,290,405,17,79,0.9964438122332859,1,1,0.7540953597275436,0.7910594342926044,0.16225202213707962,0.538388371854173,0.7357045551298425,0.7602257491464535
teacher,D_s43,R03,09,712,0,620,92,12,20,0.9964438122332859,1,1,0.970406732117812,0.7105039070326589,0.7709677419354839,0.25555555555555554,0.9667601683029453,0.6973990683229814
teacher,D_s43,R03,10,647,0,445,202,0,40,0.9964438122332859,1,1,0.9415897207698297,0.8304965736002509,0.36531872288352435,0.4953205403412248,0.94379241294916,0.8494612294040322
teacher,D_s43,R03,11,706,0,490,216,0,22,0.9964438122332859,1,1,0.8626417233560091,0.6580525098133727,0.36320861678004535,0.4992339278148061,0.8556122448979592,0.6457983732503332
teacher,D_s43,R03,12,841,0,670,171,0,0,0.9964438122332859,2,0,0.46017718425416776,0.1792912942250476,0.7992537313432836,0.4033018867924528,0.46017718425416776,0.1792912942250476
teacher,D_s43,R03,13,766,0,664,102,92,0,0.9964438122332859,1,0,0.6483286085518545,0.32745287709089127,0.07981927710843373,0.13385826771653545,0.5023328608551855,0.17319836505388417
teacher,D_s43,R03,14,908,0,780,128,168,0,0.9964438122332859,2,0,0.45162259615384615,0.14581654765717839,0.15945512820512817,0.11421813719328239,0.3230168269230769,0.10942680922475444
teacher,D_s43,R03,15,692,0,620,72,0,20,0.9964438122332859,1,1,0.5295698924731183,0.39873167758558276,0.9449820788530466,0.8477782189175498,0.646236559139785,0.4187259092060399
teacher,D_s43,R03,16,730,0,730,0,60,0,0.9964438122332859,0,0,,,,,,
teacher,D_s43,R03,17,713,0,713,0,36,0,0.9964438122332859,0,0,,,,,,
teacher,C_s44,R03,01,720,0,0,720,0,256,0.9951523545706371,1,1,,1.0,,1.0,,1.0
teacher,C_s44,R03,02,676,0,0,676,0,96,0.9951523545706371,1,1,,1.0,,1.0,,0.9999999999999999
teacher,C_s44,R03,03,674,0,0,674,0,0,0.9951523545706371,1,0,,0.9999999999999999,,1.0,,0.9999999999999999
teacher,C_s44,R03,04,683,0,0,683,0,20,0.9951523545706371,1,1,,1.0,,1.0,,1.0
teacher,C_s44,R03,05,574,0,515,59,8,0,0.9951523545706371,1,0,0.6654434753990455,0.27097403087453087,0.2552410728978115,0.09418913604404669,0.65056771433273,0.2025839638282959
teacher,C_s44,R03,06,582,0,131,451,0,48,0.9951523545706371,1,1,0.8928674193056989,0.9666768168035915,0.3454494676799648,0.7278280516680087,0.8928674193056989,0.9666768168035915
teacher,C_s44,R03,07,686,0,269,417,0,8,0.9951523545706371,1,1,0.6936383978319204,0.7816162401688974,0.4908979879293592,0.6051865535095509,0.6936383978319205,0.7816162401688974
teacher,C_s44,R03,08,695,0,290,405,13,55,0.9951523545706371,1,1,0.5174925500212857,0.6637752067336614,0.16225202213707962,0.538388371854173,0.5199872286079182,0.6414038012226726
teacher,C_s44,R03,09,712,0,620,92,4,0,0.9951523545706371,1,0,0.9712482468443198,0.7368353946194058,0.7709677419354839,0.25555555555555554,0.9604488078541374,0.6827968227424749
teacher,C_s44,R03,10,647,0,445,202,0,40,0.9951523545706371,1,1,0.9662531983535432,0.893318779300158,0.36531872288352435,0.4953205403412248,0.9610468350205807,0.8820313350375293
teacher,C_s44,R03,11,706,0,490,216,0,26,0.9951523545706371,1,1,0.8392101284958428,0.6336496614338107,0.36320861678004535,0.4992339278148061,0.8326341647770219,0.6207738871009602
teacher,C_s44,R03,12,841,0,670,171,0,0,0.9951523545706371,2,0,0.3243126472898664,0.14896089030854276,0.7992537313432836,0.4033018867924528,0.32406825521515226,0.14894899494422037
teacher,C_s44,R03,13,766,0,664,102,104,0,0.9951523545706371,1,0,0.6624438932199386,0.22783906479040156,0.07981927710843373,0.13385826771653545,0.5438518781006378,0.14328805409691747
teacher,C_s44,R03,14,908,0,780,128,168,4,0.9951523545706371,2,1,0.44140625,0.15722714140604072,0.15945512820512817,0.11421813719328239,0.34092548076923074,0.103420932774855
teacher,C_s44,R03,15,692,0,620,72,0,20,0.9951523545706371,1,1,0.6512544802867384,0.4337188196173922,0.9449820788530466,0.8477782189175498,0.7806451612903226,0.48255410705326107
teacher,C_s44,R03,16,730,0,730,0,20,0,0.9951523545706371,0,0,,,,,,
teacher,C_s44,R03,17,713,0,713,0,36,0,0.9951523545706371,0,0,,,,,,
teacher,D_s44,R03,01,720,0,0,720,0,200,0.9950213371266002,1,1,,1.0,,1.0,,1.0
teacher,D_s44,R03,02,676,0,0,676,0,16,0.9950213371266002,1,1,,0.9999999999999999,,1.0,,1.0000000000000002
teacher,D_s44,R03,03,674,0,0,674,0,0,0.9950213371266002,1,0,,0.9999999999999999,,1.0,,0.9999999999999999
teacher,D_s44,R03,04,683,0,0,683,0,4,0.9950213371266002,1,1,,1.0,,1.0,,1.0
teacher,D_s44,R03,05,574,0,515,59,8,0,0.9950213371266002,1,0,0.48199769623169325,0.24322380004107252,0.2552410728978115,0.09418913604404669,0.46922823761724536,0.18216166534790199
teacher,D_s44,R03,06,582,0,131,451,0,16,0.9950213371266002,1,1,0.906475855181869,0.9682654243802202,0.3454494676799648,0.7278280516680087,0.909048594302737,0.9694709765494326
teacher,D_s44,R03,07,686,0,269,417,0,4,0.9950213371266002,1,1,0.9296666755814679,0.9455787160039404,0.4908979879293592,0.6051865535095509,0.929666675581468,0.9455787160039404
teacher,D_s44,R03,08,695,0,290,405,17,79,0.9950213371266002,1,1,0.7670881226053641,0.7995485188501743,0.16225202213707962,0.538388371854173,0.750434227330779,0.7704229250649538
teacher,D_s44,R03,09,712,0,620,92,32,92,0.9950213371266002,1,1,0.9796633941093968,0.7848861283643892,0.7709677419354839,0.25555555555555554,0.9796633941093968,0.7848861283643892
teacher,D_s44,R03,10,647,0,445,202,0,40,0.9950213371266002,1,1,0.9463510957837358,0.8317435025335346,0.36531872288352435,0.4953205403412248,0.9495105128490376,0.8595174607013472
teacher,D_s44,R03,11,706,0,490,216,0,22,0.9950213371266002,1,1,0.7661186696900982,0.5408492257706863,0.36320861678004535,0.4992339278148061,0.7657407407407407,0.5414776030561123
teacher,D_s44,R03,12,841,0,670,171,0,0,0.9950213371266002,2,0,0.3949943266125512,0.16371222021272697,0.7992537313432836,0.4033018867924528,0.3949943266125513,0.16371222021272697
teacher,D_s44,R03,13,766,0,664,102,92,0,0.9950213371266002,1,0,0.5671214268840067,0.30092771346223224,0.07981927710843373,0.13385826771653545,0.46258563666430424,0.1537603868540723
teacher,D_s44,R03,14,908,0,780,128,168,0,0.9950213371266002,2,0,0.4708934294871795,0.1522022435542015,0.15945512820512817,0.11421813719328239,0.33818108974358974,0.10664868325101542
teacher,D_s44,R03,15,692,0,620,72,0,20,0.9950213371266002,1,1,0.5195340501792114,0.3990389021420142,0.9449820788530466,0.8477782189175498,0.6523297491039426,0.42002953962547096
teacher,D_s44,R03,16,730,0,730,0,64,0,0.9950213371266002,0,0,,,,,,
teacher,D_s44,R03,17,713,0,713,0,41,0,0.9950213371266002,0,0,,,,,,
teacher,A,R04,01,411,0,111,300,33,66,0.9968879668049793,1,1,0.4318618618618619,0.6880454008306096,0.6291591591591592,0.8064352520730329,0.4321021021021021,0.688116794478284
teacher,A,R04,02,398,0,112,286,0,16,0.9968879668049793,1,1,0.3472777222777223,0.6827235996670237,0.5810751748251748,0.7619959282226737,0.36500999000999,0.6883811448385047
teacher,A,R04,03,381,0,65,316,0,8,0.9968879668049793,1,1,0.7598101265822784,0.9441776852686299,0.5584469328140215,0.8761876231366078,0.7975900681596885,0.9529108704224558
teacher,A,R04,04,379,0,261,118,4,0,0.9968879668049793,1,0,0.6350250016234821,0.37702563083126184,0.5510260406519903,0.4427512480941446,0.6384018442756023,0.3787195408237001
teacher,A,R04,05,465,0,135,330,7,13,0.9968879668049793,1,1,0.7018069584736251,0.7856282877146352,0.46883277216610547,0.709820497659899,0.6692143658810326,0.7722514260934077
teacher,A,R04,06,505,0,92,413,0,8,0.9968879668049793,1,1,0.7029160964312033,0.879624918179389,0.6252237077587115,0.874394617072648,0.6854405726918623,0.8725202119761638
teacher,A,R04,07,550,0,399,151,32,0,0.9968879668049793,2,0,0.5285813872429418,0.27065224577368346,0.424314096499527,0.27621347062772045,0.5272535643745124,0.2717616739944575
teacher,A,R04,08,653,0,423,230,12,36,0.9968879668049793,3,2,0.6245862884160757,0.4933391631506461,0.24962483297358412,0.34645538794211267,0.5882413403227464,0.4781545083428763
teacher,A,R04,09,334,0,128,206,0,16,0.9968879668049793,1,1,0.7084344660194174,0.747137465939611,0.4180825242718446,0.6014462619379445,0.7190533980582525,0.7514918146384257
teacher,A,R04,10,223,0,88,135,0,0,0.9968879668049793,1,0,0.5973063973063973,0.6061031540921225,0.8336700336700338,0.9010693802921009,0.6013468013468013,0.6077850784135121
teacher,A,R04,11,424,0,298,126,8,0,0.9968879668049793,2,0,0.6874400767018216,0.37340735153228866,0.6994780014914243,0.5151905307774812,0.665281772664323,0.3600263772826763
teacher,A,R04,12,686,0,462,224,8,32,0.9968879668049793,3,1,0.7451491960420532,0.5896857114409025,0.394325912183055,0.37961873022862136,0.776998299319728,0.6104325890321556
teacher,A,R04,13,464,0,89,375,0,24,0.9968879668049793,1,1,0.7316104868913857,0.8940170242800483,0.6590411985018726,0.88583983418127,0.7325093632958801,0.8942089669642095
teacher,A,R04,14,385,0,65,320,8,8,0.9968879668049793,1,1,0.5235817307692308,0.7895419895614499,0.4888701923076923,0.8600888457421937,0.5235817307692308,0.7895214337846344
teacher,A,R04,15,376,0,54,322,4,4,0.9968879668049793,1,1,0.5917874396135265,0.8316740968948827,0.6336553945249598,0.9188251618871417,0.5936277892799632,0.8323744492993961
teacher,A,R04,16,418,0,71,347,51,95,0.9968879668049793,1,1,0.2136014936883549,0.7268078274458103,0.6416162682144742,0.8838425970611622,0.2136014936883549,0.7268093988278461
teacher,A,R04,17,582,0,455,127,22,2,0.9968879668049793,2,1,0.4930604828242624,0.24096577380212345,0.46301808427792673,0.2250049758844653,0.48662282599290474,0.24134109705604342
teacher,A,R04,18,243,0,102,141,4,0,0.9968879668049793,1,0,0.42939090529828955,0.5409443607026364,0.3583993881240439,0.5302624163452692,0.4040814907523293,0.5306370146167255
teacher,A,R04,19,277,0,166,111,4,0,0.9968879668049793,1,0,0.5729946814284164,0.41122840105256075,0.46184738955823296,0.4089712486152752,0.5597525236079453,0.4033030298172928
teacher,B,R04,01,411,0,111,300,29,46,0.9976671850699844,1,1,0.42543543543543544,0.7039250382113056,0.6291591591591592,0.8064352520730329,0.4271171171171171,0.7043373291965935
teacher,B,R04,02,398,0,112,286,4,4,0.9976671850699844,1,1,0.4631618381618381,0.6785794393312767,0.5810751748251748,0.7619959282226737,0.49388111888111885,0.6941071417603671
teacher,B,R04,03,381,0,65,316,0,8,0.9976671850699844,1,1,0.7226144109055501,0.9146675669268546,0.5584469328140215,0.8761876231366078,0.7385832521908471,0.9191077923191312
teacher,B,R04,04,379,0,261,118,0,0,0.9976671850699844,1,0,0.5763198909020066,0.3366784896350959,0.5510260406519903,0.4427512480941446,0.6206734203519708,0.35518223565178175
teacher,B,R04,05,465,0,135,330,0,8,0.9976671850699844,1,1,0.742300785634119,0.8357992552495743,0.46883277216610547,0.709820497659899,0.7048597081930414,0.8207124739566417
teacher,B,R04,06,505,0,92,413,0,4,0.9976671850699844,1,1,0.6729129382040214,0.8577929475687471,0.6252237077587115,0.874394617072648,0.6522791872828719,0.8502541458805327
teacher,B,R04,07,550,0,399,151,4,0,0.9976671850699844,2,0,0.6377450248136898,0.37421309157945776,0.424314096499527,0.27621347062772045,0.6595877109993526,0.3845193040361744
teacher,B,R04,08,653,0,423,230,1,35,0.9976671850699844,3,2,0.7545996505293453,0.5987553296160508,0.24962483297358412,0.34645538794211267,0.7320690718470553,0.582805491297283
teacher,B,R04,09,334,0,128,206,4,20,0.9976671850699844,1,1,0.7800364077669903,0.8194126398992654,0.4180825242718446,0.6014462619379445,0.7666868932038835,0.8101246555384983
teacher,B,R04,10,223,0,88,135,0,4,0.9976671850699844,1,1,0.6794612794612794,0.7095991305487578,0.8336700336700338,0.9010693802921009,0.6942760942760943,0.7340050490235057
teacher,B,R04,11,424,0,298,126,0,0,0.9976671850699844,2,0,0.7598274209012464,0.45850774100675,0.6994780014914243,0.5151905307774812,0.749813571961223,0.4530290482963948
teacher,B,R04,12,686,0,462,224,8,32,0.9976671850699844,3,1,0.7379213048855906,0.6041483907707139,0.394325912183055,0.37961873022862136,0.8093885281385281,0.6461722814249421
teacher,B,R04,13,464,0,89,375,0,4,0.9976671850699844,1,1,0.8265318352059925,0.9452479841914678,0.6590411985018726,0.88583983418127,0.8346816479400748,0.9486290069107833
teacher,B,R04,14,385,0,65,320,4,4,0.9976671850699844,1,1,0.5744471153846153,0.823184433424111,0.4888701923076923,0.8600888457421937,0.5769471153846153,0.8236669026565778
teacher,B,R04,15,376,0,54,322,4,0,0.9976671850699844,1,0,0.6295146077754774,0.8401604810645581,0.6336553945249598,0.9188251618871417,0.6304347826086957,0.8403474305475417
teacher,B,R04,16,418,0,71,347,4,8,0.9976671850699844,1,1,0.3457198522547388,0.7540778284772371,0.6416162682144742,0.8838425970611622,0.34896700085237653,0.754769888326067
teacher,B,R04,17,582,0,455,127,0,4,0.9976671850699844,2,1,0.5100545124167171,0.28944217218557505,0.46301808427792673,0.2250049758844653,0.48714199186640134,0.28722756870648986
teacher,B,R04,18,243,0,102,141,4,0,0.9976671850699844,1,0,0.4826519260186344,0.5339436176911936,0.3583993881240439,0.5302624163452692,0.4506675010429704,0.5201829901482623
teacher,B,R04,19,277,0,166,111,0,0,0.9976671850699844,1,0,0.4655378269836101,0.3579373176938406,0.46184738955823296,0.4089712486152752,0.4540323455986106,0.35382146272315196
teacher,C_s42,R04,01,411,0,111,300,15,20,0.9976671850699844,1,1,0.42828828828828835,0.6820850870190429,0.6291591591591592,0.8064352520730329,0.42996996996997,0.6824717771549736
teacher,C_s42,R04,02,398,0,112,286,4,0,0.9976671850699844,1,0,0.46297452547452556,0.6778796306090752,0.5810751748251748,0.7619959282226737,0.4937562437562438,0.6935135548385714
teacher,C_s42,R04,03,381,0,65,316,0,4,0.9976671850699844,1,1,0.7658471275559884,0.9205500584266182,0.5584469328140215,0.8761876231366078,0.7798685491723465,0.9238002540697232
teacher,C_s42,R04,04,379,0,261,118,0,0,0.9976671850699844,1,0,0.5776186765374375,0.3433701135661501,0.5510260406519903,0.4427512480941446,0.6303493733359309,0.3662576948556743
teacher,C_s42,R04,05,465,0,135,330,0,8,0.9976671850699844,1,1,0.7567115600448934,0.8306290190606771,0.46883277216610547,0.709820497659899,0.7239393939393939,0.8172354149955635
teacher,C_s42,R04,06,505,0,92,413,0,4,0.9976671850699844,1,1,0.6738604063585641,0.8588954155781681,0.6252237077587115,0.874394617072648,0.6572270765343721,0.8522339433417055
teacher,C_s42,R04,07,550,0,399,151,0,0,0.9976671850699844,2,0,0.619022722368836,0.35050533576992793,0.424314096499527,0.27621347062772045,0.6407326262676559,0.3606692269630218
teacher,C_s42,R04,08,653,0,423,230,0,28,0.9976671850699844,3,2,0.7808510638297872,0.6214018994118953,0.24962483297358412,0.34645538794211267,0.7600883955185528,0.6066632246347934
teacher,C_s42,R04,09,334,0,128,206,4,4,0.9976671850699844,1,1,0.7979368932038835,0.8106542745557739,0.4180825242718446,0.6014462619379445,0.7800364077669903,0.7972670698032522
teacher,C_s42,R04,10,223,0,88,135,0,4,0.9976671850699844,1,1,0.6831649831649831,0.6959133498969613,0.8336700336700338,0.9010693802921009,0.6885521885521886,0.7007160843712485
teacher,C_s42,R04,11,424,0,298,126,0,0,0.9976671850699844,2,0,0.7645680196015767,0.46102301067476303,0.6994780014914243,0.5151905307774812,0.7562586555875147,0.4578119582417904
teacher,C_s42,R04,12,686,0,462,224,6,26,0.9976671850699844,3,2,0.7419217687074829,0.5977515155683158,0.394325912183055,0.37961873022862136,0.8085575139146568,0.6343553678638726
teacher,C_s42,R04,13,464,0,89,375,0,4,0.9976671850699844,1,1,0.8123895131086142,0.9369879001582339,0.6590411985018726,0.88583983418127,0.8191011235955057,0.9397021029573464
teacher,C_s42,R04,14,385,0,65,320,4,0,0.9976671850699844,1,0,0.5622355769230769,0.8087118481458304,0.4888701923076923,0.8600888457421937,0.5622355769230769,0.8087101987142957
teacher,C_s42,R04,15,376,0,54,322,4,0,0.9976671850699844,1,0,0.62261329652634,0.8373485365637501,0.6336553945249598,0.9188251618871417,0.6235334713595584,0.8375860840596612
teacher,C_s42,R04,16,418,0,71,347,4,8,0.9976671850699844,1,1,0.3361407638917076,0.7568623169873737,0.6416162682144742,0.8838425970611622,0.34198563136745547,0.7583084588214709
teacher,C_s42,R04,17,582,0,455,127,0,0,0.9976671850699844,2,0,0.5255948775633815,0.26936038491991254,0.46301808427792673,0.2250049758844653,0.5019901358484036,0.2675346387106771
teacher,C_s42,R04,18,243,0,102,141,4,4,0.9976671850699844,1,1,0.4998957029620359,0.5431735014073484,0.3583993881240439,0.5302624163452692,0.46791127798637183,0.5289388156818127
teacher,C_s42,R04,19,277,0,166,111,0,0,0.9976671850699844,1,0,0.4935417345055899,0.3760285592521749,0.46184738955823296,0.4089712486152752,0.4846412677737979,0.37171288925058554
teacher,D_s42,R04,01,411,0,111,300,8,4,0.9968879668049793,1,1,0.3096696696696697,0.6132696173157732,0.6291591591591592,0.8064352520730329,0.3115915915915916,0.6134844365169623
teacher,D_s42,R04,02,398,0,112,286,0,0,0.9968879668049793,1,0,0.4439935064935065,0.6621582252391682,0.5810751748251748,0.7619959282226737,0.4890734265734266,0.6794307390977573
teacher,D_s42,R04,03,381,0,65,316,0,4,0.9968879668049793,1,1,0.7404333008763389,0.9005524087984405,0.5584469328140215,0.8761876231366078,0.7622444011684517,0.9062175552215596
teacher,D_s42,R04,04,379,0,261,118,0,0,0.9968879668049793,1,0,0.587489447366712,0.35822805230373317,0.5510260406519903,0.4427512480941446,0.6281414377556984,0.3758020087126722
teacher,D_s42,R04,05,465,0,135,330,0,0,0.9968879668049793,1,0,0.7971604938271606,0.8583396593058232,0.46883277216610547,0.709820497659899,0.7642087542087542,0.8431758715777709
teacher,D_s42,R04,06,505,0,92,413,0,4,0.9968879668049793,1,1,0.6750184229918939,0.855775008641621,0.6252237077587115,0.874394617072648,0.6554374144646805,0.8493327965653011
teacher,D_s42,R04,07,550,0,399,151,0,0,0.9968879668049793,2,0,0.5989062059121313,0.3514675920624809,0.424314096499527,0.27621347062772045,0.6105246560108882,0.3606869466788657
teacher,D_s42,R04,08,653,0,423,230,4,28,0.9968879668049793,3,2,0.717401582896495,0.5533878126309121,0.24962483297358412,0.34645538794211267,0.6846746839346285,0.5311516103745081
teacher,D_s42,R04,09,334,0,128,206,4,12,0.9968879668049793,1,1,0.8049150485436893,0.8237263867562741,0.4180825242718446,0.6014462619379445,0.7955097087378641,0.8199721492853345
teacher,D_s42,R04,10,223,0,88,135,0,4,0.9968879668049793,1,1,0.7343434343434344,0.7534610440423528,0.8336700336700338,0.9010693802921009,0.7437710437710439,0.7652012031242614
teacher,D_s42,R04,11,424,0,298,126,0,0,0.9968879668049793,2,0,0.7093320549696388,0.4043408075733096,0.6994780014914243,0.5151905307774812,0.6947374027910942,0.39189805171043157
teacher,D_s42,R04,12,686,0,462,224,4,28,0.9968879668049793,3,1,0.7703888373531231,0.6307117067002348,0.394325912183055,0.37961873022862136,0.8193220470006185,0.6621506028683287
teacher,D_s42,R04,13,464,0,89,375,0,8,0.9968879668049793,1,1,0.8804644194756555,0.9509732968505222,0.6590411985018726,0.88583983418127,0.8847790262172285,0.9521832668909344
teacher,D_s42,R04,14,385,0,65,320,4,0,0.9968879668049793,1,0,0.48088942307692306,0.775758581933241,0.4888701923076923,0.8600888457421937,0.48088942307692306,0.775582444959883
teacher,D_s42,R04,15,376,0,54,322,4,0,0.9968879668049793,1,0,0.6129514607775477,0.8307384749258462,0.6336553945249598,0.9188251618871417,0.6120312859443294,0.8307122141776999
teacher,D_s42,R04,16,418,0,71,347,0,4,0.9968879668049793,1,1,0.17703048260746035,0.7207716100504455,0.6416162682144742,0.8838425970611622,0.1971628039128141,0.7263875593486275
teacher,D_s42,R04,17,582,0,455,127,0,0,0.9968879668049793,2,0,0.5884485593147011,0.298694875046632,0.46301808427792673,0.2250049758844653,0.5696893657523578,0.2939721767771571
teacher,D_s42,R04,18,243,0,102,141,0,0,0.9968879668049793,1,0,0.4955847587261855,0.5593206196593036,0.3583993881240439,0.5302624163452692,0.46137533027395355,0.5444121220125586
teacher,D_s42,R04,19,277,0,166,111,0,0,0.9968879668049793,1,0,0.5128622598502117,0.39427583846634107,0.46184738955823296,0.4089712486152752,0.5013567784652122,0.38880847090625026
teacher,C_s43,R04,01,411,0,111,300,15,20,0.9976671850699844,1,1,0.4039039039039039,0.6666424346081102,0.6291591591591592,0.8064352520730329,0.4051051051051051,0.6669153824148883
teacher,C_s43,R04,02,398,0,112,286,4,0,0.9976671850699844,1,0,0.5064310689310689,0.6924857956942954,0.5810751748251748,0.7619959282226737,0.5300324675324675,0.7052235085151274
teacher,C_s43,R04,03,381,0,65,316,0,4,0.9976671850699844,1,1,0.7743184031158714,0.9244355513580893,0.5584469328140215,0.8761876231366078,0.7867818889970789,0.9274617437076448
teacher,C_s43,R04,04,379,0,261,118,0,0,0.9976671850699844,1,0,0.579242158581726,0.34174665606753424,0.5510260406519903,0.4427512480941446,0.6306740697447886,0.3650353706804016
teacher,C_s43,R04,05,465,0,135,330,0,8,0.9976671850699844,1,1,0.7598540965207632,0.8281966227143659,0.46883277216610547,0.709820497659899,0.7278002244668911,0.8154316719364594
teacher,C_s43,R04,06,505,0,92,413,0,4,0.9976671850699844,1,1,0.6771239077797664,0.8538971817601906,0.6252237077587115,0.874394617072648,0.6592272870828508,0.8467018612320357
teacher,C_s43,R04,07,550,0,399,151,0,0,0.9976671850699844,2,0,0.6429235340005643,0.3809936632155466,0.424314096499527,0.27621347062772045,0.6659612607678136,0.3895455654013988
teacher,C_s43,R04,08,653,0,423,230,0,28,0.9976671850699844,3,2,0.7794942954054888,0.6259591106138369,0.24962483297358412,0.34645538794211267,0.7576215438380101,0.6099351123893729
teacher,C_s43,R04,09,334,0,128,206,4,4,0.9976671850699844,1,1,0.8070388349514563,0.8180835310625509,0.4180825242718446,0.6014462619379445,0.7936893203883495,0.8074875316425255
teacher,C_s43,R04,10,223,0,88,135,0,4,0.9976671850699844,1,1,0.6979797979797979,0.7061243638250507,0.8336700336700338,0.9010693802921009,0.702020202020202,0.7101045318052186
teacher,C_s43,R04,11,424,0,298,126,0,0,0.9976671850699844,2,0,0.7652604666027485,0.4748461983278955,0.6994780014914243,0.5151905307774812,0.7578033450516672,0.47403380267213985
teacher,C_s43,R04,12,686,0,462,224,6,18,0.9976671850699844,3,2,0.744724025974026,0.5871968015327159,0.394325912183055,0.37961873022862136,0.8132923623995053,0.6256507441297455
teacher,C_s43,R04,13,464,0,89,375,0,4,0.9976671850699844,1,1,0.8330037453183521,0.9446043340354179,0.6590411985018726,0.88583983418127,0.8397153558052435,0.9471855992099544
teacher,C_s43,R04,14,385,0,65,320,4,0,0.9976671850699844,1,0,0.5666586538461538,0.8180291809795093,0.4888701923076923,0.8600888457421937,0.5666586538461538,0.8180063882774417
teacher,C_s43,R04,15,376,0,54,322,4,0,0.9976671850699844,1,0,0.6272141706924316,0.8376860931544597,0.6336553945249598,0.9188251618871417,0.6281343455256498,0.8378917609848131
teacher,C_s43,R04,16,418,0,71,347,0,8,0.9976671850699844,1,1,0.31828144660470026,0.749555042070421,0.6416162682144742,0.8838425970611622,0.3241263140804481,0.750909827058213
teacher,C_s43,R04,17,582,0,455,127,0,0,0.9976671850699844,2,0,0.5269793198927056,0.2722955097762025,0.46301808427792673,0.2250049758844653,0.5035130224106602,0.27008290285926284
teacher,C_s43,R04,18,243,0,102,141,4,0,0.9976671850699844,1,0,0.4987832012237519,0.5397191729020159,0.3583993881240439,0.5302624163452692,0.46568627450980393,0.5249678554497844
teacher,C_s43,R04,19,277,0,166,111,0,0,0.9976671850699844,1,0,0.4951698686638446,0.3718329971589722,0.46184738955823296,0.4089712486152752,0.4827960490611093,0.36750218008458985
teacher,D_s43,R04,01,411,0,111,300,11,12,0.9976671850699844,1,1,0.3251051051051051,0.6280452582383834,0.6291591591591592,0.8064352520730329,0.3263063063063063,0.6281085545529073
teacher,D_s43,R04,02,398,0,112,286,4,0,0.9976671850699844,1,0,0.5192932067932068,0.6898970400009256,0.5810751748251748,0.7619959282226737,0.5575049950049951,0.7056398643374614
teacher,D_s43,R04,03,381,0,65,316,0,4,0.9976671850699844,1,1,0.7642891918208374,0.914846229179231,0.5584469328140215,0.8761876231366078,0.7864897760467381,0.9199717834789064
teacher,D_s43,R04,04,379,0,261,118,0,0,0.9976671850699844,1,0,0.5564484706799142,0.32119058385137544,0.5510260406519903,0.4427512480941446,0.6037892070913695,0.3420841380147982
teacher,D_s43,R04,05,465,0,135,330,0,4,0.9976671850699844,1,1,0.772020202020202,0.8444766628234105,0.46883277216610547,0.709820497659899,0.7394276094276094,0.8309951102119169
teacher,D_s43,R04,06,505,0,92,413,0,4,0.9976671850699844,1,1,0.6302768712496052,0.8348679223804973,0.6252237077587115,0.874394617072648,0.6111169596799663,0.8288093550638108
teacher,D_s43,R04,07,550,0,399,151,0,0,0.9976671850699844,2,0,0.5717190326810404,0.34581108339743416,0.424314096499527,0.27621347062772045,0.590972464273266,0.35783198154375695
teacher,D_s43,R04,08,653,0,423,230,4,28,0.9976671850699844,3,2,0.7081714461917977,0.5412268437595168,0.24962483297358412,0.34645538794211267,0.6730188097440641,0.5176426124000483
teacher,D_s43,R04,09,334,0,128,206,4,4,0.9976671850699844,1,1,0.7944478155339806,0.8115676180957585,0.4180825242718446,0.6014462619379445,0.7923240291262136,0.8115451870546726
teacher,D_s43,R04,10,223,0,88,135,0,4,0.9976671850699844,1,1,0.6690235690235691,0.6938170798191226,0.8336700336700338,0.9010693802921009,0.6811447811447812,0.7161661790746452
teacher,D_s43,R04,11,424,0,298,126,0,0,0.9976671850699844,2,0,0.7052839032704804,0.3893298349957979,0.6994780014914243,0.5151905307774812,0.6837647810802173,0.373136290676114
teacher,D_s43,R04,12,686,0,462,224,4,32,0.9976671850699844,3,1,0.75347866419295,0.6061865895836545,0.394325912183055,0.37961873022862136,0.8070114409400124,0.6351026667737238
teacher,D_s43,R04,13,464,0,89,375,0,4,0.9976671850699844,1,1,0.8371985018726592,0.9452928297348796,0.6590411985018726,0.88583983418127,0.8439101123595506,0.9475858762161572
teacher,D_s43,R04,14,385,0,65,320,4,0,0.9976671850699844,1,0,0.4599278846153846,0.7614945142254339,0.4888701923076923,0.8600888457421937,0.46069711538461533,0.7616438117859818
teacher,D_s43,R04,15,376,0,54,322,4,0,0.9976671850699844,1,0,0.6009891879457097,0.8260887664643786,0.6336553945249598,0.9188251618871417,0.601909362778928,0.8264046493110679
teacher,D_s43,R04,16,418,0,71,347,0,4,0.9976671850699844,1,1,0.17532572959370052,0.7053372846541988,0.6416162682144742,0.8838425970611622,0.1980557697771644,0.7122874680022382
teacher,D_s43,R04,17,582,0,455,127,0,0,0.9976671850699844,2,0,0.6174872371722766,0.28669466137378774,0.46301808427792673,0.2250049758844653,0.6118110236220472,0.28665419265184416
teacher,D_s43,R04,18,243,0,102,141,0,0,0.9976671850699844,1,0,0.4850159922124878,0.5512800878611724,0.3583993881240439,0.5302624163452692,0.4491378111528299,0.5354852929143236
teacher,D_s43,R04,19,277,0,166,111,0,0,0.9976671850699844,1,0,0.4892000434169109,0.39768585186418803,0.46184738955823296,0.4089712486152752,0.4811679149028547,0.3949077673412197
teacher,C_s44,R04,01,411,0,111,300,15,12,0.9976671850699844,1,1,0.4166366366366367,0.6700786724533636,0.6291591591591592,0.8064352520730329,0.41783783783783784,0.6703508502360738
teacher,C_s44,R04,02,398,0,112,286,0,0,0.9976671850699844,1,0,0.46397352647352647,0.6777001917003174,0.5810751748251748,0.7619959282226737,0.49331918081918086,0.6929935562792998
teacher,C_s44,R04,03,381,0,65,316,0,4,0.9976671850699844,1,1,0.770715676728335,0.9253366110329189,0.5584469328140215,0.8761876231366078,0.7859055501460565,0.9296350611755583
teacher,C_s44,R04,04,379,0,261,118,0,0,0.9976671850699844,1,0,0.5759951944931488,0.3411824316728953,0.5510260406519903,0.4427512480941446,0.6307390090265601,0.3657196624158533
teacher,C_s44,R04,05,465,0,135,330,0,8,0.9976671850699844,1,1,0.754287317620651,0.8280411003607724,0.46883277216610547,0.709820497659899,0.7225925925925926,0.8152711132265332
teacher,C_s44,R04,06,505,0,92,413,0,4,0.9976671850699844,1,1,0.6757553426676491,0.8544377043957513,0.6252237077587115,0.874394617072648,0.6591220128434572,0.8477031742497221
teacher,C_s44,R04,07,550,0,399,151,0,0,0.9976671850699844,2,0,0.6413301465584491,0.3779918828586081,0.424314096499527,0.27621347062772045,0.6635711796046407,0.38643297950103656
teacher,C_s44,R04,08,653,0,423,230,0,28,0.9976671850699844,3,2,0.7835234864837085,0.63475361836001,0.24962483297358412,0.34645538794211267,0.7612807071641484,0.6182913539577402
teacher,C_s44,R04,09,334,0,128,206,4,4,0.9976671850699844,1,1,0.8024878640776698,0.8145561234448857,0.4180825242718446,0.6014462619379445,0.7867111650485438,0.8024880827716112
teacher,C_s44,R04,10,223,0,88,135,0,4,0.9976671850699844,1,1,0.6915824915824915,0.703587154891491,0.8336700336700338,0.9010693802921009,0.696969696969697,0.7083446249902514
teacher,C_s44,R04,11,424,0,298,126,0,0,0.9976671850699844,2,0,0.7720784063065942,0.47938017204612837,0.6994780014914243,0.5151905307774812,0.7641951635240226,0.4772899510723064
teacher,C_s44,R04,12,686,0,462,224,6,18,0.9976671850699844,3,2,0.7422309833024118,0.5859879556192136,0.394325912183055,0.37961873022862136,0.8084415584415584,0.622791991423412
teacher,C_s44,R04,13,464,0,89,375,0,4,0.9976671850699844,1,1,0.8222172284644195,0.9407585256682066,0.6590411985018726,0.88583983418127,0.8289288389513108,0.9433377471245522
teacher,C_s44,R04,14,385,0,65,320,4,0,0.9976671850699844,1,0,0.573389423076923,0.8220972731429962,0.4888701923076923,0.8600888457421937,0.5741586538461538,0.8222364601206752
teacher,C_s44,R04,15,376,0,54,322,4,0,0.9976671850699844,1,0,0.6212330342765126,0.8356182814214581,0.6336553945249598,0.9188251618871417,0.6221532091097308,0.8358633204646965
teacher,C_s44,R04,16,418,0,71,347,0,8,0.9976671850699844,1,1,0.32225920363680643,0.7484499476190672,0.6416162682144742,0.8838425970611622,0.32810407111255424,0.7496088702367694
teacher,C_s44,R04,17,582,0,455,127,0,0,0.9976671850699844,2,0,0.5247296011075538,0.27079586184738424,0.46301808427792673,0.2250049758844653,0.5013671368002077,0.26841956308126713
teacher,C_s44,R04,18,243,0,102,141,4,0,0.9976671850699844,1,0,0.49767069948546794,0.5399128414016899,0.3583993881240439,0.5302624163452692,0.46457377277151995,0.525205068901519
teacher,C_s44,R04,19,277,0,166,111,0,0,0.9976671850699844,1,0,0.48811462064474115,0.37455021958840257,0.46184738955823296,0.4089712486152752,0.4766091392597417,0.37009712162725206
teacher,D_s44,R04,01,411,0,111,300,11,4,0.9968879668049793,1,1,0.3042642642642643,0.6101917960009954,0.6291591591591592,0.8064352520730329,0.3061861861861862,0.6102972606820781
teacher,D_s44,R04,02,398,0,112,286,4,0,0.9968879668049793,1,0,0.5661213786213786,0.7069479588930375,0.5810751748251748,0.7619959282226737,0.599587912087912,0.7225384409589776
teacher,D_s44,R04,03,381,0,65,316,0,4,0.9968879668049793,1,1,0.7459834469328139,0.9041620218678923,0.5584469328140215,0.8761876231366078,0.7674050632911391,0.9096342953445449
teacher,D_s44,R04,04,379,0,261,118,0,0,0.9968879668049793,1,0,0.5696311448795377,0.3270200501662138,0.5510260406519903,0.4427512480941446,0.6064517176440029,0.3438682189255221
teacher,D_s44,R04,05,465,0,135,330,0,0,0.9968879668049793,1,0,0.8271492704826038,0.8699599238919572,0.46883277216610547,0.709820497659899,0.7988664421997755,0.8573590321410526
teacher,D_s44,R04,06,505,0,92,413,0,4,0.9968879668049793,1,1,0.663332982419202,0.8459811046808212,0.6252237077587115,0.874394617072648,0.6456469102010738,0.8402753024281019
teacher,D_s44,R04,07,550,0,399,151,0,0,0.9968879668049793,2,0,0.5826735713455825,0.36024618720917434,0.424314096499527,0.27621347062772045,0.5973460140417268,0.37375853668179554
teacher,D_s44,R04,08,653,0,423,230,4,28,0.9968879668049793,3,2,0.733662246890739,0.5535026025228813,0.24962483297358412,0.34645538794211267,0.7031555144413609,0.5313313777304038
teacher,D_s44,R04,09,334,0,128,206,4,4,0.9968879668049793,1,1,0.8516383495145632,0.8693525621550394,0.4180825242718446,0.6014462619379445,0.8495145631067962,0.8648943850354593
teacher,D_s44,R04,10,223,0,88,135,0,4,0.9968879668049793,1,1,0.7531986531986532,0.7636016189263639,0.8336700336700338,0.9010693802921009,0.7626262626262625,0.7716690864082816
teacher,D_s44,R04,11,424,0,298,126,0,0,0.9968879668049793,2,0,0.7051773729626079,0.3940599000780361,0.6994780014914243,0.5151905307774812,0.6804623415361671,0.37457712876484794
teacher,D_s44,R04,12,686,0,462,224,4,32,0.9968879668049793,3,1,0.7617888064316636,0.6288954729604288,0.394325912183055,0.37961873022862136,0.8204622758194187,0.6611195945012358
teacher,D_s44,R04,13,464,0,89,375,0,4,0.9968879668049793,1,1,0.9047940074906368,0.963939067717685,0.6590411985018726,0.88583983418127,0.9115056179775282,0.9658228051285669
teacher,D_s44,R04,14,385,0,65,320,4,0,0.9968879668049793,1,0,0.48252403846153846,0.7853207512143866,0.4888701923076923,0.8600888457421937,0.48252403846153846,0.7852881549194988
teacher,D_s44,R04,15,376,0,54,322,4,0,0.9968879668049793,1,0,0.6111111111111112,0.8297810386083595,0.6336553945249598,0.9188251618871417,0.6101909362778928,0.8296903610893028
teacher,D_s44,R04,16,418,0,71,347,0,4,0.9968879668049793,1,1,0.19058732800259773,0.7120453651619266,0.6416162682144742,0.8838425970611622,0.20422535211267603,0.716067775701174
teacher,D_s44,R04,17,582,0,455,127,0,0,0.9968879668049793,2,0,0.6224366184996105,0.3138232780219074,0.46301808427792673,0.2250049758844653,0.6081768625075712,0.311484465661148
teacher,D_s44,R04,18,243,0,102,141,0,0,0.9968879668049793,1,0,0.5000347656793214,0.5607500423413738,0.3583993881240439,0.5302624163452692,0.4652690863579474,0.5453530221641183
teacher,D_s44,R04,19,277,0,166,111,0,0,0.9968879668049793,1,0,0.4878975360903071,0.3808444692727634,0.46184738955823296,0.4089712486152752,0.47812873114077936,0.37751734112722385
linear,A,R01,01,230,0,89,141,0,8,0.9719512195121951,1,1,0.5,0.6130434782608696,0.6906924854570085,0.8037816623238846,0.6906924854570085,0.8037816623238846
linear,A,R01,02,256,0,129,127,8,4,0.9719512195121951,1,1,0.5,0.49609375,0.7298724287371054,0.6489092881246987,0.7298724287371054,0.6489092881246987
linear,A,R01,03,409,0,214,195,8,8,0.9719512195121951,1,1,0.5,0.4767726161369193,0.7348909657320872,0.6458011714475174,0.7348909657320872,0.6458011714475174
linear,A,R01,04,191,0,101,90,0,8,0.9719512195121951,1,1,0.5,0.4712041884816754,0.8101210121012101,0.8092174113046977,0.8101210121012101,0.8092174113046977
linear,A,R01,05,290,0,198,92,8,0,0.9719512195121951,1,0,0.5,0.31724137931034485,0.8686868686868687,0.6764705882352942,0.8686868686868687,0.6764705882352942
linear,A,R01,06,233,0,13,220,2,10,0.9719512195121951,1,1,0.6447552447552447,0.9597128365197034,0.5926573426573427,0.9545723354793529,0.5926573426573427,0.9543563767655776
linear,A,R01,07,231,0,36,195,0,12,0.9719512195121951,1,1,0.5,0.8441558441558441,0.9103276353276353,0.9716992827290183,0.9103276353276353,0.9716992827290183
linear,A,R01,08,235,0,41,194,0,8,0.9719512195121951,1,1,0.5,0.825531914893617,0.6834297208951471,0.906366912778781,0.6834297208951471,0.906366912778781
linear,A,R01,09,229,0,229,0,12,0,0.9719512195121951,0,0,,,,,,
linear,A,R01,10,231,0,231,0,8,0,0.9719512195121951,0,0,,,,,,
linear,A,R01,11,232,0,232,0,8,0,0.9719512195121951,0,0,,,,,,
linear,A,R01,12,231,0,231,0,8,0,0.9719512195121951,0,0,,,,,,
linear,A,R01,13,229,0,229,0,8,0,0.9719512195121951,0,0,,,,,,
linear,A,R01,14,230,0,230,0,8,0,0.9719512195121951,0,0,,,,,,
linear,A,R01,15,228,0,228,0,8,0,0.9719512195121951,0,0,,,,,,
linear,B,R01,01,230,0,89,141,0,8,0.9804878048780488,1,1,0.5,0.6130434782608696,0.6906924854570085,0.8037816623238846,0.6906924854570085,0.8037816623238846
linear,B,R01,02,256,0,129,127,8,4,0.9804878048780488,1,1,0.5,0.49609375,0.7298724287371054,0.6489092881246987,0.7298724287371054,0.6489092881246987
linear,B,R01,03,409,0,214,195,8,8,0.9804878048780488,1,1,0.5,0.4767726161369193,0.7348909657320872,0.6458011714475174,0.7348909657320872,0.6458011714475174
linear,B,R01,04,191,0,101,90,0,8,0.9804878048780488,1,1,0.5,0.4712041884816754,0.8101210121012101,0.8092174113046977,0.8101210121012101,0.8092174113046977
linear,B,R01,05,290,0,198,92,8,0,0.9804878048780488,1,0,0.5,0.31724137931034485,0.8686868686868687,0.6764705882352942,0.8686868686868687,0.6764705882352942
linear,B,R01,06,233,0,13,220,2,10,0.9804878048780488,1,1,0.5,0.944206008583691,0.5926573426573427,0.9545723354793529,0.5926573426573427,0.9545723354793529
linear,B,R01,07,231,0,36,195,0,12,0.9804878048780488,1,1,0.5,0.8441558441558441,0.9103276353276353,0.9716992827290183,0.9103276353276353,0.9716992827290183
linear,B,R01,08,235,0,41,194,0,8,0.9804878048780488,1,1,0.5,0.825531914893617,0.6834297208951471,0.906366912778781,0.6834297208951471,0.906366912778781
linear,B,R01,09,229,0,229,0,12,0,0.9804878048780488,0,0,,,,,,
linear,B,R01,10,231,0,231,0,8,0,0.9804878048780488,0,0,,,,,,
linear,B,R01,11,232,0,232,0,8,0,0.9804878048780488,0,0,,,,,,
linear,B,R01,12,231,0,231,0,8,0,0.9804878048780488,0,0,,,,,,
linear,B,R01,13,229,0,229,0,8,0,0.9804878048780488,0,0,,,,,,
linear,B,R01,14,230,0,230,0,8,0,0.9804878048780488,0,0,,,,,,
linear,B,R01,15,228,0,228,0,8,0,0.9804878048780488,0,0,,,,,,
linear,C_s42,R01,01,230,0,89,141,0,8,0.9817073170731707,1,1,0.5,0.6130434782608696,0.6906924854570085,0.8037816623238846,0.6906924854570085,0.8037816623238846
linear,C_s42,R01,02,256,0,129,127,8,4,0.9817073170731707,1,1,0.5,0.49609375,0.7298724287371054,0.6489092881246987,0.7298724287371054,0.6489092881246987
linear,C_s42,R01,03,409,0,214,195,8,8,0.9817073170731707,1,1,0.5,0.4767726161369193,0.7348909657320872,0.6458011714475174,0.7348909657320872,0.6458011714475174
linear,C_s42,R01,04,191,0,101,90,0,8,0.9817073170731707,1,1,0.5,0.4712041884816754,0.8101210121012101,0.8092174113046977,0.8101210121012101,0.8092174113046977
linear,C_s42,R01,05,290,0,198,92,8,0,0.9817073170731707,1,0,0.5,0.31724137931034485,0.8686868686868687,0.6764705882352942,0.8686868686868687,0.6764705882352942
linear,C_s42,R01,06,233,0,13,220,2,10,0.9817073170731707,1,1,0.5,0.944206008583691,0.5926573426573427,0.9545723354793529,0.5926573426573427,0.9545723354793529
linear,C_s42,R01,07,231,0,36,195,0,12,0.9817073170731707,1,1,0.5,0.8441558441558441,0.9103276353276353,0.9716992827290183,0.9103276353276353,0.9716992827290183
linear,C_s42,R01,08,235,0,41,194,0,8,0.9817073170731707,1,1,0.5,0.825531914893617,0.6834297208951471,0.906366912778781,0.6834297208951471,0.906366912778781
linear,C_s42,R01,09,229,0,229,0,12,0,0.9817073170731707,0,0,,,,,,
linear,C_s42,R01,10,231,0,231,0,8,0,0.9817073170731707,0,0,,,,,,
linear,C_s42,R01,11,232,0,232,0,8,0,0.9817073170731707,0,0,,,,,,
linear,C_s42,R01,12,231,0,231,0,8,0,0.9817073170731707,0,0,,,,,,
linear,C_s42,R01,13,229,0,229,0,8,0,0.9817073170731707,0,0,,,,,,
linear,C_s42,R01,14,230,0,230,0,8,0,0.9817073170731707,0,0,,,,,,
linear,C_s42,R01,15,228,0,228,0,8,0,0.9817073170731707,0,0,,,,,,
linear,D_s42,R01,01,230,0,89,141,0,8,0.9707317073170731,1,1,0.5,0.6130434782608696,0.6906924854570085,0.8037816623238846,0.6906924854570085,0.8037816623238846
linear,D_s42,R01,02,256,0,129,127,8,4,0.9707317073170731,1,1,0.5,0.49609375,0.7298724287371054,0.6489092881246987,0.7298724287371054,0.6489092881246987
linear,D_s42,R01,03,409,0,214,195,8,8,0.9707317073170731,1,1,0.5,0.4767726161369193,0.7348909657320872,0.6458011714475174,0.7348909657320872,0.6458011714475174
linear,D_s42,R01,04,191,0,101,90,0,8,0.9707317073170731,1,1,0.5198019801980198,0.48128342245989303,0.8101210121012101,0.8092174113046977,0.814961496149615,0.8140800158447216
linear,D_s42,R01,05,290,0,198,92,8,0,0.9707317073170731,1,0,0.5,0.31724137931034485,0.8686868686868687,0.6764705882352942,0.8686868686868687,0.6764705882352942
linear,D_s42,R01,06,233,0,13,220,2,10,0.9707317073170731,1,1,0.5,0.944206008583691,0.5926573426573427,0.9545723354793529,0.5926573426573427,0.9545723354793529
linear,D_s42,R01,07,231,0,36,195,0,12,0.9707317073170731,1,1,0.5,0.8441558441558441,0.9103276353276353,0.9716992827290183,0.9103276353276353,0.9716992827290183
linear,D_s42,R01,08,235,0,41,194,0,8,0.9707317073170731,1,1,0.4896907216494845,0.8225731130754163,0.6834297208951471,0.906366912778781,0.6806638169474478,0.9056103839328749
linear,D_s42,R01,09,229,0,229,0,12,0,0.9707317073170731,0,0,,,,,,
linear,D_s42,R01,10,231,0,231,0,8,0,0.9707317073170731,0,0,,,,,,
linear,D_s42,R01,11,232,0,232,0,8,0,0.9707317073170731,0,0,,,,,,
linear,D_s42,R01,12,231,0,231,0,8,0,0.9707317073170731,0,0,,,,,,
linear,D_s42,R01,13,229,0,229,0,8,0,0.9707317073170731,0,0,,,,,,
linear,D_s42,R01,14,230,0,230,0,8,0,0.9707317073170731,0,0,,,,,,
linear,D_s42,R01,15,228,0,228,0,8,0,0.9707317073170731,0,0,,,,,,
linear,C_s43,R01,01,230,0,89,141,0,8,0.9817073170731707,1,1,0.5,0.6130434782608696,0.6906924854570085,0.8037816623238846,0.6906924854570085,0.8037816623238846
linear,C_s43,R01,02,256,0,129,127,8,4,0.9817073170731707,1,1,0.5,0.49609375,0.7298724287371054,0.6489092881246987,0.7298724287371054,0.6489092881246987
linear,C_s43,R01,03,409,0,214,195,8,8,0.9817073170731707,1,1,0.5,0.4767726161369193,0.7348909657320872,0.6458011714475174,0.7348909657320872,0.6458011714475174
linear,C_s43,R01,04,191,0,101,90,0,8,0.9817073170731707,1,1,0.5,0.4712041884816754,0.8101210121012101,0.8092174113046977,0.8101210121012101,0.8092174113046977
linear,C_s43,R01,05,290,0,198,92,8,0,0.9817073170731707,1,0,0.5,0.31724137931034485,0.8686868686868687,0.6764705882352942,0.8686868686868687,0.6764705882352942
linear,C_s43,R01,06,233,0,13,220,2,10,0.9817073170731707,1,1,0.5,0.944206008583691,0.5926573426573427,0.9545723354793529,0.5926573426573427,0.9545723354793529
linear,C_s43,R01,07,231,0,36,195,0,12,0.9817073170731707,1,1,0.5,0.8441558441558441,0.9103276353276353,0.9716992827290183,0.9103276353276353,0.9716992827290183
linear,C_s43,R01,08,235,0,41,194,0,8,0.9817073170731707,1,1,0.5,0.825531914893617,0.6834297208951471,0.906366912778781,0.6834297208951471,0.906366912778781
linear,C_s43,R01,09,229,0,229,0,12,0,0.9817073170731707,0,0,,,,,,
linear,C_s43,R01,10,231,0,231,0,8,0,0.9817073170731707,0,0,,,,,,
linear,C_s43,R01,11,232,0,232,0,8,0,0.9817073170731707,0,0,,,,,,
linear,C_s43,R01,12,231,0,231,0,8,0,0.9817073170731707,0,0,,,,,,
linear,C_s43,R01,13,229,0,229,0,8,0,0.9817073170731707,0,0,,,,,,
linear,C_s43,R01,14,230,0,230,0,8,0,0.9817073170731707,0,0,,,,,,
linear,C_s43,R01,15,228,0,228,0,8,0,0.9817073170731707,0,0,,,,,,
linear,D_s43,R01,01,230,0,89,141,0,8,0.9707317073170731,1,1,0.5,0.6130434782608696,0.6906924854570085,0.8037816623238846,0.6906924854570085,0.8037816623238846
linear,D_s43,R01,02,256,0,129,127,8,4,0.9707317073170731,1,1,0.5,0.49609375,0.7298724287371054,0.6489092881246987,0.7298724287371054,0.6489092881246987
linear,D_s43,R01,03,409,0,214,195,8,8,0.9707317073170731,1,1,0.5,0.4767726161369193,0.7348909657320872,0.6458011714475174,0.7348909657320872,0.6458011714475174
linear,D_s43,R01,04,191,0,101,90,0,8,0.9707317073170731,1,1,0.5396039603960396,0.4918032786885246,0.8101210121012101,0.8092174113046977,0.8198019801980198,0.8192779724219886
linear,D_s43,R01,05,290,0,198,92,8,0,0.9707317073170731,1,0,0.5,0.31724137931034485,0.8686868686868687,0.6764705882352942,0.8686868686868687,0.6764705882352942
linear,D_s43,R01,06,233,0,13,220,2,10,0.9707317073170731,1,1,0.5,0.944206008583691,0.5926573426573427,0.9545723354793529,0.5926573426573427,0.9545723354793529
linear,D_s43,R01,07,231,0,36,195,0,12,0.9707317073170731,1,1,0.5626068376068376,0.8609564592378051,0.9103276353276353,0.9716992827290183,0.9151709401709401,0.9738787699085056
linear,D_s43,R01,08,235,0,41,194,0,8,0.9707317073170731,1,1,0.5,0.825531914893617,0.6834297208951471,0.906366912778781,0.6834297208951471,0.906366912778781
linear,D_s43,R01,09,229,0,229,0,12,0,0.9707317073170731,0,0,,,,,,
linear,D_s43,R01,10,231,0,231,0,8,0,0.9707317073170731,0,0,,,,,,
linear,D_s43,R01,11,232,0,232,0,8,0,0.9707317073170731,0,0,,,,,,
linear,D_s43,R01,12,231,0,231,0,8,0,0.9707317073170731,0,0,,,,,,
linear,D_s43,R01,13,229,0,229,0,8,0,0.9707317073170731,0,0,,,,,,
linear,D_s43,R01,14,230,0,230,0,8,0,0.9707317073170731,0,0,,,,,,
linear,D_s43,R01,15,228,0,228,0,8,0,0.9707317073170731,0,0,,,,,,
linear,C_s44,R01,01,230,0,89,141,0,8,0.9817073170731707,1,1,0.5,0.6130434782608696,0.6906924854570085,0.8037816623238846,0.6906924854570085,0.8037816623238846
linear,C_s44,R01,02,256,0,129,127,8,4,0.9817073170731707,1,1,0.5,0.49609375,0.7298724287371054,0.6489092881246987,0.7298724287371054,0.6489092881246987
linear,C_s44,R01,03,409,0,214,195,8,8,0.9817073170731707,1,1,0.5,0.4767726161369193,0.7348909657320872,0.6458011714475174,0.7348909657320872,0.6458011714475174
linear,C_s44,R01,04,191,0,101,90,0,8,0.9817073170731707,1,1,0.5,0.4712041884816754,0.8101210121012101,0.8092174113046977,0.8101210121012101,0.8092174113046977
linear,C_s44,R01,05,290,0,198,92,8,0,0.9817073170731707,1,0,0.5,0.31724137931034485,0.8686868686868687,0.6764705882352942,0.8686868686868687,0.6764705882352942
linear,C_s44,R01,06,233,0,13,220,2,10,0.9817073170731707,1,1,0.5,0.944206008583691,0.5926573426573427,0.9545723354793529,0.5926573426573427,0.9545723354793529
linear,C_s44,R01,07,231,0,36,195,0,12,0.9817073170731707,1,1,0.5,0.8441558441558441,0.9103276353276353,0.9716992827290183,0.9103276353276353,0.9716992827290183
linear,C_s44,R01,08,235,0,41,194,0,8,0.9817073170731707,1,1,0.5,0.825531914893617,0.6834297208951471,0.906366912778781,0.6834297208951471,0.906366912778781
linear,C_s44,R01,09,229,0,229,0,12,0,0.9817073170731707,0,0,,,,,,
linear,C_s44,R01,10,231,0,231,0,8,0,0.9817073170731707,0,0,,,,,,
linear,C_s44,R01,11,232,0,232,0,8,0,0.9817073170731707,0,0,,,,,,
linear,C_s44,R01,12,231,0,231,0,8,0,0.9817073170731707,0,0,,,,,,
linear,C_s44,R01,13,229,0,229,0,8,0,0.9817073170731707,0,0,,,,,,
linear,C_s44,R01,14,230,0,230,0,8,0,0.9817073170731707,0,0,,,,,,
linear,C_s44,R01,15,228,0,228,0,8,0,0.9817073170731707,0,0,,,,,,
linear,D_s44,R01,01,230,0,89,141,0,8,0.9719512195121951,1,1,0.5,0.6130434782608696,0.6906924854570085,0.8037816623238846,0.6906924854570085,0.8037816623238846
linear,D_s44,R01,02,256,0,129,127,8,4,0.9719512195121951,1,1,0.5,0.49609375,0.7298724287371054,0.6489092881246987,0.7298724287371054,0.6489092881246987
linear,D_s44,R01,03,409,0,214,195,8,8,0.9719512195121951,1,1,0.5093457943925234,0.48148148148148145,0.7348909657320872,0.6458011714475174,0.7365684160076683,0.6469400627321666
linear,D_s44,R01,04,191,0,101,90,0,8,0.9719512195121951,1,1,0.5396039603960396,0.4918032786885246,0.8101210121012101,0.8092174113046977,0.8198019801980198,0.8192779724219886
linear,D_s44,R01,05,290,0,198,92,8,0,0.9719512195121951,1,0,0.5101010101010102,0.32167832167832167,0.8686868686868687,0.6764705882352942,0.8686868686868686,0.6764705882352942
linear,D_s44,R01,06,233,0,13,220,2,10,0.9719512195121951,1,1,0.5944055944055944,0.9543421008098456,0.5926573426573427,0.9545723354793529,0.6167832167832168,0.9589565649182117
linear,D_s44,R01,07,231,0,36,195,0,12,0.9719512195121951,1,1,0.5555555555555556,0.8590308370044053,0.9103276353276353,0.9716992827290183,0.9103276353276353,0.9716992827290183
linear,D_s44,R01,08,235,0,41,194,0,8,0.9719512195121951,1,1,0.5487804878048781,0.8398268398268398,0.6834297208951471,0.906366912778781,0.6980135780739251,0.9126562011871291
linear,D_s44,R01,09,229,0,229,0,12,0,0.9719512195121951,0,0,,,,,,
linear,D_s44,R01,10,231,0,231,0,8,0,0.9719512195121951,0,0,,,,,,
linear,D_s44,R01,11,232,0,232,0,8,0,0.9719512195121951,0,0,,,,,,
linear,D_s44,R01,12,231,0,231,0,8,0,0.9719512195121951,0,0,,,,,,
linear,D_s44,R01,13,229,0,229,0,8,0,0.9719512195121951,0,0,,,,,,
linear,D_s44,R01,14,230,0,230,0,8,0,0.9719512195121951,0,0,,,,,,
linear,D_s44,R01,15,228,0,228,0,8,0,0.9719512195121951,0,0,,,,,,
linear,A,R02,01,583,0,583,0,0,0,0.9586821967753556,0,0,,,,,,
linear,A,R02,02,595,0,595,0,4,0,0.9586821967753556,0,0,,,,,,
linear,A,R02,03,573,0,277,296,0,12,0.9586821967753556,1,1,1.0,1.0,0.4981705532247049,0.5370923414358012,0.7954922431456728,0.8388576453854192
linear,A,R02,04,578,0,284,294,0,20,0.9586821967753556,1,1,0.9903947494490755,0.9847261891109134,0.5351154546325573,0.555804694789557,0.7972357957267414,0.8273279113773206
linear,A,R02,05,583,0,279,304,0,12,0.9586821967753556,1,1,0.9974415204678362,0.9959818002644109,0.5575539992454254,0.5708583304851217,0.7018958687040182,0.7700058014290859
linear,A,R02,06,604,0,298,306,0,12,0.9586821967753556,1,1,0.9917313681624775,0.988438522968331,0.530925121726543,0.5479755533967897,0.6751984910295215,0.6960975214039983
linear,A,R02,07,536,0,422,114,16,12,0.9586821967753556,1,1,0.7486904464953853,0.40990245635304157,0.24698594828302983,0.2620343963356667,0.26544441672902636,0.2593261212778598
linear,A,R02,08,784,0,590,194,4,0,0.9586821967753556,4,0,0.4824742268041237,0.24567813806697358,0.5867027782631486,0.3073955683491766,0.6058186265944434,0.27857770829643425
linear,A,R02,09,853,0,701,152,12,4,0.9586821967753556,2,1,0.6539154591185524,0.24066682455658778,0.509159846835348,0.20997378415444182,0.6100870936256476,0.21946891945235425
linear,A,R02,10,612,0,300,312,0,4,0.9586821967753556,1,1,0.6622222222222222,0.5814160781128159,0.4143589743589744,0.4749756104452112,0.46384615384615385,0.47546668607595277
linear,A,R02,11,590,0,350,240,4,0,0.9586821967753556,1,0,0.7213571428571428,0.551966494063205,0.18,0.40955631399317405,0.2259761904761905,0.29251975634046257
linear,A,R02,12,0,806,0,0,0,0,0.9586821967753556,0,0,,,,,,
linear,A,R02,13,0,609,0,0,0,0,0.9586821967753556,0,0,,,,,,
linear,A,R02,14,0,497,0,0,0,0,0.9586821967753556,0,0,,,,,,
linear,A,R02,15,815,0,415,400,8,8,0.9586821967753556,2,2,0.278578313253012,0.3663034323632598,0.365987951807229,0.5802425046273575,0.36572289156626514,0.41181191647585
linear,B,R02,01,583,0,583,0,4,0,0.9564771251105264,0,0,,,,,,
linear,B,R02,02,595,0,595,0,12,0,0.9564771251105264,0,0,,,,,,
linear,B,R02,03,573,0,277,296,0,12,0.9564771251105264,1,1,0.9999999999999999,1.0,0.4981705532247049,0.5370923414358012,0.7647575373207143,0.7871115736812498
linear,B,R02,04,578,0,284,294,4,20,0.9564771251105264,1,1,0.998970010539427,0.9991144386748783,0.5351154546325573,0.555804694789557,0.7694979400210789,0.7911071615638081
linear,B,R02,05,583,0,279,304,0,12,0.9564771251105264,1,1,0.9970406527070363,0.9952703501903956,0.5575539992454254,0.5708583304851217,0.7053386153555933,0.7721763537364178
linear,B,R02,06,604,0,298,306,4,12,0.9564771251105264,1,1,0.9948896784664649,0.9908035466676879,0.530925121726543,0.5479755533967897,0.6790586480677282,0.7213676954223824
linear,B,R02,07,536,0,422,114,24,20,0.9564771251105264,1,1,0.8048141681217261,0.43488560597385084,0.24698594828302983,0.2620343963356667,0.3157479005570799,0.29472263616834404
linear,B,R02,08,784,0,590,194,4,0,0.9564771251105264,4,0,0.34901275554778965,0.18456624686175443,0.5867027782631486,0.3073955683491766,0.5368338284116723,0.24365199611650235
linear,B,R02,09,853,0,701,152,0,0,0.9564771251105264,2,0,0.6927791125459869,0.2818232855255037,0.509159846835348,0.20997378415444182,0.5781590209475186,0.223799744289281
linear,B,R02,10,612,0,300,312,0,4,0.9564771251105264,1,1,0.4825641025641026,0.4994137372623008,0.4143589743589744,0.4749756104452112,0.4205982905982906,0.45606347404006153
linear,B,R02,11,590,0,350,240,0,0,0.9564771251105264,1,0,0.06726190476190476,0.25363155632121887,0.18,0.40955631399317405,0.06745238095238094,0.25363455932422185
linear,B,R02,12,0,806,0,0,0,0,0.9564771251105264,0,0,,,,,,
linear,B,R02,13,0,609,0,0,0,0,0.9564771251105264,0,0,,,,,,
linear,B,R02,14,0,497,0,0,0,0,0.9564771251105264,0,0,,,,,,
linear,B,R02,15,815,0,415,400,6,6,0.9564771251105264,2,2,0.43416867469879517,0.42500832950914713,0.365987951807229,0.5802425046273575,0.36543373493975906,0.39965898867570704
linear,C_s42,R02,01,583,0,583,0,4,0,0.9565456545654565,0,0,,,,,,
linear,C_s42,R02,02,595,0,595,0,12,0,0.9565456545654565,0,0,,,,,,
linear,C_s42,R02,03,573,0,277,296,0,12,0.9565456545654565,1,1,1.0,1.0,0.4981705532247049,0.5370923414358012,0.7631964094057957,0.7893124972182614
linear,C_s42,R02,04,578,0,284,294,4,20,0.9565456545654565,1,1,0.9990658235125035,0.9991853028636605,0.5351154546325573,0.555804694789557,0.7818578135479544,0.7979577986584019
linear,C_s42,R02,05,583,0,279,304,0,12,0.9565456545654565,1,1,0.9967930579136012,0.9951699676373406,0.5575539992454254,0.5708583304851217,0.6937016600641388,0.7603157269157493
linear,C_s42,R02,06,604,0,298,306,4,12,0.9565456545654565,1,1,0.9949774093082423,0.9908941882017592,0.530925121726543,0.5479755533967897,0.6721279115673116,0.7062018677915997
linear,C_s42,R02,07,536,0,422,114,20,20,0.9565456545654565,1,1,0.7446162800365843,0.3613704596694756,0.24698594828302983,0.2620343963356667,0.2997838197389207,0.26726464063690325
linear,C_s42,R02,08,784,0,590,194,8,0,0.9565456545654565,4,0,0.39112353660667476,0.19591254469885744,0.5867027782631486,0.3073955683491766,0.5413419535208805,0.24531260097095195
linear,C_s42,R02,09,853,0,701,152,0,4,0.9565456545654565,2,1,0.6995363766048502,0.2709684253433588,0.509159846835348,0.20997378415444182,0.5776709963210451,0.21987983982186532
linear,C_s42,R02,10,612,0,300,312,0,0,0.9565456545654565,1,0,0.5057264957264958,0.5170644679206926,0.4143589743589744,0.4749756104452112,0.42786324786324786,0.45582434680413764
linear,C_s42,R02,11,590,0,350,240,0,0,0.9565456545654565,1,0,0.06278571428571428,0.2505933776324567,0.18,0.40955631399317405,0.058785714285714274,0.2504573473677595
linear,C_s42,R02,12,0,806,0,0,0,0,0.9565456545654565,0,0,,,,,,
linear,C_s42,R02,13,0,609,0,0,0,0,0.9565456545654565,0,0,,,,,,
linear,C_s42,R02,14,0,497,0,0,0,0,0.9565456545654565,0,0,,,,,,
linear,C_s42,R02,15,815,0,415,400,6,6,0.9565456545654565,2,2,0.5598554216867471,0.49297301787989417,0.365987951807229,0.5802425046273575,0.37116867469879516,0.4029965245417038
linear,D_s42,R02,01,583,0,583,0,0,0,0.9702970297029703,0,0,,,,,,
linear,D_s42,R02,02,595,0,595,0,4,0,0.9702970297029703,0,0,,,,,,
linear,D_s42,R02,03,573,0,277,296,0,12,0.9702970297029703,1,1,1.0,1.0,0.4981705532247049,0.5370923414358012,0.7274856083520344,0.7643484737361993
linear,D_s42,R02,04,578,0,284,294,4,20,0.9702970297029703,1,1,0.9985388521605826,0.9982920142894679,0.5351154546325573,0.555804694789557,0.7713662929960716,0.7917934756252072
linear,D_s42,R02,05,583,0,279,304,0,12,0.9702970297029703,1,1,0.9955904546312017,0.9898719229215335,0.5575539992454254,0.5708583304851217,0.7634762308998303,0.7778025898888061
linear,D_s42,R02,06,604,0,298,306,4,12,0.9702970297029703,1,1,0.9874764223362723,0.9694253369569585,0.530925121726543,0.5479755533967897,0.72638943720665,0.7243669528944017
linear,D_s42,R02,07,536,0,422,114,12,12,0.9702970297029703,1,1,0.6753554502369669,0.3051868092803301,0.24698594828302983,0.2620343963356667,0.3499210110584518,0.2350666211026751
linear,D_s42,R02,08,784,0,590,194,0,0,0.9702970297029703,4,0,0.18708719203215096,0.15497224464984596,0.5867027782631486,0.3073955683491766,0.3753450987244452,0.19246145306352197
linear,D_s42,R02,09,853,0,701,152,4,0,0.9702970297029703,2,0,0.638054658758165,0.23405988458213264,0.509159846835348,0.20997378415444182,0.5799046474960582,0.21901998114200377
linear,D_s42,R02,10,612,0,300,312,0,0,0.9702970297029703,1,0,0.5316239316239316,0.4984320415334683,0.4143589743589744,0.4749756104452112,0.4358974358974359,0.46704920720753257
linear,D_s42,R02,11,590,0,350,240,4,0,0.9702970297029703,1,0,0.1162857142857143,0.2585380288410859,0.18,0.40955631399317405,0.09619047619047622,0.25647028327271426
linear,D_s42,R02,12,0,806,0,0,0,0,0.9702970297029703,0,0,,,,,,
linear,D_s42,R02,13,0,609,0,0,0,0,0.9702970297029703,0,0,,,,,,
linear,D_s42,R02,14,0,497,0,0,0,0,0.9702970297029703,0,0,,,,,,
linear,D_s42,R02,15,815,0,415,400,8,0,0.9702970297029703,2,0,0.5336144578313253,0.4744296019329589,0.365987951807229,0.5802425046273575,0.3880602409638554,0.39994896103354083
linear,C_s43,R02,01,583,0,583,0,4,0,0.9570957095709571,0,0,,,,,,
linear,C_s43,R02,02,595,0,595,0,12,0,0.9570957095709571,0,0,,,,,,
linear,C_s43,R02,03,573,0,277,296,0,12,0.9570957095709571,1,1,1.0,1.0,0.4981705532247049,0.5370923414358012,0.7526587959800957,0.7826301092606286
linear,C_s43,R02,04,578,0,284,294,4,20,0.9570957095709571,1,1,0.998970010539427,0.9991144386748783,0.5351154546325573,0.555804694789557,0.7717974513749161,0.7930006125900709
linear,C_s43,R02,05,583,0,279,304,0,12,0.9570957095709571,1,1,0.9966279947179777,0.9946786046809346,0.5575539992454254,0.5708583304851217,0.6974273721939256,0.7656367731297808
linear,C_s43,R02,06,604,0,298,306,0,12,0.9570957095709571,1,1,0.9948019476246874,0.9905102513798166,0.530925121726543,0.5479755533967897,0.6687941395797692,0.7078083074844543
linear,C_s43,R02,07,536,0,422,114,24,20,0.9570957095709571,1,1,0.7496882015465203,0.3681844714205123,0.24698594828302983,0.2620343963356667,0.3046894487403342,0.24934752478766786
linear,C_s43,R02,08,784,0,590,194,8,0,0.9570957095709571,4,0,0.38446618906168095,0.19408158724397306,0.5867027782631486,0.3073955683491766,0.5393674646164599,0.24406459266187172
linear,C_s43,R02,09,853,0,701,152,4,4,0.9570957095709571,2,1,0.7037596666416397,0.27487283180986744,0.509159846835348,0.20997378415444182,0.5801862001651776,0.20602465855857346
linear,C_s43,R02,10,612,0,300,312,0,0,0.9570957095709571,1,0,0.48769230769230765,0.5037295013898777,0.4143589743589744,0.4749756104452112,0.4222222222222221,0.45781194271384307
linear,C_s43,R02,11,590,0,350,240,0,0,0.9570957095709571,1,0,0.07645238095238094,0.25235105430279864,0.18,0.40955631399317405,0.07283333333333332,0.25223232107028226
linear,C_s43,R02,12,0,806,0,0,0,0,0.9570957095709571,0,0,,,,,,
linear,C_s43,R02,13,0,609,0,0,0,0,0.9570957095709571,0,0,,,,,,
linear,C_s43,R02,14,0,497,0,0,0,0,0.9570957095709571,0,0,,,,,,
linear,C_s43,R02,15,815,0,415,400,6,6,0.9570957095709571,2,2,0.5427469879518072,0.48015854049535756,0.365987951807229,0.5802425046273575,0.37755421686746987,0.40809146180047473
linear,D_s43,R02,01,583,0,583,0,0,0,0.966996699669967,0,0,,,,,,
linear,D_s43,R02,02,595,0,595,0,4,0,0.966996699669967,0,0,,,,,,
linear,D_s43,R02,03,573,0,277,296,4,12,0.966996699669967,1,1,1.0,1.0,0.4981705532247049,0.5370923414358012,0.7509025270758123,0.7776316734691916
linear,D_s43,R02,04,578,0,284,294,4,20,0.966996699669967,1,1,0.9991616364855802,0.9991109825604599,0.5351154546325573,0.555804694789557,0.756227843249976,0.7875850099588273
linear,D_s43,R02,05,583,0,279,304,4,12,0.966996699669967,1,1,0.9954489718920958,0.9882265606992915,0.5575539992454254,0.5708583304851217,0.7740402754197322,0.7821043208136419
linear,D_s43,R02,06,604,0,298,306,4,12,0.966996699669967,1,1,0.9883098653331579,0.9777009518571718,0.530925121726543,0.5479755533967897,0.7333640391279554,0.7339099768276497
linear,D_s43,R02,07,536,0,422,114,16,8,0.966996699669967,1,1,0.6603891244699427,0.28763098560204986,0.24698594828302983,0.2620343963356667,0.3396108755300573,0.2165757436164919
linear,D_s43,R02,08,784,0,590,194,4,0,0.966996699669967,4,0,0.16569980779311552,0.15279288719144768,0.5867027782631486,0.3073955683491766,0.39253887821072864,0.19504548290973273
linear,D_s43,R02,09,853,0,701,152,4,4,0.966996699669967,2,1,0.6115699376830093,0.23329610094795206,0.509159846835348,0.20997378415444182,0.5704257076357084,0.21448091411359677
linear,D_s43,R02,10,612,0,300,312,0,0,0.966996699669967,1,0,0.544017094017094,0.5036408159482202,0.4143589743589744,0.4749756104452112,0.4352991452991454,0.4507866832084317
linear,D_s43,R02,11,590,0,350,240,4,0,0.966996699669967,1,0,0.19264285714285717,0.2748537098824051,0.18,0.40955631399317405,0.15588095238095237,0.2699336435059885
linear,D_s43,R02,12,0,806,0,0,0,0,0.966996699669967,0,0,,,,,,
linear,D_s43,R02,13,0,609,0,0,0,0,0.966996699669967,0,0,,,,,,
linear,D_s43,R02,14,0,497,0,0,0,0,0.966996699669967,0,0,,,,,,
linear,D_s43,R02,15,815,0,415,400,4,0,0.966996699669967,2,0,0.5659518072289156,0.49391848807740873,0.365987951807229,0.5802425046273575,0.4133132530120482,0.4125583189503123
linear,C_s44,R02,01,583,0,583,0,4,0,0.9581309288591483,0,0,,,,,,
linear,C_s44,R02,02,595,0,595,0,12,0,0.9581309288591483,0,0,,,,,,
linear,C_s44,R02,03,573,0,277,296,0,12,0.9581309288591483,1,1,1.0,1.0,0.4981705532247049,0.5370923414358012,0.7604644355546883,0.7870778761374214
linear,C_s44,R02,04,578,0,284,294,4,20,0.9581309288591483,1,1,0.9990658235125036,0.9991853028636605,0.5351154546325573,0.555804694789557,0.766910989748012,0.790881524588864
linear,C_s44,R02,05,583,0,279,304,0,12,0.9581309288591483,1,1,0.9969109601961894,0.9952779137612634,0.5575539992454254,0.5708583304851217,0.7012709866063007,0.7681867304332587
linear,C_s44,R02,06,604,0,298,306,0,12,0.9581309288591483,1,1,0.9958547177260166,0.9924895366071838,0.530925121726543,0.5479755533967897,0.6725665657761987,0.7105164856070847
linear,C_s44,R02,07,536,0,422,114,20,20,0.9581309288591483,1,1,0.7570882181757712,0.3790746788923429,0.24698594828302983,0.2620343963356667,0.3034422549264156,0.27242049034242916
linear,C_s44,R02,08,784,0,590,194,8,0,0.9581309288591483,4,0,0.37712738074436475,0.19346165457833295,0.5867027782631486,0.3073955683491766,0.5386510571378648,0.2442788906491077
linear,C_s44,R02,09,853,0,701,152,4,4,0.9581309288591483,2,1,0.7017887979578047,0.2679247584661407,0.509159846835348,0.20997378415444182,0.5765260154666265,0.20626418626871354
linear,C_s44,R02,10,612,0,300,312,0,0,0.9581309288591483,1,0,0.49273504273504276,0.5078543559724978,0.4143589743589744,0.4749756104452112,0.4248717948717949,0.452308625165703
linear,C_s44,R02,11,590,0,350,240,0,0,0.9581309288591483,1,0,0.0652142857142857,0.25005943401277786,0.18,0.40955631399317405,0.06111904761904761,0.249898148625923
linear,C_s44,R02,12,0,806,0,0,0,0,0.9581309288591483,0,0,,,,,,
linear,C_s44,R02,13,0,609,0,0,0,0,0.9581309288591483,0,0,,,,,,
linear,C_s44,R02,14,0,497,0,0,0,0,0.9581309288591483,0,0,,,,,,
linear,C_s44,R02,15,815,0,415,400,6,6,0.9581309288591483,2,2,0.5586746987951807,0.4940045740770602,0.365987951807229,0.5802425046273575,0.36984337349397595,0.4026217426902066
linear,D_s44,R02,01,583,0,583,0,4,0,0.9656215621562156,0,0,,,,,,
linear,D_s44,R02,02,595,0,595,0,4,0,0.9656215621562156,0,0,,,,,,
linear,D_s44,R02,03,573,0,277,296,4,12,0.9656215621562156,1,1,1.0,1.0,0.4981705532247049,0.5370923414358012,0.757537320714216,0.7754866560221999
linear,D_s44,R02,04,578,0,284,294,4,20,0.9656215621562156,1,1,0.9984430391875059,0.9983366467653333,0.5351154546325573,0.555804694789557,0.7390773210692728,0.7697335899595813
linear,D_s44,R02,05,583,0,279,304,4,12,0.9656215621562156,1,1,0.9955197132616488,0.9889061081918951,0.5575539992454254,0.5708583304851217,0.735651292209017,0.7524317788764189
linear,D_s44,R02,06,604,0,298,306,4,12,0.9656215621562156,1,1,0.9906785980611484,0.9817209696621461,0.530925121726543,0.5479755533967897,0.7127472913102602,0.7276931526582002
linear,D_s44,R02,07,536,0,422,114,12,16,0.9656215621562156,1,1,0.7331420969485325,0.37823351105583775,0.24698594828302983,0.2620343963356667,0.35890080651866635,0.23034712437341265
linear,D_s44,R02,08,784,0,590,194,4,0,0.9656215621562156,4,0,0.164371832954744,0.15325868213947744,0.5867027782631486,0.3073955683491766,0.4430193954219815,0.20995968057955702
linear,D_s44,R02,09,853,0,701,152,0,0,0.9656215621562156,2,0,0.6231792927396952,0.23113268633594194,0.509159846835348,0.20997378415444182,0.5533448457091373,0.2065659233571745
linear,D_s44,R02,10,612,0,300,312,0,0,0.9656215621562156,1,0,0.5117094017094017,0.48235710624681694,0.4143589743589744,0.4749756104452112,0.4337606837606838,0.461124585578516
linear,D_s44,R02,11,590,0,350,240,0,0,0.9656215621562156,1,0,0.2075,0.2766014116639671,0.18,0.40955631399317405,0.12069047619047618,0.261560622446174
linear,D_s44,R02,12,0,806,0,0,0,0,0.9656215621562156,0,0,,,,,,
linear,D_s44,R02,13,0,609,0,0,0,0,0.9656215621562156,0,0,,,,,,
linear,D_s44,R02,14,0,497,0,0,0,0,0.9656215621562156,0,0,,,,,,
linear,D_s44,R02,15,815,0,415,400,4,0,0.9656215621562156,2,0,0.412289156626506,0.41527769215429944,0.365987951807229,0.5802425046273575,0.36357831325301204,0.39548733786609297
linear,A,R03,01,720,0,0,720,0,692,0.9964438122332859,1,1,,1.0,,0.9999999999999999,,1.0
linear,A,R03,02,676,0,0,676,0,60,0.9964438122332859,1,1,,1.0,,1.0,,1.0
linear,A,R03,03,674,0,0,674,0,12,0.9964438122332859,1,1,,0.9999999999999999,,1.0,,0.9999999999999999
linear,A,R03,04,683,0,0,683,0,28,0.9964438122332859,1,1,,1.0,,1.0,,1.0
linear,A,R03,05,574,0,515,59,0,0,0.9964438122332859,1,0,0.4548790521638966,0.13651998986569616,0.5688168504196149,0.21231993512894715,0.4538259009379628,0.13475255986714857
linear,A,R03,06,582,0,131,451,0,52,0.9964438122332859,1,1,0.5210389126792031,0.8311618143935574,0.6678881535519033,0.8528803830099568,0.5349858668607504,0.837094503896057
linear,A,R03,07,686,0,269,417,0,8,0.9964438122332859,1,1,0.5963065978444011,0.7181704858747098,0.49562283258894746,0.6073721562550125,0.5963065978444011,0.7181704858747098
linear,A,R03,08,695,0,290,405,0,12,0.9964438122332859,1,1,0.3946402724563644,0.5721695752157949,0.6153597275436355,0.7885054939090598,0.40373350361856114,0.5845491000008037
linear,A,R03,09,712,0,620,92,16,0,0.9964438122332859,1,0,0.9361851332398317,0.519659296095135,0.03225806451612906,0.12994350282485875,0.935343618513324,0.5175791785745846
linear,A,R03,10,647,0,445,202,0,8,0.9964438122332859,1,1,0.7492768939815331,0.5760283747506333,0.10278673934809218,0.28758016504736583,0.7440260318166648,0.5807923200260255
linear,A,R03,11,706,0,490,216,0,22,0.9964438122332859,1,1,0.8887944066515494,0.7091847039309748,0.30610355253212396,0.466062278701128,0.8750377928949358,0.6832774491751182
linear,A,R03,12,841,0,670,171,4,0,0.9964438122332859,2,0,0.4483852666492101,0.17441488040767023,0.512686567164179,0.2775974025974026,0.44817578772802646,0.1742863539633543
linear,A,R03,13,766,0,664,102,0,4,0.9964438122332859,1,1,0.5421391448145523,0.19053094492684353,0.3359024332624616,0.18559798754811543,0.5569040869359793,0.24744502200328936
linear,A,R03,14,908,0,780,128,176,0,0.9964438122332859,2,0,0.5326722756410257,0.15793552751495046,0.3201522435897436,0.1348758814199701,0.42055288461538465,0.1173432014685257
linear,A,R03,15,692,0,620,72,0,20,0.9964438122332859,1,1,0.7046594982078852,0.4729685766534495,0.8064516129032259,0.7147268429245174,0.7437275985663082,0.48013988217839426
linear,A,R03,16,730,0,730,0,40,0,0.9964438122332859,0,0,,,,,,
linear,A,R03,17,713,0,713,0,20,0,0.9964438122332859,0,0,,,,,,
linear,B,R03,01,720,0,0,720,0,272,0.9964438122332859,1,1,,1.0,,0.9999999999999999,,1.0
linear,B,R03,02,676,0,0,676,0,40,0.9964438122332859,1,1,,1.0,,1.0,,1.0
linear,B,R03,03,674,0,0,674,0,0,0.9964438122332859,1,0,,1.0,,1.0,,1.0
linear,B,R03,04,683,0,0,683,0,16,0.9964438122332859,1,1,,1.0,,1.0,,1.0
linear,B,R03,05,574,0,515,59,0,0,0.9964438122332859,1,0,0.7129011025176897,0.21838894668584086,0.5688168504196149,0.21231993512894715,0.7015797268389008,0.20776052262272587
linear,B,R03,06,582,0,131,451,0,28,0.9964438122332859,1,1,0.9050540782992841,0.9713413415262184,0.6678881535519033,0.8528803830099568,0.905054078299284,0.9713413415262184
linear,B,R03,07,686,0,269,417,0,22,0.9964438122332859,1,1,0.7971570698831268,0.85258203005448,0.49562283258894746,0.6073721562550125,0.797157069883127,0.85258203005448
linear,B,R03,08,695,0,290,405,0,0,0.9964438122332859,1,0,0.5232311621966794,0.5934429380092521,0.6153597275436355,0.7885054939090598,0.5270966368667518,0.6100879053198318
linear,B,R03,09,712,0,620,92,0,0,0.9964438122332859,1,0,0.949929873772791,0.6572981366459627,0.03225806451612906,0.12994350282485875,0.949929873772791,0.6572981366459627
linear,B,R03,10,647,0,445,202,0,8,0.9964438122332859,1,1,0.9817387918567139,0.951440987173564,0.10278673934809218,0.28758016504736583,0.9720157970853265,0.9129368484783826
linear,B,R03,11,706,0,490,216,0,22,0.9964438122332859,1,1,0.8420445956160242,0.6403725795147142,0.30610355253212396,0.466062278701128,0.8344860166288738,0.6246419274564716
linear,B,R03,12,841,0,670,171,0,0,0.9964438122332859,2,0,0.2634502923976608,0.1405009751887904,0.512686567164179,0.2775974025974026,0.2634502923976608,0.14050097518879037
linear,B,R03,13,766,0,664,102,4,4,0.9964438122332859,1,1,0.7034904323175054,0.22217636662144935,0.3359024332624616,0.18559798754811543,0.7066796598157336,0.26434564342507527
linear,B,R03,14,908,0,780,128,176,4,0.9964438122332859,2,1,0.5356971153846154,0.16979185404614,0.3201522435897436,0.1348758814199701,0.43211137820512824,0.11785641843521212
linear,B,R03,15,692,0,620,72,0,20,0.9964438122332859,1,1,0.6315412186379927,0.4475689754974417,0.8064516129032259,0.7147268429245174,0.6750896057347671,0.4660555446220095
linear,B,R03,16,730,0,730,0,8,0,0.9964438122332859,0,0,,,,,,
linear,B,R03,17,713,0,713,0,8,0,0.9964438122332859,0,0,,,,,,
linear,C_s42,R03,01,720,0,0,720,0,252,0.9964438122332859,1,1,,1.0,,0.9999999999999999,,1.0
linear,C_s42,R03,02,676,0,0,676,0,76,0.9964438122332859,1,1,,1.0,,1.0,,1.0
linear,C_s42,R03,03,674,0,0,674,0,0,0.9964438122332859,1,0,,1.0,,1.0,,1.0
linear,C_s42,R03,04,683,0,0,683,0,16,0.9964438122332859,1,1,,1.0,,1.0,,1.0
linear,C_s42,R03,05,574,0,515,59,0,0,0.9964438122332859,1,0,0.5915912456804345,0.21883021457113974,0.5688168504196149,0.21231993512894715,0.5817179529373047,0.19445664757387382
linear,C_s42,R03,06,582,0,131,451,0,40,0.9964438122332859,1,1,0.8652781774174437,0.9577304673246496,0.6678881535519033,0.8528803830099568,0.8655489920617456,0.9578874439547538
linear,C_s42,R03,07,686,0,269,417,0,8,0.9964438122332859,1,1,0.7276037905734891,0.8036360589457927,0.49562283258894746,0.6073721562550125,0.7276037905734891,0.8036360589457927
linear,C_s42,R03,08,695,0,290,405,0,0,0.9964438122332859,1,0,0.4471051511281397,0.6032417141838234,0.6153597275436355,0.7885054939090598,0.45200936568752664,0.608150707209955
linear,C_s42,R03,09,712,0,620,92,28,12,0.9964438122332859,1,1,0.9511921458625526,0.5932768318637884,0.03225806451612906,0.12994350282485875,0.9511921458625526,0.5932768318637884
linear,C_s42,R03,10,647,0,445,202,0,12,0.9964438122332859,1,1,0.9850094560017799,0.9572676684433625,0.10278673934809218,0.28758016504736583,0.9775114028256757,0.9346561386121619
linear,C_s42,R03,11,706,0,490,216,0,22,0.9964438122332859,1,1,0.8665721844293273,0.6735111294466275,0.30610355253212396,0.466062278701128,0.8585600907029478,0.6562030223725142
linear,C_s42,R03,12,841,0,670,171,0,0,0.9964438122332859,2,0,0.3708431526577638,0.15770979724779544,0.512686567164179,0.2775974025974026,0.36920223444182587,0.15748107126399707
linear,C_s42,R03,13,766,0,664,102,4,4,0.9964438122332859,1,1,0.6541755256319395,0.2094284003388972,0.3359024332624616,0.18559798754811543,0.655474840538625,0.25434605911420194
linear,C_s42,R03,14,908,0,780,128,176,4,0.9964438122332859,2,1,0.43615785256410255,0.1554292392719917,0.3201522435897436,0.1348758814199701,0.3395432692307693,0.10341069078073076
linear,C_s42,R03,15,692,0,620,72,0,20,0.9964438122332859,1,1,0.6431899641577061,0.4325319352138065,0.8064516129032259,0.7147268429245174,0.6913978494623656,0.4514991225041006
linear,C_s42,R03,16,730,0,730,0,4,0,0.9964438122332859,0,0,,,,,,
linear,C_s42,R03,17,713,0,713,0,8,0,0.9964438122332859,0,0,,,,,,
linear,D_s42,R03,01,720,0,0,720,0,228,0.9950213371266002,1,1,,0.9999999999999999,,0.9999999999999999,,0.9999999999999999
linear,D_s42,R03,02,676,0,0,676,0,16,0.9950213371266002,1,1,,1.0,,1.0,,1.0000000000000002
linear,D_s42,R03,03,674,0,0,674,0,0,0.9950213371266002,1,0,,1.0,,1.0,,0.9999999999999998
linear,D_s42,R03,04,683,0,0,683,0,12,0.9950213371266002,1,1,,1.0,,1.0,,1.0
linear,D_s42,R03,05,574,0,515,59,4,0,0.9950213371266002,1,0,0.4774559815698535,0.15300011090292817,0.5688168504196149,0.21231993512894715,0.472321869343426,0.15169736103624082
linear,D_s42,R03,06,582,0,131,451,0,16,0.9950213371266002,1,1,0.8035662903471504,0.9165754141853738,0.6678881535519033,0.8528803830099568,0.8121985071342733,0.9191186195605375
linear,D_s42,R03,07,686,0,269,417,0,8,0.9950213371266002,1,1,0.8687250942740232,0.8836730201570474,0.49562283258894746,0.6073721562550125,0.8687250942740232,0.8836730201570474
linear,D_s42,R03,08,695,0,290,405,0,0,0.9950213371266002,1,0,0.6072924648786717,0.7147618595626398,0.6153597275436355,0.7885054939090598,0.609369944657301,0.715039658594492
linear,D_s42,R03,09,712,0,620,92,36,92,0.9950213371266002,1,1,0.9701262272089761,0.7211050724637681,0.03225806451612906,0.12994350282485875,0.9701262272089761,0.7211050724637681
linear,D_s42,R03,10,647,0,445,202,0,12,0.9950213371266002,1,1,0.9264823673378575,0.8827313711174344,0.10278673934809218,0.28758016504736583,0.9265713650016687,0.8833314311234353
linear,D_s42,R03,11,706,0,490,216,0,22,0.9950213371266002,1,1,0.2821806500377929,0.3314377517568055,0.30610355253212396,0.466062278701128,0.2819538926681784,0.33246528032056594
linear,D_s42,R03,12,841,0,670,171,0,0,0.9950213371266002,2,0,0.5947848476913677,0.22331509610392913,0.512686567164179,0.2775974025974026,0.5947848476913677,0.22331509610392913
linear,D_s42,R03,13,766,0,664,102,4,4,0.9950213371266002,1,1,0.6677592723836523,0.36292010646332473,0.3359024332624616,0.18559798754811543,0.6648062839593667,0.40109541154380546
linear,D_s42,R03,14,908,0,780,128,176,0,0.9950213371266002,2,0,0.460536858974359,0.14730273358664925,0.3201522435897436,0.1348758814199701,0.31963141025641023,0.10365063365540544
linear,D_s42,R03,15,692,0,620,72,0,20,0.9950213371266002,1,1,0.4510752688172043,0.40144553274755174,0.8064516129032259,0.7147268429245174,0.5148745519713263,0.41068932534289493
linear,D_s42,R03,16,730,0,730,0,20,0,0.9950213371266002,0,0,,,,,,
linear,D_s42,R03,17,713,0,713,0,8,0,0.9950213371266002,0,0,,,,,,
linear,C_s43,R03,01,720,0,0,720,0,264,0.9964438122332859,1,1,,0.9999999999999999,,0.9999999999999999,,0.9999999999999999
linear,C_s43,R03,02,676,0,0,676,0,76,0.9964438122332859,1,1,,1.0,,1.0,,1.0
linear,C_s43,R03,03,674,0,0,674,0,0,0.9964438122332859,1,0,,0.9999999999999999,,1.0,,0.9999999999999999
linear,C_s43,R03,04,683,0,0,683,0,16,0.9964438122332859,1,1,,1.0,,1.0,,1.0
linear,C_s43,R03,05,574,0,515,59,0,0,0.9964438122332859,1,0,0.6155504360704295,0.23365796445084858,0.5688168504196149,0.21231993512894715,0.6059404311337832,0.21259289283210514
linear,C_s43,R03,06,582,0,131,451,0,44,0.9964438122332859,1,1,0.872082395355529,0.9603211724690138,0.6678881535519033,0.8528803830099568,0.8723532099998308,0.9604780557648156
linear,C_s43,R03,07,686,0,269,417,0,12,0.9964438122332859,1,1,0.7477869005910514,0.8168165427206712,0.49562283258894746,0.6073721562550125,0.7477869005910514,0.8168165427206712
linear,C_s43,R03,08,695,0,290,405,0,0,0.9964438122332859,1,0,0.5007960834397617,0.6254539257008644,0.6153597275436355,0.7885054939090598,0.5055129842486165,0.6313120508090289
linear,C_s43,R03,09,712,0,620,92,28,12,0.9964438122332859,1,1,0.9496493688639552,0.5927371541501977,0.03225806451612906,0.12994350282485875,0.9496493688639551,0.5927371541501977
linear,C_s43,R03,10,647,0,445,202,0,12,0.9964438122332859,1,1,0.9851207030815441,0.9526573916589831,0.10278673934809218,0.28758016504736583,0.9769996662587608,0.9299886780628314
linear,C_s43,R03,11,706,0,490,216,0,26,0.9964438122332859,1,1,0.888718820861678,0.701550948630933,0.30610355253212396,0.466062278701128,0.8785903250188964,0.6808494317891192
linear,C_s43,R03,12,841,0,670,171,0,0,0.9964438122332859,2,0,0.3801300514969014,0.16012351485376666,0.512686567164179,0.2775974025974026,0.378628785895086,0.1599256004355024
linear,C_s43,R03,13,766,0,664,102,4,4,0.9964438122332859,1,1,0.6896113867233641,0.22640835341822557,0.3359024332624616,0.18559798754811543,0.6902019844082211,0.2734693885106043
linear,C_s43,R03,14,908,0,780,128,176,4,0.9964438122332859,2,1,0.43683894230769227,0.1546692813624072,0.3201522435897436,0.1348758814199701,0.3382011217948718,0.10306459843449177
linear,C_s43,R03,15,692,0,620,72,0,20,0.9964438122332859,1,1,0.6584229390681003,0.4373451871786928,0.8064516129032259,0.7147268429245174,0.6958781362007168,0.4517644767567941
linear,C_s43,R03,16,730,0,730,0,4,0,0.9964438122332859,0,0,,,,,,
linear,C_s43,R03,17,713,0,713,0,8,0,0.9964438122332859,0,0,,,,,,
linear,D_s43,R03,01,720,0,0,720,0,0,0.9950213371266002,1,0,,1.0,,0.9999999999999999,,1.0
linear,D_s43,R03,02,676,0,0,676,0,12,0.9950213371266002,1,1,,1.0000000000000002,,1.0,,1.0
linear,D_s43,R03,03,674,0,0,674,0,0,0.9950213371266002,1,0,,0.9999999999999999,,1.0,,1.0
linear,D_s43,R03,04,683,0,0,683,0,12,0.9950213371266002,1,1,,1.0,,1.0,,1.0
linear,D_s43,R03,05,574,0,515,59,4,0,0.9950213371266002,1,0,0.43335527398387363,0.1232786739267669,0.5688168504196149,0.21231993512894715,0.4282211617574461,0.12273292286799715
linear,D_s43,R03,06,582,0,131,451,0,16,0.9950213371266002,1,1,0.7958480729845466,0.9146819478922552,0.6678881535519033,0.8528803830099568,0.8038371049914526,0.9171713550352449
linear,D_s43,R03,07,686,0,269,417,0,8,0.9950213371266002,1,1,0.843068296292334,0.8608635329498638,0.49562283258894746,0.6073721562550125,0.843068296292334,0.8608635329498638
linear,D_s43,R03,08,695,0,290,405,0,0,0.9950213371266002,1,0,0.5875734355044699,0.6613384102358949,0.6153597275436355,0.7885054939090598,0.5908429118773946,0.6622218655812555
linear,D_s43,R03,09,712,0,620,92,24,16,0.9950213371266002,1,1,0.9542776998597475,0.6155129672006101,0.03225806451612906,0.12994350282485875,0.9542776998597475,0.6155129672006103
linear,D_s43,R03,10,647,0,445,202,0,12,0.9950213371266002,1,1,0.9549838691734341,0.91152244935876,0.10278673934809218,0.28758016504736583,0.9551618645010569,0.9125125483686609
linear,D_s43,R03,11,706,0,490,216,0,22,0.9950213371266002,1,1,0.838265306122449,0.6381926067758807,0.30610355253212396,0.466062278701128,0.8359977324263038,0.634999511436231
linear,D_s43,R03,12,841,0,670,171,0,0,0.9950213371266002,2,0,0.57547787378895,0.21740959720735262,0.512686567164179,0.2775974025974026,0.57547787378895,0.21740959720735262
linear,D_s43,R03,13,766,0,664,102,0,4,0.9950213371266002,1,1,0.6385837467517127,0.3076329881826643,0.3359024332624616,0.18559798754811543,0.6498051027639972,0.3579053483400908
linear,D_s43,R03,14,908,0,780,128,176,0,0.9950213371266002,2,0,0.37994791666666666,0.12823300856545153,0.3201522435897436,0.1348758814199701,0.2530448717948718,0.09677180512601907
linear,D_s43,R03,15,692,0,620,72,0,20,0.9950213371266002,1,1,0.46720430107526884,0.4082069875798968,0.8064516129032259,0.7147268429245174,0.4985663082437276,0.4166591945703607
linear,D_s43,R03,16,730,0,730,0,12,0,0.9950213371266002,0,0,,,,,,
linear,D_s43,R03,17,713,0,713,0,8,0,0.9950213371266002,0,0,,,,,,
linear,C_s44,R03,01,720,0,0,720,0,268,0.9964438122332859,1,1,,1.0,,0.9999999999999999,,1.0
linear,C_s44,R03,02,676,0,0,676,0,84,0.9964438122332859,1,1,,1.0,,1.0,,1.0
linear,C_s44,R03,03,674,0,0,674,0,0,0.9964438122332859,1,0,,1.0,,1.0,,1.0
linear,C_s44,R03,04,683,0,0,683,0,16,0.9964438122332859,1,1,,1.0,,1.0,,1.0
linear,C_s44,R03,05,574,0,515,59,0,0,0.9964438122332859,1,0,0.6601118973177554,0.2750805492335038,0.5688168504196149,0.21231993512894715,0.6493170972519335,0.2493249725935553
linear,C_s44,R03,06,582,0,131,451,0,44,0.9964438122332859,1,1,0.8496047798784719,0.9529685966629234,0.6678881535519033,0.8528803830099568,0.8509588530999814,0.9536246752232292
linear,C_s44,R03,07,686,0,269,417,0,12,0.9964438122332859,1,1,0.7170664955024828,0.805881691342334,0.49562283258894746,0.6073721562550125,0.7170664955024828,0.8058816913423341
linear,C_s44,R03,08,695,0,290,405,0,0,0.9964438122332859,1,0,0.43440187313750533,0.5986154750754776,0.6153597275436355,0.7885054939090598,0.4404129416773095,0.5974973958798592
linear,C_s44,R03,09,712,0,620,92,28,12,0.9964438122332859,1,1,0.9516129032258065,0.6035015913259251,0.03225806451612906,0.12994350282485875,0.9516129032258065,0.6035015913259252
linear,C_s44,R03,10,647,0,445,202,0,12,0.9964438122332859,1,1,0.9864779174546668,0.9597671597225388,0.10278673934809218,0.28758016504736583,0.9800478362442986,0.9428479489790552
linear,C_s44,R03,11,706,0,490,216,0,26,0.9964438122332859,1,1,0.8797241118669691,0.6881917175643446,0.30610355253212396,0.466062278701128,0.8669501133786849,0.6648462468922709
linear,C_s44,R03,12,841,0,670,171,0,0,0.9964438122332859,2,0,0.3753905909051235,0.15745499737873103,0.512686567164179,0.2775974025974026,0.37388932530330804,0.15723865440055745
linear,C_s44,R03,13,766,0,664,102,4,4,0.9964438122332859,1,1,0.6669324356248523,0.2183386974546144,0.3359024332624616,0.18559798754811543,0.6672867942357665,0.26617105597486257
linear,C_s44,R03,14,908,0,780,128,176,4,0.9964438122332859,2,1,0.43868189102564104,0.15693772077643658,0.3201522435897436,0.1348758814199701,0.34148637820512817,0.10336245346674168
linear,C_s44,R03,15,692,0,620,72,0,20,0.9964438122332859,1,1,0.6387096774193548,0.4244940705227668,0.8064516129032259,0.7147268429245174,0.6801075268817205,0.4425387441043953
linear,C_s44,R03,16,730,0,730,0,4,0,0.9964438122332859,0,0,,,,,,
linear,C_s44,R03,17,713,0,713,0,8,0,0.9964438122332859,0,0,,,,,,
linear,D_s44,R03,01,720,0,0,720,0,4,0.9950213371266002,1,1,,0.9999999999999999,,0.9999999999999999,,0.9999999999999999
linear,D_s44,R03,02,676,0,0,676,0,12,0.9950213371266002,1,1,,1.0,,1.0,,0.9999999999999999
linear,D_s44,R03,03,674,0,0,674,0,0,0.9950213371266002,1,0,,1.0,,1.0,,1.0
linear,D_s44,R03,04,683,0,0,683,0,12,0.9950213371266002,1,1,,1.0,,1.0,,1.0
linear,D_s44,R03,05,574,0,515,59,0,0,0.9950213371266002,1,0,0.510564423235149,0.22995118654350943,0.5688168504196149,0.21231993512894715,0.5027974329438868,0.21589425126536793
linear,D_s44,R03,06,582,0,131,451,0,16,0.9950213371266002,1,1,0.9246881400111711,0.9771499026455709,0.6678881535519033,0.8528803830099568,0.9252297692997749,0.9774893927738345
linear,D_s44,R03,07,686,0,269,417,0,8,0.9950213371266002,1,1,0.9685708682124932,0.9769205106842341,0.49562283258894746,0.6073721562550125,0.9685708682124932,0.9769205106842338
linear,D_s44,R03,08,695,0,290,405,0,0,0.9950213371266002,1,0,0.6934908471690081,0.7344594147173825,0.6153597275436355,0.7885054939090598,0.6931162196679438,0.7334216618097724
linear,D_s44,R03,09,712,0,620,92,12,12,0.9950213371266002,1,1,0.9656381486676017,0.6838121118012422,0.03225806451612906,0.12994350282485875,0.9656381486676018,0.6838121118012422
linear,D_s44,R03,10,647,0,445,202,0,12,0.9950213371266002,1,1,0.9592780064523306,0.9072549221806412,0.10278673934809218,0.28758016504736583,0.959367004116142,0.9078373333629359
linear,D_s44,R03,11,706,0,490,216,0,22,0.9950213371266002,1,1,0.7364512471655329,0.5267537022697173,0.30610355253212396,0.466062278701128,0.7364512471655329,0.529162615247736
linear,D_s44,R03,12,841,0,670,171,0,0,0.9950213371266002,2,0,0.4133935585231736,0.16670189607694563,0.512686567164179,0.2775974025974026,0.4133935585231736,0.16670189607694563
linear,D_s44,R03,13,766,0,664,102,0,4,0.9950213371266002,1,1,0.5901547365934324,0.3365548879167649,0.3359024332624616,0.18559798754811543,0.5867292700212616,0.3751731223210675
linear,D_s44,R03,14,908,0,780,128,176,0,0.9950213371266002,2,0,0.4465344551282051,0.14209642459537147,0.3201522435897436,0.1348758814199701,0.31342147435897433,0.10194130904138135
linear,D_s44,R03,15,692,0,620,72,0,20,0.9950213371266002,1,1,0.4589605734767025,0.41015843475515457,0.8064516129032259,0.7147268429245174,0.5231182795698924,0.41738237432007896
linear,D_s44,R03,16,730,0,730,0,4,0,0.9950213371266002,0,0,,,,,,
linear,D_s44,R03,17,713,0,713,0,8,0,0.9950213371266002,0,0,,,,,,
linear,A,R04,01,411,0,111,300,29,54,0.9976671850699844,1,1,0.45354354354354354,0.6958081041899616,0.6645945945945946,0.8434979763062518,0.4605105105105105,0.6979630751757044
linear,A,R04,02,398,0,112,286,0,28,0.9976671850699844,1,1,0.43025724275724275,0.7351714910900363,0.6135427072927073,0.8044433301115651,0.43562687312687315,0.7383894190759687
linear,A,R04,03,381,0,65,316,0,36,0.9976671850699844,1,1,0.7884371957156767,0.9494084563937197,0.5381937682570594,0.8631686702673139,0.8225170399221033,0.9568853670633615
linear,A,R04,04,379,0,261,118,0,0,0.9976671850699844,1,0,0.6353334632118969,0.3725596396784432,0.5284271705954932,0.35405546104199404,0.6284498993441133,0.3675702260202339
linear,A,R04,05,465,0,135,330,0,4,0.9976671850699844,1,1,0.7284511784511785,0.8032890167602251,0.45545454545454545,0.7288051954806736,0.7300673400673401,0.8206747318406714
linear,A,R04,06,505,0,92,413,0,12,0.9976671850699844,1,1,0.776186967049163,0.9324167144183532,0.5967996631224339,0.868157560487989,0.7742920307400779,0.9329797331387403
linear,A,R04,07,550,0,399,151,24,0,0.9976671850699844,2,0,0.46595794121064243,0.24545056795242692,0.5029212103105446,0.3357478283306098,0.43694501153546117,0.2340256376841675
linear,A,R04,08,653,0,423,230,24,24,0.9976671850699844,3,2,0.6381334155617227,0.4695172871066827,0.2530373111316682,0.3466746565461526,0.609559050262103,0.45266376386964324
linear,A,R04,09,334,0,128,206,4,16,0.9976671850699844,1,1,0.7848907766990292,0.7820241786253375,0.5192657766990292,0.666450235742132,0.7515169902912622,0.7660604406278773
linear,A,R04,10,223,0,88,135,24,0,0.9976671850699844,1,0,0.6848484848484848,0.6577859735377817,0.6181818181818182,0.7800123409127656,0.6902356902356903,0.6603335603963799
linear,A,R04,11,424,0,298,126,0,0,0.9976671850699844,2,0,0.7196654948332801,0.42177441841249097,0.7036326834984552,0.5165670534005234,0.7329817833173539,0.44744037102457934
linear,A,R04,12,686,0,462,224,4,32,0.9976671850699844,3,1,0.7064297309833023,0.5388145525637831,0.37751236858379716,0.30936782564886445,0.6864080859616574,0.5203472900176135
linear,A,R04,13,464,0,89,375,16,40,0.9976671850699844,1,1,0.7555805243445693,0.8605751297840711,0.630936329588015,0.8904381540572995,0.7690636704119851,0.8651039520748007
linear,A,R04,14,385,0,65,320,0,24,0.9976671850699844,1,1,0.7106971153846153,0.8951007327500962,0.45829326923076924,0.845214611986976,0.7014663461538462,0.8932872764109554
linear,A,R04,15,376,0,54,322,4,0,0.9976671850699844,1,0,0.6884057971014492,0.8798992103777182,0.6005291005291006,0.9073583678116518,0.6920864964343225,0.8823606558386575
linear,A,R04,16,418,0,71,347,35,75,0.9976671850699844,1,1,0.28244104395827413,0.751926082547096,0.6427527702236473,0.885065197707394,0.2827657588180379,0.7510952147105139
linear,A,R04,17,582,0,455,127,22,10,0.9976671850699844,2,2,0.48814571255516137,0.2216501859455207,0.4764817859306048,0.27321603351454604,0.4900147096997491,0.22744440420109974
linear,A,R04,18,243,0,102,141,4,0,0.9976671850699844,1,0,0.4966972604644695,0.5674729608831502,0.4395424836601307,0.6413910273248336,0.4934988179669031,0.5670496759113974
linear,A,R04,19,277,0,166,111,24,0,0.9976671850699844,1,0,0.5988277434060567,0.430905292836294,0.5286008900466732,0.5036576123561287,0.5931835449907739,0.43076562363296855
linear,B,R04,01,411,0,111,300,8,40,0.9976671850699844,1,1,0.433963963963964,0.7104970069421179,0.6645945945945946,0.8434979763062518,0.44213213213213215,0.7159886912080761
linear,B,R04,02,398,0,112,286,4,8,0.9976671850699844,1,1,0.5252247752247752,0.7203002009411674,0.6135427072927073,0.8044433301115651,0.5694305694305695,0.7496805059792826
linear,B,R04,03,381,0,65,316,0,36,0.9976671850699844,1,1,0.7218354430379746,0.9088071063224062,0.5381937682570594,0.8631686702673139,0.7360516066212268,0.9146748972679277
linear,B,R04,04,379,0,261,118,8,0,0.9976671850699844,1,0,0.49313267095265934,0.2927627245460726,0.5284271705954932,0.35405546104199404,0.5530391583869082,0.31888483918199045
linear,B,R04,05,465,0,135,330,0,12,0.9976671850699844,1,1,0.7483838383838384,0.8253396436762714,0.45545454545454545,0.7288051954806736,0.7420987654320987,0.8340271100446436
linear,B,R04,06,505,0,92,413,0,12,0.9976671850699844,1,1,0.7532371828613538,0.9198214532193064,0.5967996631224339,0.868157560487989,0.7395515317401831,0.9165743393980769
linear,B,R04,07,550,0,399,151,8,0,0.9976671850699844,2,0,0.5715530548224866,0.312800960193584,0.5029212103105446,0.3357478283306098,0.532116715630135,0.28396355835904524
linear,B,R04,08,653,0,423,230,4,20,0.9976671850699844,3,2,0.7829067735635729,0.5970245296026013,0.2530373111316682,0.3466746565461526,0.7625552471990955,0.5715715891938922
linear,B,R04,09,334,0,128,206,0,4,0.9976671850699844,1,1,0.7697208737864077,0.7697950293586752,0.5192657766990292,0.666450235742132,0.7463592233009708,0.7677475429024535
linear,B,R04,10,223,0,88,135,0,0,0.9976671850699844,1,0,0.6414141414141414,0.6300473523394743,0.6181818181818182,0.7800123409127656,0.6414141414141414,0.6299393757181989
linear,B,R04,11,424,0,298,126,8,0,0.9976671850699844,2,0,0.7968999680409077,0.5132305146186771,0.7036326834984552,0.5165670534005234,0.805102801747097,0.5256123595430695
linear,B,R04,12,686,0,462,224,4,32,0.9976671850699844,3,1,0.736278602350031,0.5748928081861834,0.37751236858379716,0.30936782564886445,0.7178223562152133,0.5521294933418102
linear,B,R04,13,464,0,89,375,0,16,0.9976671850699844,1,1,0.7710411985018727,0.8918759726578971,0.630936329588015,0.8904381540572995,0.782067415730337,0.9030650408508054
linear,B,R04,14,385,0,65,320,0,16,0.9976671850699844,1,1,0.7124278846153846,0.9040502671249152,0.45829326923076924,0.845214611986976,0.7124278846153846,0.9040502671249152
linear,B,R04,15,376,0,54,322,0,4,0.9976671850699844,1,1,0.7247527030135725,0.8868664656933708,0.6005291005291006,0.9073583678116518,0.7247527030135725,0.8864765062158727
linear,B,R04,16,418,0,71,347,8,12,0.9976671850699844,1,1,0.40311320371798515,0.7719421390592939,0.6427527702236473,0.885065197707394,0.4094451434833787,0.7756518247967548
linear,B,R04,17,582,0,455,127,8,8,0.9976671850699844,2,2,0.5037552998182919,0.25986516132254334,0.4764817859306048,0.27321603351454604,0.4951025352600155,0.2663490009956817
linear,B,R04,18,243,0,102,141,0,4,0.9976671850699844,1,1,0.4826519260186344,0.5507446625696379,0.4395424836601307,0.6413910273248336,0.47347378667779166,0.5482059856049362
linear,B,R04,19,277,0,166,111,4,4,0.9976671850699844,1,1,0.45728861391511993,0.37207467544168105,0.5286008900466732,0.5036576123561287,0.4692282644089873,0.37821967017541874
linear,C_s42,R04,01,411,0,111,300,8,12,0.9974093264248705,1,1,0.40378378378378377,0.6679462657165647,0.6645945945945946,0.8434979763062518,0.40606606606606604,0.6732649806810476
linear,C_s42,R04,02,398,0,112,286,4,8,0.9974093264248705,1,1,0.5396478521478522,0.7276007407874392,0.6135427072927073,0.8044433301115651,0.5829795204795205,0.7550330496728378
linear,C_s42,R04,03,381,0,65,316,4,32,0.9974093264248705,1,1,0.7783106134371957,0.919807352580691,0.5381937682570594,0.8631686702673139,0.7872687439143136,0.9236947068663198
linear,C_s42,R04,04,379,0,261,118,12,0,0.9974093264248705,1,0,0.4772225469186311,0.2851888195450114,0.5284271705954932,0.35405546104199404,0.5487531657899863,0.3169747132448145
linear,C_s42,R04,05,465,0,135,330,0,8,0.9974093264248705,1,1,0.7665207631874298,0.8285829780563642,0.45545454545454545,0.7288051954806736,0.7632884399551065,0.8383401192156723
linear,C_s42,R04,06,505,0,92,413,0,4,0.9974093264248705,1,1,0.7825034214127802,0.9277105548329422,0.5967996631224339,0.868157560487989,0.7690283187703969,0.9251228577010912
linear,C_s42,R04,07,550,0,399,151,12,0,0.9974093264248705,2,0,0.5771963020133114,0.31310014204735725,0.5029212103105446,0.3357478283306098,0.5340420587893575,0.2831570678788952
linear,C_s42,R04,08,653,0,423,230,12,0,0.9974093264248705,3,0,0.8305786822900606,0.6392713302743185,0.2530373111316682,0.3466746565461526,0.8067324493781479,0.5999756719800562
linear,C_s42,R04,09,334,0,128,206,0,0,0.9974093264248705,1,0,0.8033980582524272,0.783557696412441,0.5192657766990292,0.666450235742132,0.7736650485436893,0.7811010401520315
linear,C_s42,R04,10,223,0,88,135,0,0,0.9974093264248705,1,0,0.6794612794612794,0.6550819357566386,0.6181818181818182,0.7800123409127656,0.6794612794612794,0.6550515167998934
linear,C_s42,R04,11,424,0,298,126,12,0,0.9974093264248705,2,0,0.801107915201875,0.5180866758878873,0.7036326834984552,0.5165670534005234,0.8094172792159369,0.5305919353570407
linear,C_s42,R04,12,686,0,462,224,4,0,0.9974093264248705,3,0,0.7478548237476809,0.5649372389132995,0.37751236858379716,0.30936782564886445,0.7286641929499073,0.5385233488789457
linear,C_s42,R04,13,464,0,89,375,0,20,0.9974093264248705,1,1,0.774876404494382,0.8882907102683559,0.630936329588015,0.8904381540572995,0.7892584269662921,0.9013292185792124
linear,C_s42,R04,14,385,0,65,320,0,32,0.9974093264248705,1,1,0.7595432692307693,0.9235154085620872,0.45829326923076924,0.845214611986976,0.7595432692307692,0.9235154085620872
linear,C_s42,R04,15,376,0,54,322,0,4,0.9974093264248705,1,1,0.7463768115942029,0.8914193692045341,0.6005291005291006,0.9073583678116518,0.7472969864274213,0.8924784379217809
linear,C_s42,R04,16,418,0,71,347,8,16,0.9974093264248705,1,1,0.3366278361813532,0.7647206898837626,0.6427527702236473,0.885065197707394,0.3439339205260381,0.7686259858552034
linear,C_s42,R04,17,582,0,455,127,8,8,0.9974093264248705,2,2,0.5054512416717141,0.25163291060160436,0.4764817859306048,0.27321603351454604,0.4956909232499784,0.2609503844112562
linear,C_s42,R04,18,243,0,102,141,0,4,0.9974093264248705,1,1,0.5082394659991656,0.5591999836349462,0.4395424836601307,0.6413910273248336,0.4923863162286191,0.5529049663264365
linear,C_s42,R04,19,277,0,166,111,20,0,0.9974093264248705,1,0,0.47910561163573206,0.3708688672631927,0.5286008900466732,0.5036576123561287,0.4923477694562032,0.3784799586180921
linear,D_s42,R04,01,411,0,111,300,0,0,0.9976671850699844,1,0,0.3162162162162162,0.6100143159205518,0.6645945945945946,0.8434979763062518,0.3112912912912913,0.6196052544874993
linear,D_s42,R04,02,398,0,112,286,0,8,0.9976671850699844,1,1,0.5242882117882117,0.7270954956629055,0.6135427072927073,0.8044433301115651,0.5533841158841158,0.7566077481794937
linear,D_s42,R04,03,381,0,65,316,4,32,0.9976671850699844,1,1,0.7511441090555014,0.9169056253625085,0.5381937682570594,0.8631686702673139,0.7594206426484907,0.9209074225308919
linear,D_s42,R04,04,379,0,261,118,16,0,0.9976671850699844,1,0,0.5930742255990649,0.3372425372181827,0.5284271705954932,0.35405546104199404,0.6313559322033898,0.35659353392303633
linear,D_s42,R04,05,465,0,135,330,0,4,0.9976671850699844,1,1,0.7806172839506172,0.8338008603587269,0.45545454545454545,0.7288051954806736,0.7827721661054994,0.8526473784201909
linear,D_s42,R04,06,505,0,92,413,0,12,0.9976671850699844,1,1,0.7900831666491209,0.9324977906316629,0.5967996631224339,0.868157560487989,0.7816612274976313,0.9318449866237157
linear,D_s42,R04,07,550,0,399,151,16,0,0.9976671850699844,2,0,0.5009128782220451,0.28480854356326646,0.5029212103105446,0.3357478283306098,0.46711978622051825,0.2633105261100429
linear,D_s42,R04,08,653,0,423,230,4,0,0.9976671850699844,3,0,0.6925994449583718,0.4628011206209781,0.2530373111316682,0.3466746565461526,0.6672731010381334,0.4390139776751723
linear,D_s42,R04,09,334,0,128,206,4,4,0.9976671850699844,1,1,0.7888349514563107,0.7839781707558483,0.5192657766990292,0.666450235742132,0.762742718446602,0.7764553992717089
linear,D_s42,R04,10,223,0,88,135,0,0,0.9976671850699844,1,0,0.6632996632996633,0.6452652427251727,0.6181818181818182,0.7800123409127656,0.6673400673400673,0.6475718899412639
linear,D_s42,R04,11,424,0,298,126,8,0,0.9976671850699844,2,0,0.7678704591456269,0.4628268500602951,0.7036326834984552,0.5165670534005234,0.7758602322360713,0.4760515838489763
linear,D_s42,R04,12,686,0,462,224,0,4,0.9976671850699844,3,1,0.7740800865800866,0.6016791649286585,0.37751236858379716,0.30936782564886445,0.7522997835497836,0.568667401033073
linear,D_s42,R04,13,464,0,89,375,0,16,0.9976671850699844,1,1,0.750187265917603,0.8724813884408599,0.630936329588015,0.8904381540572995,0.7655280898876404,0.8884178009407306
linear,D_s42,R04,14,385,0,65,320,4,12,0.9976671850699844,1,1,0.6759855769230769,0.8731598466935782,0.45829326923076924,0.845214611986976,0.6681971153846153,0.8712847635168114
linear,D_s42,R04,15,376,0,54,322,4,4,0.9976671850699844,1,1,0.6626409017713366,0.864009549752575,0.6005291005291006,0.9073583678116518,0.6635610766045549,0.8671592163289021
linear,D_s42,R04,16,418,0,71,347,8,16,0.9976671850699844,1,1,0.16988675569265738,0.7063759514062946,0.6427527702236473,0.885065197707394,0.17816698461663355,0.7115567696711614
linear,D_s42,R04,17,582,0,455,127,12,8,0.9976671850699844,2,2,0.5683395344812667,0.26898783555830047,0.4764817859306048,0.27321603351454604,0.563493986328632,0.27618389434685686
linear,D_s42,R04,18,243,0,102,141,0,4,0.9976671850699844,1,1,0.5096300931720206,0.5600998000451575,0.4395424836601307,0.6413910273248336,0.49266444166319007,0.5537303855081126
linear,D_s42,R04,19,277,0,166,111,4,0,0.9976671850699844,1,0,0.47574080104200583,0.3761239667315865,0.5286008900466732,0.5036576123561287,0.48941712797134485,0.38508320825010695
linear,C_s43,R04,01,411,0,111,300,8,0,0.9974093264248705,1,0,0.3911711711711712,0.6516224324835639,0.6645945945945946,0.8434979763062518,0.3898498498498498,0.6548001440836049
linear,C_s43,R04,02,398,0,112,286,4,8,0.9974093264248705,1,1,0.5657467532467532,0.7465280096655287,0.6135427072927073,0.8044433301115651,0.606580919080919,0.7732154911321405
linear,C_s43,R04,03,381,0,65,316,0,32,0.9974093264248705,1,1,0.7800632911392404,0.923181990586699,0.5381937682570594,0.8631686702673139,0.7903846153846154,0.9284340683777031
linear,C_s43,R04,04,379,0,261,118,12,0,0.9974093264248705,1,0,0.4940418208974609,0.2910649137064779,0.5284271705954932,0.35405546104199404,0.5626501720890966,0.3233481023484964
linear,C_s43,R04,05,465,0,135,330,0,8,0.9974093264248705,1,1,0.7709203142536476,0.8285010095072881,0.45545454545454545,0.7288051954806736,0.7680471380471381,0.839378178439072
linear,C_s43,R04,06,505,0,92,413,0,4,0.9974093264248705,1,1,0.7896620696915465,0.9295709284771919,0.5967996631224339,0.868157560487989,0.7768186124855249,0.9274472030573676
linear,C_s43,R04,07,550,0,399,151,8,0,0.9974093264248705,2,0,0.5939268701555211,0.3220867751223845,0.5029212103105446,0.3357478283306098,0.5497103686368239,0.28952533865157587
linear,C_s43,R04,08,653,0,423,230,12,0,0.9974093264248705,3,0,0.832099907493062,0.6438689161327937,0.2530373111316682,0.3466746565461526,0.8068557919621749,0.6021233887868797
linear,C_s43,R04,09,334,0,128,206,0,0,0.9974093264248705,1,0,0.8097694174757282,0.787714762942523,0.5192657766990292,0.666450235742132,0.7788228155339806,0.7843195056905706
linear,C_s43,R04,10,223,0,88,135,0,0,0.9974093264248705,1,0,0.685858585858586,0.6590566749334678,0.6181818181818182,0.7800123409127656,0.6868686868686869,0.659416009549328
linear,C_s43,R04,11,424,0,298,126,8,0,0.9974093264248705,2,0,0.8030787258975178,0.5220302683428611,0.7036326834984552,0.5165670534005234,0.8111750292958346,0.534504798432108
linear,C_s43,R04,12,686,0,462,224,4,0,0.9974093264248705,3,0,0.7488211193568336,0.5648282091820084,0.37751236858379716,0.30936782564886445,0.7297077922077922,0.537284638727828
linear,C_s43,R04,13,464,0,89,375,0,16,0.9974093264248705,1,1,0.7765543071161048,0.8858365705833152,0.630936329588015,0.8904381540572995,0.790936329588015,0.8996669249695848
linear,C_s43,R04,14,385,0,65,320,0,36,0.9974093264248705,1,1,0.7657932692307693,0.9274750471113501,0.45829326923076924,0.845214611986976,0.7657932692307692,0.9274750471113501
linear,C_s43,R04,15,376,0,54,322,0,4,0.9974093264248705,1,1,0.7449965493443754,0.8913032542362171,0.6005291005291006,0.9073583678116518,0.7459167241775937,0.8922991253420247
linear,C_s43,R04,16,418,0,71,347,8,12,0.9974093264248705,1,1,0.3334618662986565,0.764194870903666,0.6427527702236473,0.885065197707394,0.34044323578357755,0.7678175291204862
linear,C_s43,R04,17,582,0,455,127,8,8,0.9974093264248705,2,2,0.5011940815090421,0.2490643543100003,0.4764817859306048,0.27321603351454604,0.49648697758933985,0.26000790917382605
linear,C_s43,R04,18,243,0,102,141,0,4,0.9974093264248705,1,1,0.5023988318731748,0.5584446846157416,0.4395424836601307,0.6413910273248336,0.4865456821026283,0.5526610666513122
linear,C_s43,R04,19,277,0,166,111,16,0,0.9974093264248705,1,0,0.4783458156952133,0.3688240594617443,0.5286008900466732,0.5036576123561287,0.48854878975360905,0.37533252061079087
linear,D_s43,R04,01,411,0,111,300,0,0,0.9974093264248705,1,0,0.3506906906906907,0.6282673526822327,0.6645945945945946,0.8434979763062518,0.346006006006006,0.6392049436355887
linear,D_s43,R04,02,398,0,112,286,4,8,0.9974093264248705,1,1,0.5965909090909092,0.7460705546651142,0.6135427072927073,0.8044433301115651,0.6218156843156843,0.7693126221148134
linear,D_s43,R04,03,381,0,65,316,0,28,0.9974093264248705,1,1,0.7463729308666017,0.9199773776257705,0.5381937682570594,0.8631686702673139,0.769157740993184,0.9282329448357224
linear,D_s43,R04,04,379,0,261,118,8,0,0.9974093264248705,1,0,0.5696960841613091,0.32848343094896915,0.5284271705954932,0.35405546104199404,0.6231735827001754,0.35313293837638515
linear,D_s43,R04,05,465,0,135,330,0,4,0.9974093264248705,1,1,0.7596071829405163,0.8144232457137474,0.45545454545454545,0.7288051954806736,0.7581705948372615,0.8285771836087596
linear,D_s43,R04,06,505,0,92,413,0,4,0.9974093264248705,1,1,0.7734498368249288,0.9241512418848518,0.5967996631224339,0.868157560487989,0.7549215706916518,0.9197100024111714
linear,D_s43,R04,07,550,0,399,151,4,0,0.9974093264248705,2,0,0.5149546050556857,0.2881269354347644,0.5029212103105446,0.3357478283306098,0.48063038390678686,0.2634819442139534
linear,D_s43,R04,08,653,0,423,230,4,0,0.9974093264248705,3,0,0.7432726898961867,0.505442850989413,0.2530373111316682,0.3466746565461526,0.7084489670058587,0.4691920529290594
linear,D_s43,R04,09,334,0,128,206,4,0,0.9974093264248705,1,0,0.8070388349514563,0.7756505190484552,0.5192657766990292,0.666450235742132,0.7727548543689321,0.7620158919446717
linear,D_s43,R04,10,223,0,88,135,0,0,0.9974093264248705,1,0,0.6686868686868687,0.6478380619575909,0.6181818181818182,0.7800123409127656,0.6737373737373737,0.6505586719588743
linear,D_s43,R04,11,424,0,298,126,4,0,0.9974093264248705,2,0,0.7375625865558751,0.42449040857068054,0.7036326834984552,0.5165670534005234,0.7501331628848408,0.4410472217419389
linear,D_s43,R04,12,686,0,462,224,0,4,0.9974093264248705,3,1,0.7596436301793446,0.5872478146829477,0.37751236858379716,0.30936782564886445,0.74120670995671,0.5616514657169844
linear,D_s43,R04,13,464,0,89,375,0,16,0.9974093264248705,1,1,0.7601348314606742,0.8816026618503243,0.630936329588015,0.8904381540572995,0.7739176029962547,0.8952031323838442
linear,D_s43,R04,14,385,0,65,320,4,12,0.9974093264248705,1,1,0.6186778846153846,0.8581713482693811,0.45829326923076924,0.845214611986976,0.6186778846153846,0.8581713482693812
linear,D_s43,R04,15,376,0,54,322,4,4,0.9974093264248705,1,1,0.6575799401886359,0.855713989085179,0.6005291005291006,0.9073583678116518,0.6575799401886359,0.8573381786447254
linear,D_s43,R04,16,418,0,71,347,8,12,0.9974093264248705,1,1,0.18941023663595408,0.7144021994746703,0.6427527702236473,0.885065197707394,0.1989893249989853,0.7196220177022253
linear,D_s43,R04,17,582,0,455,127,12,8,0.9974093264248705,2,2,0.5793112399411612,0.2627999320317607,0.4764817859306048,0.27321603351454604,0.5538375010815956,0.28046370886853755
linear,D_s43,R04,18,243,0,102,141,0,4,0.9974093264248705,1,1,0.5140105687665137,0.580930990155357,0.4395424836601307,0.6413910273248336,0.49621054095397027,0.573850910420498
linear,D_s43,R04,19,277,0,166,111,12,0,0.9974093264248705,1,0,0.4713991099533268,0.3858106551780076,0.5286008900466732,0.5036576123561287,0.48333876044719426,0.39170891970912924
linear,C_s44,R04,01,411,0,111,300,8,4,0.9974093264248705,1,1,0.40216216216216216,0.6608290495886684,0.6645945945945946,0.8434979763062518,0.4018018018018018,0.6644792400600034
linear,C_s44,R04,02,398,0,112,286,0,8,0.9974093264248705,1,1,0.5378996003996004,0.7385370549005248,0.6135427072927073,0.8044433301115651,0.5842282717282717,0.7743047138904167
linear,C_s44,R04,03,381,0,65,316,4,32,0.9974093264248705,1,1,0.7781158714703018,0.9219124671924235,0.5381937682570594,0.8631686702673139,0.7876582278481012,0.9258042113890561
linear,C_s44,R04,04,379,0,261,118,12,0,0.9974093264248705,1,0,0.4862491070848756,0.2883370380122043,0.5284271705954932,0.35405546104199404,0.5570004545749724,0.3204832266957169
linear,C_s44,R04,05,465,0,135,330,0,8,0.9974093264248705,1,1,0.7674186307519641,0.8278011116749758,0.45545454545454545,0.7288051954806736,0.7624803591470257,0.8366324133456349
linear,C_s44,R04,06,505,0,92,413,0,4,0.9974093264248705,1,1,0.788398778818823,0.9290633573755439,0.5967996631224339,0.868157560487989,0.7732392883461418,0.9262255009639773
linear,C_s44,R04,07,550,0,399,151,8,0,0.9974093264248705,2,0,0.5965825158923799,0.32907365596737215,0.5029212103105446,0.3357478283306098,0.5534282726684261,0.29655619309152215
linear,C_s44,R04,08,653,0,423,230,12,0,0.9974093264248705,3,0,0.8309692671394799,0.6469751863709724,0.2530373111316682,0.3466746565461526,0.8058896083872957,0.6083527129699042
linear,C_s44,R04,09,334,0,128,206,0,0,0.9974093264248705,1,0,0.8067354368932038,0.7848752565514217,0.5192657766990292,0.666450235742132,0.777002427184466,0.7828728974069418
linear,C_s44,R04,10,223,0,88,135,0,0,0.9974093264248705,1,0,0.6831649831649832,0.6569296936847047,0.6181818181818182,0.7800123409127656,0.6841750841750842,0.6572558208898708
linear,C_s44,R04,11,424,0,298,126,12,0,0.9974093264248705,2,0,0.8004154682007032,0.513862322169816,0.7036326834984552,0.5165670534005234,0.8078725897517844,0.5265165466789883
linear,C_s44,R04,12,686,0,462,224,4,0,0.9974093264248705,3,0,0.7494395485466914,0.5676049096116687,0.37751236858379716,0.30936782564886445,0.7308286951144094,0.5422268527256681
linear,C_s44,R04,13,464,0,89,375,0,20,0.9974093264248705,1,1,0.7772734082397004,0.8897153143932135,0.630936329588015,0.8904381540572995,0.7911760299625468,0.9024860908022883
linear,C_s44,R04,14,385,0,65,320,4,40,0.9974093264248705,1,1,0.7708894230769231,0.9281297560760491,0.45829326923076924,0.845214611986976,0.7708894230769231,0.9281297560760491
linear,C_s44,R04,15,376,0,54,322,0,4,0.9974093264248705,1,1,0.7403956751782839,0.8911175475031468,0.6005291005291006,0.9073583678116518,0.7413158500115022,0.8919862029270811
linear,C_s44,R04,16,418,0,71,347,8,12,0.9974093264248705,1,1,0.3357348703170029,0.758322909384096,0.6427527702236473,0.885065197707394,0.34206681008239637,0.7621091852168308
linear,C_s44,R04,17,582,0,455,127,8,8,0.9974093264248705,2,2,0.5035822445271264,0.2498998803625851,0.4764817859306048,0.27321603351454604,0.49742147616163357,0.25938901616823423
linear,C_s44,R04,18,243,0,102,141,0,4,0.9974093264248705,1,1,0.5018425810040328,0.5553434842412046,0.4395424836601307,0.6413910273248336,0.4871019329717703,0.549737469867732
linear,C_s44,R04,19,277,0,166,111,20,0,0.9974093264248705,1,0,0.4718332790621947,0.3633703587496243,0.5286008900466732,0.5036576123561287,0.4863779442092695,0.3720098775685793
linear,D_s44,R04,01,411,0,111,300,8,0,0.9976671850699844,1,0,0.3135435435435435,0.6103063216504748,0.6645945945945946,0.8434979763062518,0.31510510510510514,0.6140936359951095
linear,D_s44,R04,02,398,0,112,286,4,8,0.9976671850699844,1,1,0.6282467532467533,0.7595956496864266,0.6135427072927073,0.8044433301115651,0.6456043956043955,0.7789901573729203
linear,D_s44,R04,03,381,0,65,316,0,32,0.9976671850699844,1,1,0.7268987341772152,0.9114943242830247,0.5381937682570594,0.8631686702673139,0.7385832521908471,0.9162788694747693
linear,D_s44,R04,04,379,0,261,118,12,0,0.9976671850699844,1,0,0.5980096110137022,0.33645825497655707,0.5284271705954932,0.35405546104199404,0.6303169036950451,0.3528925598684053
linear,D_s44,R04,05,465,0,135,330,0,0,0.9976671850699844,1,0,0.778013468013468,0.8311770149109957,0.45545454545454545,0.7288051954806736,0.7769360269360269,0.8456896046794207
linear,D_s44,R04,06,505,0,92,413,0,8,0.9976671850699844,1,1,0.7903989893673018,0.9285652269218156,0.5967996631224339,0.868157560487989,0.7777660806400674,0.9257165759501021
linear,D_s44,R04,07,550,0,399,151,12,0,0.9976671850699844,2,0,0.49540241331806334,0.2771114515359199,0.5029212103105446,0.3357478283306098,0.45941841358362795,0.25552737727257707
linear,D_s44,R04,08,653,0,423,230,12,4,0.9976671850699844,3,1,0.7241957035666564,0.4697095492213624,0.2530373111316682,0.3466746565461526,0.7003905848494193,0.44919997532657185
linear,D_s44,R04,09,334,0,128,206,4,0,0.9976671850699844,1,0,0.8115898058252428,0.7849623923724351,0.5192657766990292,0.666450235742132,0.7776092233009708,0.7722094838457351
linear,D_s44,R04,10,223,0,88,135,12,0,0.9976671850699844,1,0,0.6787878787878788,0.6545449598784954,0.6181818181818182,0.7800123409127656,0.6828282828282828,0.6566393516033185
linear,D_s44,R04,11,424,0,298,126,8,0,0.9976671850699844,2,0,0.7639821029082774,0.4469100966546531,0.7036326834984552,0.5165670534005234,0.7696282092255247,0.45893170422325535
linear,D_s44,R04,12,686,0,462,224,0,4,0.9976671850699844,3,1,0.7585807050092765,0.6072035650761739,0.37751236858379716,0.30936782564886445,0.7391774891774892,0.5819184982237385
linear,D_s44,R04,13,464,0,89,375,0,16,0.9976671850699844,1,1,0.7664868913857679,0.8799584710025894,0.630936329588015,0.8904381540572995,0.7779925093632959,0.8937762678816754
linear,D_s44,R04,14,385,0,65,320,4,12,0.9976671850699844,1,1,0.6703125,0.8835233796144821,0.45829326923076924,0.845214611986976,0.6695432692307692,0.8835233796144822
linear,D_s44,R04,15,376,0,54,322,4,4,0.9976671850699844,1,1,0.6819645732689211,0.8716494098944123,0.6005291005291006,0.9073583678116518,0.684725097768576,0.873405055342052
linear,D_s44,R04,16,418,0,71,347,8,12,0.9976671850699844,1,1,0.18494540731420223,0.707370630724134,0.6427527702236473,0.885065197707394,0.18981613021065877,0.7114137829357196
linear,D_s44,R04,17,582,0,455,127,12,8,0.9976671850699844,2,2,0.5766807995154452,0.27496831813946615,0.4764817859306048,0.27321603351454604,0.5641862074932941,0.2791274930886244
linear,D_s44,R04,18,243,0,102,141,0,4,0.9976671850699844,1,1,0.5137324433319427,0.5626821712896839,0.4395424836601307,0.6413910273248336,0.49676679182311223,0.5561296585190119
linear,D_s44,R04,19,277,0,166,111,20,0,0.9976671850699844,1,0,0.46488657332030825,0.37295836669410715,0.5286008900466732,0.5036576123561287,0.4802995766851189,0.3821266726133009
adapter,A,R01,01,230,0,89,141,0,8,0.9658536585365853,1,1,0.5,0.6130434782608696,0.670929954578054,0.791550555450951,0.670929954578054,0.791550555450951
adapter,A,R01,02,256,0,129,127,4,4,0.9658536585365853,1,1,0.5,0.49609375,0.8270463285112617,0.7541994750656167,0.8270463285112617,0.7541994750656167
adapter,A,R01,03,409,0,214,195,4,4,0.9658536585365853,1,1,0.5,0.4767726161369193,0.7348789839444045,0.6429944195891664,0.7348789839444045,0.6429944195891664
adapter,A,R01,04,191,0,101,90,0,8,0.9658536585365853,1,1,0.4777777777777778,0.46039576547737926,0.7667766776677667,0.7643592790651612,0.7667766776677667,0.7643592790651612
adapter,A,R01,05,290,0,198,92,8,0,0.9658536585365853,1,0,0.5,0.31724137931034485,0.888888888888889,0.71875,0.888888888888889,0.71875
adapter,A,R01,06,233,0,13,220,2,14,0.9658536585365853,1,1,0.6538461538461539,0.9606986899563319,0.5828671328671329,0.9525764782095194,0.5828671328671329,0.9525764782095194
adapter,A,R01,07,231,0,36,195,0,20,0.9658536585365853,1,1,0.5,0.8441558441558441,0.7177350427350427,0.9130473166990672,0.7177350427350427,0.9130473166990672
adapter,A,R01,08,235,0,41,194,0,8,0.9658536585365853,1,1,0.5,0.825531914893617,0.651747548403319,0.8973311911456241,0.651747548403319,0.8973311911456241
adapter,A,R01,09,229,0,229,0,8,0,0.9658536585365853,0,0,,,,,,
adapter,A,R01,10,231,0,231,0,8,0,0.9658536585365853,0,0,,,,,,
adapter,A,R01,11,232,0,232,0,8,0,0.9658536585365853,0,0,,,,,,
adapter,A,R01,12,231,0,231,0,8,0,0.9658536585365853,0,0,,,,,,
adapter,A,R01,13,229,0,229,0,8,0,0.9658536585365853,0,0,,,,,,
adapter,A,R01,14,230,0,230,0,8,0,0.9658536585365853,0,0,,,,,,
adapter,A,R01,15,228,0,228,0,8,0,0.9658536585365853,0,0,,,,,,
adapter,B,R01,01,230,0,89,141,0,8,0.974390243902439,1,1,0.5,0.6130434782608696,0.670929954578054,0.791550555450951,0.670929954578054,0.791550555450951
adapter,B,R01,02,256,0,129,127,4,4,0.974390243902439,1,1,0.5,0.49609375,0.8270463285112617,0.7541994750656167,0.8270463285112617,0.7541994750656167
adapter,B,R01,03,409,0,214,195,4,4,0.974390243902439,1,1,0.5,0.4767726161369193,0.7348789839444045,0.6429944195891664,0.7348789839444045,0.6429944195891664
adapter,B,R01,04,191,0,101,90,0,8,0.974390243902439,1,1,0.5,0.4712041884816754,0.7667766776677667,0.7643592790651612,0.7667766776677667,0.7643592790651612
adapter,B,R01,05,290,0,198,92,8,0,0.974390243902439,1,0,0.5,0.31724137931034485,0.888888888888889,0.71875,0.888888888888889,0.71875
adapter,B,R01,06,233,0,13,220,2,14,0.974390243902439,1,1,0.5,0.944206008583691,0.5828671328671329,0.9525764782095194,0.5828671328671329,0.9525764782095194
adapter,B,R01,07,231,0,36,195,0,20,0.974390243902439,1,1,0.5,0.8441558441558441,0.7177350427350427,0.9130473166990672,0.7177350427350427,0.9130473166990672
adapter,B,R01,08,235,0,41,194,0,8,0.974390243902439,1,1,0.5,0.825531914893617,0.651747548403319,0.8973311911456241,0.651747548403319,0.8973311911456241
adapter,B,R01,09,229,0,229,0,8,0,0.974390243902439,0,0,,,,,,
adapter,B,R01,10,231,0,231,0,8,0,0.974390243902439,0,0,,,,,,
adapter,B,R01,11,232,0,232,0,8,0,0.974390243902439,0,0,,,,,,
adapter,B,R01,12,231,0,231,0,8,0,0.974390243902439,0,0,,,,,,
adapter,B,R01,13,229,0,229,0,8,0,0.974390243902439,0,0,,,,,,
adapter,B,R01,14,230,0,230,0,8,0,0.974390243902439,0,0,,,,,,
adapter,B,R01,15,228,0,228,0,8,0,0.974390243902439,0,0,,,,,,
adapter,C_s42,R01,01,230,0,89,141,0,8,0.9768292682926829,1,1,0.5,0.6130434782608696,0.670929954578054,0.791550555450951,0.670929954578054,0.791550555450951
adapter,C_s42,R01,02,256,0,129,127,4,4,0.9768292682926829,1,1,0.5,0.49609375,0.8270463285112617,0.7541994750656167,0.8270463285112617,0.7541994750656167
adapter,C_s42,R01,03,409,0,214,195,4,4,0.9768292682926829,1,1,0.5,0.4767726161369193,0.7348789839444045,0.6429944195891664,0.7348789839444045,0.6429944195891664
adapter,C_s42,R01,04,191,0,101,90,0,8,0.9768292682926829,1,1,0.5,0.4712041884816754,0.7667766776677667,0.7643592790651612,0.7667766776677667,0.7643592790651612
adapter,C_s42,R01,05,290,0,198,92,8,0,0.9768292682926829,1,0,0.5,0.31724137931034485,0.888888888888889,0.71875,0.888888888888889,0.71875
adapter,C_s42,R01,06,233,0,13,220,2,14,0.9768292682926829,1,1,0.5,0.944206008583691,0.5828671328671329,0.9525764782095194,0.5828671328671329,0.9525764782095194
adapter,C_s42,R01,07,231,0,36,195,0,20,0.9768292682926829,1,1,0.5,0.8441558441558441,0.7177350427350427,0.9130473166990672,0.7177350427350427,0.9130473166990672
adapter,C_s42,R01,08,235,0,41,194,0,8,0.9768292682926829,1,1,0.5,0.825531914893617,0.651747548403319,0.8973311911456241,0.651747548403319,0.8973311911456241
adapter,C_s42,R01,09,229,0,229,0,8,0,0.9768292682926829,0,0,,,,,,
adapter,C_s42,R01,10,231,0,231,0,8,0,0.9768292682926829,0,0,,,,,,
adapter,C_s42,R01,11,232,0,232,0,8,0,0.9768292682926829,0,0,,,,,,
adapter,C_s42,R01,12,231,0,231,0,8,0,0.9768292682926829,0,0,,,,,,
adapter,C_s42,R01,13,229,0,229,0,8,0,0.9768292682926829,0,0,,,,,,
adapter,C_s42,R01,14,230,0,230,0,8,0,0.9768292682926829,0,0,,,,,,
adapter,C_s42,R01,15,228,0,228,0,8,0,0.9768292682926829,0,0,,,,,,
adapter,D_s42,R01,01,230,0,89,141,0,8,0.9707317073170731,1,1,0.5,0.6130434782608696,0.670929954578054,0.791550555450951,0.670929954578054,0.791550555450951
adapter,D_s42,R01,02,256,0,129,127,4,4,0.9707317073170731,1,1,0.5,0.49609375,0.8270463285112617,0.7541994750656167,0.8270463285112617,0.7541994750656167
adapter,D_s42,R01,03,409,0,214,195,4,4,0.9707317073170731,1,1,0.5,0.4767726161369193,0.7348789839444045,0.6429944195891664,0.7348789839444045,0.6429944195891664
adapter,D_s42,R01,04,191,0,101,90,0,8,0.9707317073170731,1,1,0.5198019801980198,0.48128342245989303,0.7667766776677667,0.7643592790651612,0.7724972497249725,0.7701702624623517
adapter,D_s42,R01,05,290,0,198,92,8,0,0.9707317073170731,1,0,0.5,0.31724137931034485,0.888888888888889,0.71875,0.888888888888889,0.71875
adapter,D_s42,R01,06,233,0,13,220,2,14,0.9707317073170731,1,1,0.5,0.944206008583691,0.5828671328671329,0.9525764782095194,0.5828671328671329,0.9525764782095194
adapter,D_s42,R01,07,231,0,36,195,0,20,0.9707317073170731,1,1,0.5,0.8441558441558441,0.7177350427350427,0.9130473166990672,0.7177350427350427,0.9130473166990672
adapter,D_s42,R01,08,235,0,41,194,0,8,0.9707317073170731,1,1,0.4896907216494845,0.8225731130754163,0.651747548403319,0.8973311911456241,0.6489816444556198,0.8964582732465016
adapter,D_s42,R01,09,229,0,229,0,8,0,0.9707317073170731,0,0,,,,,,
adapter,D_s42,R01,10,231,0,231,0,8,0,0.9707317073170731,0,0,,,,,,
adapter,D_s42,R01,11,232,0,232,0,8,0,0.9707317073170731,0,0,,,,,,
adapter,D_s42,R01,12,231,0,231,0,8,0,0.9707317073170731,0,0,,,,,,
adapter,D_s42,R01,13,229,0,229,0,8,0,0.9707317073170731,0,0,,,,,,
adapter,D_s42,R01,14,230,0,230,0,8,0,0.9707317073170731,0,0,,,,,,
adapter,D_s42,R01,15,228,0,228,0,8,0,0.9707317073170731,0,0,,,,,,
adapter,C_s43,R01,01,230,0,89,141,0,8,0.975609756097561,1,1,0.5,0.6130434782608696,0.670929954578054,0.791550555450951,0.670929954578054,0.791550555450951
adapter,C_s43,R01,02,256,0,129,127,4,4,0.975609756097561,1,1,0.5,0.49609375,0.8270463285112617,0.7541994750656167,0.8270463285112617,0.7541994750656167
adapter,C_s43,R01,03,409,0,214,195,4,4,0.975609756097561,1,1,0.5,0.4767726161369193,0.7348789839444045,0.6429944195891664,0.7348789839444045,0.6429944195891664
adapter,C_s43,R01,04,191,0,101,90,0,8,0.975609756097561,1,1,0.5,0.4712041884816754,0.7667766776677667,0.7643592790651612,0.7667766776677667,0.7643592790651612
adapter,C_s43,R01,05,290,0,198,92,8,0,0.975609756097561,1,0,0.5,0.31724137931034485,0.888888888888889,0.71875,0.888888888888889,0.71875
adapter,C_s43,R01,06,233,0,13,220,2,14,0.975609756097561,1,1,0.5,0.944206008583691,0.5828671328671329,0.9525764782095194,0.5828671328671329,0.9525764782095194
adapter,C_s43,R01,07,231,0,36,195,0,20,0.975609756097561,1,1,0.5,0.8441558441558441,0.7177350427350427,0.9130473166990672,0.7177350427350427,0.9130473166990672
adapter,C_s43,R01,08,235,0,41,194,0,8,0.975609756097561,1,1,0.5,0.825531914893617,0.651747548403319,0.8973311911456241,0.651747548403319,0.8973311911456241
adapter,C_s43,R01,09,229,0,229,0,8,0,0.975609756097561,0,0,,,,,,
adapter,C_s43,R01,10,231,0,231,0,8,0,0.975609756097561,0,0,,,,,,
adapter,C_s43,R01,11,232,0,232,0,8,0,0.975609756097561,0,0,,,,,,
adapter,C_s43,R01,12,231,0,231,0,8,0,0.975609756097561,0,0,,,,,,
adapter,C_s43,R01,13,229,0,229,0,8,0,0.975609756097561,0,0,,,,,,
adapter,C_s43,R01,14,230,0,230,0,8,0,0.975609756097561,0,0,,,,,,
adapter,C_s43,R01,15,228,0,228,0,8,0,0.975609756097561,0,0,,,,,,
adapter,D_s43,R01,01,230,0,89,141,0,8,0.9817073170731707,1,1,0.5,0.6130434782608696,0.670929954578054,0.791550555450951,0.670929954578054,0.791550555450951
adapter,D_s43,R01,02,256,0,129,127,4,4,0.9817073170731707,1,1,0.5,0.49609375,0.8270463285112617,0.7541994750656167,0.8270463285112617,0.7541994750656167
adapter,D_s43,R01,03,409,0,214,195,4,4,0.9817073170731707,1,1,0.5,0.4767726161369193,0.7348789839444045,0.6429944195891664,0.7348789839444045,0.6429944195891664
adapter,D_s43,R01,04,191,0,101,90,0,8,0.9817073170731707,1,1,0.5396039603960396,0.4918032786885246,0.7667766776677667,0.7643592790651612,0.7782178217821782,0.7763963161021984
adapter,D_s43,R01,05,290,0,198,92,8,0,0.9817073170731707,1,0,0.5101010101010102,0.32167832167832167,0.888888888888889,0.71875,0.888888888888889,0.71875
adapter,D_s43,R01,06,233,0,13,220,2,14,0.9817073170731707,1,1,0.5,0.944206008583691,0.5828671328671329,0.9525764782095194,0.5828671328671329,0.9525764782095194
adapter,D_s43,R01,07,231,0,36,195,0,20,0.9817073170731707,1,1,0.5555555555555556,0.8590308370044053,0.7177350427350427,0.9130473166990672,0.7177350427350427,0.9130473166990672
adapter,D_s43,R01,08,235,0,41,194,0,8,0.9817073170731707,1,1,0.5394769927080714,0.8370625998129518,0.651747548403319,0.8973311911456241,0.6635655016343978,0.9030146125483643
adapter,D_s43,R01,09,229,0,229,0,8,0,0.9817073170731707,0,0,,,,,,
adapter,D_s43,R01,10,231,0,231,0,8,0,0.9817073170731707,0,0,,,,,,
adapter,D_s43,R01,11,232,0,232,0,8,0,0.9817073170731707,0,0,,,,,,
adapter,D_s43,R01,12,231,0,231,0,8,0,0.9817073170731707,0,0,,,,,,
adapter,D_s43,R01,13,229,0,229,0,8,0,0.9817073170731707,0,0,,,,,,
adapter,D_s43,R01,14,230,0,230,0,8,0,0.9817073170731707,0,0,,,,,,
adapter,D_s43,R01,15,228,0,228,0,8,0,0.9817073170731707,0,0,,,,,,
adapter,C_s44,R01,01,230,0,89,141,0,8,0.975609756097561,1,1,0.5,0.6130434782608696,0.670929954578054,0.791550555450951,0.670929954578054,0.791550555450951
adapter,C_s44,R01,02,256,0,129,127,4,4,0.975609756097561,1,1,0.5,0.49609375,0.8270463285112617,0.7541994750656167,0.8270463285112617,0.7541994750656167
adapter,C_s44,R01,03,409,0,214,195,4,4,0.975609756097561,1,1,0.5,0.4767726161369193,0.7348789839444045,0.6429944195891664,0.7348789839444045,0.6429944195891664
adapter,C_s44,R01,04,191,0,101,90,0,8,0.975609756097561,1,1,0.5,0.4712041884816754,0.7667766776677667,0.7643592790651612,0.7667766776677667,0.7643592790651612
adapter,C_s44,R01,05,290,0,198,92,8,0,0.975609756097561,1,0,0.5,0.31724137931034485,0.888888888888889,0.71875,0.888888888888889,0.71875
adapter,C_s44,R01,06,233,0,13,220,2,14,0.975609756097561,1,1,0.5,0.944206008583691,0.5828671328671329,0.9525764782095194,0.5828671328671329,0.9525764782095194
adapter,C_s44,R01,07,231,0,36,195,0,20,0.975609756097561,1,1,0.5,0.8441558441558441,0.7177350427350427,0.9130473166990672,0.7177350427350427,0.9130473166990672
adapter,C_s44,R01,08,235,0,41,194,0,8,0.975609756097561,1,1,0.5,0.825531914893617,0.651747548403319,0.8973311911456241,0.651747548403319,0.8973311911456241
adapter,C_s44,R01,09,229,0,229,0,8,0,0.975609756097561,0,0,,,,,,
adapter,C_s44,R01,10,231,0,231,0,8,0,0.975609756097561,0,0,,,,,,
adapter,C_s44,R01,11,232,0,232,0,8,0,0.975609756097561,0,0,,,,,,
adapter,C_s44,R01,12,231,0,231,0,8,0,0.975609756097561,0,0,,,,,,
adapter,C_s44,R01,13,229,0,229,0,8,0,0.975609756097561,0,0,,,,,,
adapter,C_s44,R01,14,230,0,230,0,8,0,0.975609756097561,0,0,,,,,,
adapter,C_s44,R01,15,228,0,228,0,8,0,0.975609756097561,0,0,,,,,,
adapter,D_s44,R01,01,230,0,89,141,0,8,0.9841463414634146,1,1,0.5,0.6130434782608696,0.670929954578054,0.791550555450951,0.670929954578054,0.791550555450951
adapter,D_s44,R01,02,256,0,129,127,4,4,0.9841463414634146,1,1,0.5,0.49609375,0.8270463285112617,0.7541994750656167,0.8270463285112617,0.7541994750656167
adapter,D_s44,R01,03,409,0,214,195,4,4,0.9841463414634146,1,1,0.5093457943925234,0.48148148148148145,0.7348789839444045,0.6429944195891664,0.737706685837527,0.6452151362407773
adapter,D_s44,R01,04,191,0,101,90,0,8,0.9841463414634146,1,1,0.5198019801980198,0.48128342245989303,0.7667766776677667,0.7643592790651612,0.7724972497249725,0.7701702624623517
adapter,D_s44,R01,05,290,0,198,92,8,0,0.9841463414634146,1,0,0.5101010101010102,0.32167832167832167,0.888888888888889,0.71875,0.888888888888889,0.71875
adapter,D_s44,R01,06,233,0,13,220,2,14,0.9841463414634146,1,1,0.4909090909090909,0.9432491604577741,0.5828671328671329,0.9525764782095194,0.577972027972028,0.9521674819754827
adapter,D_s44,R01,07,231,0,36,195,0,20,0.9841463414634146,1,1,0.5,0.8441558441558441,0.7177350427350427,0.9130473166990672,0.7177350427350427,0.9130473166990672
adapter,D_s44,R01,08,235,0,41,194,0,8,0.9841463414634146,1,1,0.5394769927080714,0.8370625998129518,0.651747548403319,0.8973311911456241,0.6635655016343978,0.9030146125483643
adapter,D_s44,R01,09,229,0,229,0,8,0,0.9841463414634146,0,0,,,,,,
adapter,D_s44,R01,10,231,0,231,0,8,0,0.9841463414634146,0,0,,,,,,
adapter,D_s44,R01,11,232,0,232,0,8,0,0.9841463414634146,0,0,,,,,,
adapter,D_s44,R01,12,231,0,231,0,8,0,0.9841463414634146,0,0,,,,,,
adapter,D_s44,R01,13,229,0,229,0,8,0,0.9841463414634146,0,0,,,,,,
adapter,D_s44,R01,14,230,0,230,0,8,0,0.9841463414634146,0,0,,,,,,
adapter,D_s44,R01,15,228,0,228,0,4,0,0.9841463414634146,0,0,,,,,,
adapter,A,R02,01,583,0,583,0,4,0,0.9675467546754676,0,0,,,,,,
adapter,A,R02,02,595,0,595,0,8,0,0.9675467546754676,0,0,,,,,,
adapter,A,R02,03,573,0,277,296,0,40,0.9675467546754676,1,1,1.0,1.0,0.4956581129866328,0.527574526520045,0.804663869645819,0.8360313939807027
adapter,A,R02,04,578,0,284,294,0,44,0.9675467546754676,1,1,0.9905384689086901,0.9837418089073219,0.5154498419085944,0.5387986370148997,0.8026492287055667,0.831350592634954
adapter,A,R02,05,583,0,279,304,0,44,0.9675467546754676,1,1,0.9974886813808715,0.9960561214450175,0.5488999717034522,0.5825678219436204,0.7045840407470289,0.7894393654773604
adapter,A,R02,06,604,0,298,306,0,12,0.9675467546754676,1,1,0.9865552484976094,0.9729007315093258,0.4980699214808966,0.5212916277622158,0.6576523226740361,0.6863548907801005
adapter,A,R02,07,536,0,422,114,0,0,0.9675467546754676,1,0,0.813877109836202,0.4642388669656634,0.18154984617942962,0.2007298119512618,0.18936559407998668,0.1832023493724007
adapter,A,R02,08,784,0,590,194,8,0,0.9675467546754676,4,0,0.4734579765857068,0.24542404249614042,0.6209505504106237,0.3087817774655792,0.6439979031976236,0.29614442169948874
adapter,A,R02,09,853,0,701,152,0,0,0.9675467546754676,2,0,0.6555672347773855,0.24885281855679897,0.6872043696974248,0.2710715992521938,0.7950390419701178,0.41078008847731184
adapter,A,R02,10,612,0,300,312,4,0,0.9675467546754676,1,0,0.6160683760683761,0.5484125365843241,0.4295726495726495,0.47843856001750745,0.4704273504273504,0.5000828670364708
adapter,A,R02,11,590,0,350,240,0,0,0.9675467546754676,1,0,0.7468333333333333,0.5723091267052858,0.18571428571428572,0.40955631399317405,0.24721428571428572,0.29457494794639183
adapter,A,R02,12,0,806,0,0,0,0,0.9675467546754676,0,0,,,,,,
adapter,A,R02,13,0,609,0,0,0,0,0.9675467546754676,0,0,,,,,,
adapter,A,R02,14,0,497,0,0,0,0,0.9675467546754676,0,0,,,,,,
adapter,A,R02,15,815,0,415,400,0,0,0.9675467546754676,2,0,0.26069879518072286,0.3610150340951425,0.9226746987951807,0.9376299682911738,0.9175060240963856,0.9113623975452532
adapter,B,R02,01,583,0,583,0,8,0,0.9721670347850662,0,0,,,,,,
adapter,B,R02,02,595,0,595,0,8,0,0.9721670347850662,0,0,,,,,,
adapter,B,R02,03,573,0,277,296,4,16,0.9721670347850662,1,1,1.0,1.0,0.4956581129866328,0.527574526520045,0.8003707678797931,0.833456664453097
adapter,B,R02,04,578,0,284,294,4,28,0.9721670347850662,1,1,0.998778384593274,0.9989776257323739,0.5154498419085944,0.5387986370148997,0.7723723292133755,0.8105280168974319
adapter,B,R02,05,583,0,279,304,0,16,0.9721670347850662,1,1,0.9957437275985663,0.9938860687051636,0.5488999717034522,0.5825678219436204,0.7036408224863233,0.7776671379813911
adapter,B,R02,06,604,0,298,306,0,16,0.9721670347850662,1,1,0.9944948896784664,0.9914927428707341,0.4980699214808966,0.5212916277622158,0.6541430890029389,0.6850087796724873
adapter,B,R02,07,536,0,422,114,0,0,0.9721670347850662,1,0,0.7565893406502037,0.3561932869996247,0.18154984617942962,0.2007298119512618,0.22653196973476344,0.19846007503199248
adapter,B,R02,08,784,0,590,194,4,0,0.9721670347850662,4,0,0.42007688275380045,0.20264058764237977,0.6209505504106237,0.3087817774655792,0.5724270487506552,0.25624339419579956
adapter,B,R02,09,853,0,701,152,0,0,0.9721670347850662,2,0,0.6840040543584353,0.26448597458832307,0.6872043696974248,0.2710715992521938,0.7569168105713642,0.3562648844383805
adapter,B,R02,10,612,0,300,312,4,0,0.9721670347850662,1,0,0.500940170940171,0.500186944160526,0.4295726495726495,0.47843856001750745,0.43401709401709404,0.46545463920923535
adapter,B,R02,11,590,0,350,240,0,0,0.9721670347850662,1,0,0.06816666666666665,0.2534865890020398,0.18571428571428572,0.40955631399317405,0.0674047619047619,0.25347152243767745
adapter,B,R02,12,0,806,0,0,0,0,0.9721670347850662,0,0,,,,,,
adapter,B,R02,13,0,609,0,0,0,0,0.9721670347850662,0,0,,,,,,
adapter,B,R02,14,0,497,0,0,0,0,0.9721670347850662,0,0,,,,,,
adapter,B,R02,15,815,0,415,400,2,2,0.9721670347850662,2,1,0.41739759036144575,0.41644660906856956,0.9226746987951807,0.9376299682911738,0.9139638554216869,0.9046828277056274
adapter,C_s42,R02,01,583,0,583,0,8,0,0.9741314454026048,0,0,,,,,,
adapter,C_s42,R02,02,595,0,595,0,4,0,0.9741314454026048,0,0,,,,,,
adapter,C_s42,R02,03,573,0,277,296,4,16,0.9741314454026048,1,1,1.0,1.0,0.4956581129866328,0.527574526520045,0.7831983608156893,0.8213968665623479
adapter,C_s42,R02,04,578,0,284,294,0,28,0.9741314454026048,1,1,0.9990658235125035,0.9991853028636605,0.5154498419085944,0.5387986370148997,0.7682523713710837,0.808878250290015
adapter,C_s42,R02,05,583,0,279,304,0,16,0.9741314454026048,1,1,0.9954136012073193,0.9938064750324231,0.5488999717034522,0.5825678219436204,0.6992076966610075,0.7685748740335241
adapter,C_s42,R02,06,604,0,298,306,0,16,0.9741314454026048,1,1,0.9914681756371453,0.9863628097546886,0.4980699214808966,0.5212916277622158,0.6616879413957977,0.6896801405075655
adapter,C_s42,R02,07,536,0,422,114,4,0,0.9741314454026048,1,0,0.6898228984784235,0.31615447971967725,0.18154984617942962,0.2007298119512618,0.23218591502452815,0.17871423117298332
adapter,C_s42,R02,08,784,0,590,194,4,0,0.9741314454026048,4,0,0.45027083697361525,0.21201686749245002,0.6209505504106237,0.3087817774655792,0.5797483837148348,0.26099473067763307
adapter,C_s42,R02,09,853,0,701,152,0,0,0.9741314454026048,2,0,0.7054959081012088,0.27581119372369467,0.6872043696974248,0.2710715992521938,0.7577990089346047,0.36223344234818217
adapter,C_s42,R02,10,612,0,300,312,4,0,0.9741314454026048,1,0,0.5332478632478632,0.5374247058043585,0.4295726495726495,0.47843856001750745,0.4485470085470085,0.47155975931812455
adapter,C_s42,R02,11,590,0,350,240,0,0,0.9741314454026048,1,0,0.05716666666666667,0.24964437333284367,0.18571428571428572,0.40955631399317405,0.05526190476190477,0.24958355257086187
adapter,C_s42,R02,12,0,806,0,0,0,0,0.9741314454026048,0,0,,,,,,
adapter,C_s42,R02,13,0,609,0,0,0,0,0.9741314454026048,0,0,,,,,,
adapter,C_s42,R02,14,0,497,0,0,0,0,0.9741314454026048,0,0,,,,,,
adapter,C_s42,R02,15,815,0,415,400,2,2,0.9741314454026048,2,1,0.5798795180722892,0.5116177882032839,0.9226746987951807,0.9376299682911738,0.9193614457831325,0.9076299983875492
adapter,D_s42,R02,01,583,0,583,0,8,0,0.9732695706174808,0,0,,,,,,
adapter,D_s42,R02,02,595,0,595,0,8,0,0.9732695706174808,0,0,,,,,,
adapter,D_s42,R02,03,573,0,277,296,0,16,0.9732695706174808,1,1,1.0,1.0,0.4956581129866328,0.527574526520045,0.7250463459849741,0.7935980120029198
adapter,D_s42,R02,04,578,0,284,294,0,28,0.9732695706174808,1,1,0.9986825716201974,0.9989115646258503,0.5154498419085944,0.5387986370148997,0.7289690524096963,0.7714025475164925
adapter,D_s42,R02,05,583,0,279,304,0,16,0.9732695706174808,1,1,0.9949773627617431,0.9903260862014035,0.5488999717034522,0.5825678219436204,0.7457083569137898,0.7955564520995649
adapter,D_s42,R02,06,604,0,298,306,0,16,0.9732695706174808,1,1,0.9819055138834056,0.9558591716705283,0.4980699214808966,0.5212916277622158,0.698359433258762,0.7095999406316489
adapter,D_s42,R02,07,536,0,422,114,4,0,0.9732695706174808,1,0,0.6512430365012056,0.3250094294822658,0.18154984617942962,0.2007298119512618,0.24299492807849005,0.22213711657261945
adapter,D_s42,R02,08,784,0,590,194,4,0,0.9732695706174808,4,0,0.22614013629215446,0.1608349626043553,0.6209505504106237,0.3087817774655792,0.44424253014153414,0.20984573110555987
adapter,D_s42,R02,09,853,0,701,152,0,0,0.9732695706174808,2,0,0.6630565357759592,0.25548248557142084,0.6872043696974248,0.2710715992521938,0.7373958255124258,0.3253928732485772
adapter,D_s42,R02,10,612,0,300,312,4,0,0.9732695706174808,1,0,0.5231623931623931,0.497016151363742,0.4295726495726495,0.47843856001750745,0.4547008547008547,0.4649904728687193
adapter,D_s42,R02,11,590,0,350,240,0,0,0.9732695706174808,1,0,0.07940476190476191,0.2532417569185926,0.18571428571428572,0.40955631399317405,0.06911904761904761,0.25234927111888467
adapter,D_s42,R02,12,0,806,0,0,0,0,0.9732695706174808,0,0,,,,,,
adapter,D_s42,R02,13,0,609,0,0,0,0,0.9732695706174808,0,0,,,,,,
adapter,D_s42,R02,14,0,497,0,0,0,0,0.9732695706174808,0,0,,,,,,
adapter,D_s42,R02,15,815,0,415,400,0,0,0.9732695706174808,2,0,0.4183132530120482,0.4215765194555189,0.9226746987951807,0.9376299682911738,0.8651445783132531,0.8535046661137243
adapter,C_s43,R02,01,583,0,583,0,8,0,0.9743721064498952,0,0,,,,,,
adapter,C_s43,R02,02,595,0,595,0,4,0,0.9743721064498952,0,0,,,,,,
adapter,C_s43,R02,03,573,0,277,296,4,16,0.9743721064498952,1,1,1.0,1.0,0.4956581129866328,0.527574526520045,0.7785149770709338,0.8171358919888733
adapter,C_s43,R02,04,578,0,284,294,0,28,0.9743721064498952,1,1,0.9990658235125035,0.9991853028636605,0.5154498419085944,0.5387986370148997,0.7723723292133755,0.8105280168974319
adapter,C_s43,R02,05,583,0,279,304,0,16,0.9743721064498952,1,1,0.9955550839464252,0.9935208839573487,0.5488999717034522,0.5825678219436204,0.6992076966610073,0.7670213228865358
adapter,C_s43,R02,06,604,0,298,306,0,16,0.9743721064498952,1,1,0.9919945606878098,0.9862133325250626,0.4980699214808966,0.5212916277622158,0.6616879413957977,0.6911270248323264
adapter,C_s43,R02,07,536,0,422,114,0,0,0.9743721064498952,1,0,0.7022948366176105,0.3231408299305583,0.18154984617942962,0.2007298119512618,0.23235220753305064,0.18773963569208257
adapter,C_s43,R02,08,784,0,590,194,4,0,0.9743721064498952,4,0,0.48186265944434736,0.2221331223352095,0.6209505504106237,0.3087817774655792,0.5909313297221737,0.26745569846192024
adapter,C_s43,R02,09,853,0,701,152,0,0,0.9743721064498952,2,0,0.7021172760717772,0.27116341652147086,0.6872043696974248,0.2710715992521938,0.7593193933478489,0.3558547509760272
adapter,C_s43,R02,10,612,0,300,312,4,0,0.9743721064498952,1,0,0.5122222222222222,0.5162433383096848,0.4295726495726495,0.47843856001750745,0.44145299145299144,0.46535364767178966
adapter,C_s43,R02,11,590,0,350,240,0,0,0.9743721064498952,1,0,0.055595238095238114,0.2493730435164768,0.18571428571428572,0.40955631399317405,0.053309523809523834,0.2493161874292455
adapter,C_s43,R02,12,0,806,0,0,0,0,0.9743721064498952,0,0,,,,,,
adapter,C_s43,R02,13,0,609,0,0,0,0,0.9743721064498952,0,0,,,,,,
adapter,C_s43,R02,14,0,497,0,0,0,0,0.9743721064498952,0,0,,,,,,
adapter,C_s43,R02,15,815,0,415,400,2,2,0.9743721064498952,2,1,0.5655421686746988,0.49830980983711703,0.9226746987951807,0.9376299682911738,0.9189518072289158,0.9087609554363774
adapter,D_s43,R02,01,583,0,583,0,8,0,0.9752067142198091,0,0,,,,,,
adapter,D_s43,R02,02,595,0,595,0,8,0,0.9752067142198091,0,0,,,,,,
adapter,D_s43,R02,03,573,0,277,296,0,16,0.9752067142198091,1,1,1.0,1.0,0.4956581129866328,0.527574526520045,0.7646599668260317,0.81624253107713
adapter,D_s43,R02,04,578,0,284,294,0,28,0.9752067142198091,1,1,0.998970010539427,0.9991144386748783,0.5154498419085944,0.5387986370148997,0.7330890102519881,0.7798085464235094
adapter,D_s43,R02,05,583,0,279,304,0,12,0.9752067142198091,1,1,0.9948594604791549,0.9888465865354535,0.5488999717034522,0.5825678219436204,0.7424896245991323,0.7913682837096726
adapter,D_s43,R02,06,604,0,298,306,0,16,0.9752067142198091,1,1,0.9815107250954073,0.9557834277350847,0.4980699214808966,0.5212916277622158,0.7090625959556083,0.710186887398226
adapter,D_s43,R02,07,536,0,422,114,0,0,0.9752067142198091,1,0,0.6753554502369667,0.3113203143992788,0.18154984617942962,0.2007298119512618,0.25097696848756956,0.2027468615181348
adapter,D_s43,R02,08,784,0,590,194,4,0,0.9752067142198091,4,0,0.2500087366765682,0.16440335858296024,0.6209505504106237,0.3087817774655792,0.4483837148348769,0.21058995841923522
adapter,D_s43,R02,09,853,0,701,152,0,0,0.9752067142198091,2,0,0.6282003153389893,0.23203587218923222,0.6872043696974248,0.2710715992521938,0.7254392221638261,0.31912714500356354
adapter,D_s43,R02,10,612,0,300,312,4,0,0.9752067142198091,1,0,0.5537606837606838,0.5098095771887442,0.4295726495726495,0.47843856001750745,0.46145299145299146,0.46324279781081174
adapter,D_s43,R02,11,590,0,350,240,4,0,0.9752067142198091,1,0,0.2710714285714286,0.2940392695272739,0.18571428571428572,0.40955631399317405,0.17126190476190475,0.27392145099958115
adapter,D_s43,R02,12,0,806,0,0,0,0,0.9752067142198091,0,0,,,,,,
adapter,D_s43,R02,13,0,609,0,0,0,0,0.9752067142198091,0,0,,,,,,
adapter,D_s43,R02,14,0,497,0,0,0,0,0.9752067142198091,0,0,,,,,,
adapter,D_s43,R02,15,815,0,415,400,0,0,0.9752067142198091,2,0,0.45151807228915664,0.4355480309959635,0.9226746987951807,0.9376299682911738,0.869578313253012,0.8569655489421505
adapter,C_s44,R02,01,583,0,583,0,8,0,0.9741314454026048,0,0,,,,,,
adapter,C_s44,R02,02,595,0,595,0,4,0,0.9741314454026048,0,0,,,,,,
adapter,C_s44,R02,03,573,0,277,296,4,16,0.9741314454026048,1,1,1.0,1.0,0.4956581129866328,0.527574526520045,0.7831983608156893,0.8213968665623479
adapter,C_s44,R02,04,578,0,284,294,0,28,0.9741314454026048,1,1,0.998970010539427,0.9991144386748783,0.5154498419085944,0.5387986370148997,0.7723723292133755,0.8105280168974318
adapter,C_s44,R02,05,583,0,279,304,0,16,0.9741314454026048,1,1,0.9958852103376721,0.9941753469335985,0.5488999717034522,0.5825678219436204,0.6955055649877381,0.7693576482315264
adapter,C_s44,R02,06,604,0,298,306,0,16,0.9741314454026048,1,1,0.9929595999473615,0.9884822674427804,0.4980699214808966,0.5212916277622158,0.6623897881300171,0.6934433568025938
adapter,C_s44,R02,07,536,0,422,114,0,0,0.9741314454026048,1,0,0.6948948199883596,0.3081471670645109,0.18154984617942962,0.2007298119512618,0.2324353537873119,0.18297534476397498
adapter,C_s44,R02,08,784,0,590,194,4,0,0.9741314454026048,4,0,0.461750829984274,0.21446699045278028,0.6209505504106237,0.3087817774655792,0.585776690546916,0.26307802324219465
adapter,C_s44,R02,09,853,0,701,152,0,0,0.9741314454026048,2,0,0.7040318342217885,0.2717283864041981,0.6872043696974248,0.2710715992521938,0.7579304001801938,0.3590376003632347
adapter,C_s44,R02,10,612,0,300,312,4,0,0.9741314454026048,1,0,0.5205982905982905,0.522507906598602,0.4295726495726495,0.47843856001750745,0.4441025641025641,0.46910453975917277
adapter,C_s44,R02,11,590,0,350,240,0,0,0.9741314454026048,1,0,0.0618809523809524,0.25101310946244726,0.18571428571428572,0.40955631399317405,0.05940476190476192,0.25093311915290956
adapter,C_s44,R02,12,0,806,0,0,0,0,0.9741314454026048,0,0,,,,,,
adapter,C_s44,R02,13,0,609,0,0,0,0,0.9741314454026048,0,0,,,,,,
adapter,C_s44,R02,14,0,497,0,0,0,0,0.9741314454026048,0,0,,,,,,
adapter,C_s44,R02,15,815,0,415,400,2,2,0.9741314454026048,2,1,0.573301204819277,0.5077625643985632,0.9226746987951807,0.9376299682911738,0.9187108433734938,0.9075599089954991
adapter,D_s44,R02,01,583,0,583,0,8,0,0.9749724972497249,0,0,,,,,,
adapter,D_s44,R02,02,595,0,595,0,4,0,0.9749724972497249,0,0,,,,,,
adapter,D_s44,R02,03,573,0,277,296,0,16,0.9749724972497249,1,1,1.0,1.0,0.4956581129866328,0.527574526520045,0.7671967996877744,0.8173652560749334
adapter,D_s44,R02,04,578,0,284,294,4,28,0.9749724972497249,1,1,0.997916067835585,0.9983044268758555,0.5154498419085944,0.5387986370148997,0.7081776372520839,0.7637126901607421
adapter,D_s44,R02,05,583,0,279,304,0,16,0.9749724972497249,1,1,0.9950009432182606,0.9876323027492298,0.5488999717034522,0.5825678219436204,0.7331635540464063,0.793940256300345
adapter,D_s44,R02,06,604,0,298,306,0,16,0.9749724972497249,1,1,0.9815984559371846,0.9551611529627437,0.4980699214808966,0.5212916277622158,0.7078343641707242,0.7206535161019216
adapter,D_s44,R02,07,536,0,422,114,4,0,0.9749724972497249,1,0,0.6444250436517834,0.2963713625094504,0.18154984617942962,0.2007298119512618,0.2310218674648707,0.23615859081096924
adapter,D_s44,R02,08,784,0,590,194,8,0,0.9749724972497249,4,0,0.3270836973615237,0.17990981841830497,0.6209505504106237,0.3087817774655792,0.4680936571728115,0.2165948863158455
adapter,D_s44,R02,09,853,0,701,152,0,0,0.9749724972497249,2,0,0.5650105112996471,0.22314329783934325,0.6872043696974248,0.2710715992521938,0.7094470305578497,0.2983507695231104
adapter,D_s44,R02,10,612,0,300,312,4,0,0.9749724972497249,1,0,0.5368376068376068,0.5004556711871398,0.4295726495726495,0.47843856001750745,0.4636752136752137,0.4673361866522783
adapter,D_s44,R02,11,590,0,350,240,0,0,0.9749724972497249,1,0,0.11207142857142859,0.25658409090329765,0.18571428571428572,0.40955631399317405,0.09373809523809525,0.2548137006495646
adapter,D_s44,R02,12,0,806,0,0,0,0,0.9749724972497249,0,0,,,,,,
adapter,D_s44,R02,13,0,609,0,0,0,0,0.9749724972497249,0,0,,,,,,
adapter,D_s44,R02,14,0,497,0,0,0,0,0.9749724972497249,0,0,,,,,,
adapter,D_s44,R02,15,815,0,415,400,0,0,0.9749724972497249,2,0,0.2726265060240964,0.362013696423819,0.9226746987951807,0.9376299682911738,0.8089999999999999,0.8147755909659778
adapter,A,R03,01,720,0,0,720,0,696,0.9964438122332859,1,1,,1.0,,1.0,,1.0
adapter,A,R03,02,676,0,0,676,0,68,0.9964438122332859,1,1,,1.0,,1.0,,1.0
adapter,A,R03,03,674,0,0,674,0,12,0.9964438122332859,1,1,,1.0,,1.0,,0.9999999999999999
adapter,A,R03,04,683,0,0,683,0,24,0.9964438122332859,1,1,,1.0,,1.0,,1.0
adapter,A,R03,05,574,0,515,59,12,0,0.9964438122332859,1,0,0.4579068619384565,0.13184797165388767,0.3462728319894685,0.15707301173402866,0.4511930228731282,0.12946044095320047
adapter,A,R03,06,582,0,131,451,0,74,0.9964438122332859,1,1,0.5029958870025897,0.8253512015234143,0.3712445625497199,0.7362835855945294,0.5080059579221746,0.8287909663637405
adapter,A,R03,07,686,0,269,417,0,30,0.9964438122332859,1,1,0.5947910816328349,0.7126483469764328,0.49562283258894746,0.6073721562550125,0.594791081632835,0.7126483469764328
adapter,A,R03,08,695,0,290,405,1,15,0.9964438122332859,1,1,0.39974882928905914,0.5837868253768702,0.23409110259684973,0.5665475996769389,0.39225627926777357,0.580225194996348
adapter,A,R03,09,712,0,620,92,12,4,0.9964438122332859,1,1,0.9647966339410939,0.6766540642722118,0.019354838709677413,0.12994350282485875,0.9647966339410938,0.6766540642722118
adapter,A,R03,10,647,0,445,202,4,8,0.9964438122332859,1,1,0.7241350539548337,0.526475453327004,0.08612192679942152,0.31835846758885045,0.714345310935588,0.5192811848409258
adapter,A,R03,11,706,0,490,216,0,26,0.9964438122332859,1,1,0.8970710506424792,0.7340170579373632,0.32911942554799695,0.4773798392940509,0.8901927437641723,0.7199512871665681
adapter,A,R03,12,841,0,670,171,12,0,0.9964438122332859,2,0,0.40703063629222314,0.16279900157921484,0.8022388059701492,0.4033018867924528,0.4067513310639784,0.16270736266317792
adapter,A,R03,13,766,0,664,102,72,4,0.9964438122332859,1,1,0.5697200566973777,0.27362680328468997,0.125,0.13858695652173914,0.4657748641625325,0.12512107139092157
adapter,A,R03,14,908,0,780,128,172,0,0.9964438122332859,2,0,0.56328125,0.1683040100712828,0.20372596153846154,0.11857855350941951,0.45220352564102567,0.12416485165441105
adapter,A,R03,15,692,0,620,72,0,24,0.9964438122332859,1,1,0.7050179211469533,0.4760081535276025,0.8064516129032258,0.7016316048292792,0.7408602150537634,0.4796228779889423
adapter,A,R03,16,730,0,730,0,28,0,0.9964438122332859,0,0,,,,,,
adapter,A,R03,17,713,0,713,0,129,0,0.9964438122332859,0,0,,,,,,
adapter,B,R03,01,720,0,0,720,0,392,0.9951523545706371,1,1,,1.0,,1.0,,1.0
adapter,B,R03,02,676,0,0,676,0,76,0.9951523545706371,1,1,,0.9999999999999999,,1.0,,0.9999999999999999
adapter,B,R03,03,674,0,0,674,0,42,0.9951523545706371,1,1,,1.0,,1.0,,1.0
adapter,B,R03,04,683,0,0,683,0,63,0.9951523545706371,1,1,,1.0,,1.0,,1.0
adapter,B,R03,05,574,0,515,59,8,0,0.9951523545706371,1,0,0.7154023366792825,0.2116706009533983,0.3462728319894685,0.15707301173402866,0.7113213756787888,0.21009268879078574
adapter,B,R03,06,582,0,131,451,0,66,0.9951523545706371,1,1,0.9271931754709636,0.9807347471090121,0.3712445625497199,0.7362835855945294,0.9271931754709636,0.9807347471090122
adapter,B,R03,07,686,0,269,417,0,26,0.9951523545706371,1,1,0.7964260561810774,0.853148011786621,0.49562283258894746,0.6073721562550125,0.7964260561810774,0.853148011786621
adapter,B,R03,08,695,0,290,405,0,0,0.9951523545706371,1,0,0.6239037888463176,0.6215463789198316,0.23409110259684973,0.5665475996769389,0.616411238825032,0.6162297223593328
adapter,B,R03,09,712,0,620,92,20,80,0.9951523545706371,1,1,0.9838709677419355,0.8282847587195414,0.019354838709677413,0.12994350282485875,0.9838709677419354,0.8282847587195414
adapter,B,R03,10,647,0,445,202,0,27,0.9951523545706371,1,1,0.9716598064300812,0.9111734461004531,0.08612192679942152,0.31835846758885045,0.9630270330403826,0.8857763879610137
adapter,B,R03,11,706,0,490,216,0,30,0.9951523545706371,1,1,0.8097316704459562,0.6060467725544886,0.32911942554799695,0.4773798392940509,0.8033068783068783,0.595950886436739
adapter,B,R03,12,841,0,670,171,0,0,0.9951523545706371,2,0,0.2567295103430217,0.1394042314688821,0.8022388059701492,0.4033018867924528,0.2567295103430217,0.1394042314688821
adapter,B,R03,13,766,0,664,102,94,0,0.9951523545706371,1,0,0.7128809355067328,0.26637697183866593,0.125,0.13858695652173914,0.6156685565792582,0.17338451112194575
adapter,B,R03,14,908,0,780,128,168,4,0.9951523545706371,2,1,0.5388822115384615,0.1699939466509602,0.20372596153846154,0.11857855350941951,0.43591746794871794,0.1183902351704744
adapter,B,R03,15,692,0,620,72,4,24,0.9951523545706371,1,1,0.6503584229390682,0.449771900367246,0.8064516129032258,0.7016316048292792,0.7102150537634409,0.4695582441293521
adapter,B,R03,16,730,0,730,0,36,0,0.9951523545706371,0,0,,,,,,
adapter,B,R03,17,713,0,713,0,88,0,0.9951523545706371,0,0,,,,,,
adapter,C_s42,R03,01,720,0,0,720,0,328,0.9964438122332859,1,1,,1.0,,1.0,,1.0
adapter,C_s42,R03,02,676,0,0,676,0,108,0.9964438122332859,1,1,,0.9999999999999999,,1.0,,1.0
adapter,C_s42,R03,03,674,0,0,674,0,20,0.9964438122332859,1,1,,1.0,,1.0,,0.9999999999999999
adapter,C_s42,R03,04,683,0,0,683,0,20,0.9964438122332859,1,1,,1.0,,1.0,,1.0
adapter,C_s42,R03,05,574,0,515,59,0,0,0.9964438122332859,1,0,0.6027151555043607,0.18861097042682123,0.3462728319894685,0.15707301173402866,0.598634194503867,0.18778997740292025
adapter,C_s42,R03,06,582,0,131,451,0,90,0.9964438122332859,1,1,0.8950339364601141,0.9688459460915332,0.3712445625497199,0.7362835855945294,0.8950339364601141,0.9688459460915334
adapter,C_s42,R03,07,686,0,269,417,0,26,0.9964438122332859,1,1,0.7259456375420109,0.8000517594106591,0.49562283258894746,0.6073721562550125,0.7259456375420108,0.8000517594106591
adapter,C_s42,R03,08,695,0,290,405,0,0,0.9964438122332859,1,0,0.48606641123882505,0.5939709831759565,0.23409110259684973,0.5665475996769389,0.4821157939548744,0.5875291459908976
adapter,C_s42,R03,09,712,0,620,92,20,92,0.9964438122332859,1,1,0.9812061711079944,0.8074534161490683,0.019354838709677413,0.12994350282485875,0.9812061711079942,0.8074534161490683
adapter,C_s42,R03,10,647,0,445,202,0,31,0.9964438122332859,1,1,0.9646957392368449,0.8856667356975703,0.08612192679942152,0.31835846758885045,0.964695739236845,0.8856667356975703
adapter,C_s42,R03,11,706,0,490,216,4,26,0.9964438122332859,1,1,0.8724678760393046,0.6747331710957645,0.32911942554799695,0.4773798392940509,0.8657407407407408,0.6644464397016977
adapter,C_s42,R03,12,841,0,670,171,4,0,0.9964438122332859,2,0,0.3444488085886357,0.15474235655228968,0.8022388059701492,0.4033018867924528,0.34444880858863575,0.15474235655228968
adapter,C_s42,R03,13,766,0,664,102,90,8,0.9964438122332859,1,1,0.6642747460429955,0.2536382174100292,0.125,0.13858695652173914,0.5691885187810064,0.15696139214414256
adapter,C_s42,R03,14,908,0,780,128,168,4,0.9964438122332859,2,1,0.4254206730769231,0.1536214914777262,0.20372596153846154,0.11857855350941951,0.3265224358974359,0.10108597586820141
adapter,C_s42,R03,15,692,0,620,72,0,20,0.9964438122332859,1,1,0.6539426523297491,0.425812984026225,0.8064516129032258,0.7016316048292792,0.7155913978494624,0.44384503062294245
adapter,C_s42,R03,16,730,0,730,0,20,0,0.9964438122332859,0,0,,,,,,
adapter,C_s42,R03,17,713,0,713,0,24,0,0.9964438122332859,0,0,,,,,,
adapter,D_s42,R03,01,720,0,0,720,0,540,0.9935988620199147,1,1,,1.0,,1.0,,1.0
adapter,D_s42,R03,02,676,0,0,676,0,184,0.9935988620199147,1,1,,1.0,,1.0,,1.0
adapter,D_s42,R03,03,674,0,0,674,0,24,0.9935988620199147,1,1,,1.0,,1.0,,1.0
adapter,D_s42,R03,04,683,0,0,683,0,24,0.9935988620199147,1,1,,1.0,,1.0,,1.0
adapter,D_s42,R03,05,574,0,515,59,20,12,0.9935988620199147,1,1,0.5003620207339148,0.22395508460914126,0.3462728319894685,0.15707301173402866,0.49680763534638805,0.22350792015889226
adapter,D_s42,R03,06,582,0,131,451,0,178,0.9935988620199147,1,1,0.8288874595893774,0.9240259491727106,0.3712445625497199,0.7362835855945294,0.8294290888779812,0.9244360846455841
adapter,D_s42,R03,07,686,0,269,417,0,50,0.9935988620199147,1,1,0.8318534763267454,0.8413606540609018,0.49562283258894746,0.6073721562550125,0.8318534763267454,0.8413606540609018
adapter,D_s42,R03,08,695,0,290,405,1,35,0.9935988620199147,1,1,0.7265772669220945,0.7893608218698316,0.23409110259684973,0.5665475996769389,0.7241932737335036,0.7893608218698316
adapter,D_s42,R03,09,712,0,620,92,28,92,0.9935988620199147,1,1,0.9737727910238428,0.7561872909698997,0.019354838709677413,0.12994350282485875,0.973772791023843,0.7561872909698997
adapter,D_s42,R03,10,647,0,445,202,48,176,0.9935988620199147,1,1,0.9385638002002448,0.8492906807611051,0.08612192679942152,0.31835846758885045,0.9419902102569807,0.8587856984836468
adapter,D_s42,R03,11,706,0,490,216,8,22,0.9935988620199147,1,1,0.3994142101284958,0.359979703218971,0.32911942554799695,0.4773798392940509,0.3994142101284959,0.3647563895876972
adapter,D_s42,R03,12,841,0,670,171,20,0,0.9935988620199147,2,0,0.5325696080998517,0.19956811624638612,0.8022388059701492,0.4033018867924528,0.532290302871607,0.19951866209656477
adapter,D_s42,R03,13,766,0,664,102,88,32,0.9935988620199147,1,1,0.6686451689109378,0.464551402750906,0.125,0.13858695652173914,0.5667080085046067,0.2092917424535599
adapter,D_s42,R03,14,908,0,780,128,176,0,0.9935988620199147,2,0,0.48046875,0.153614362046755,0.20372596153846154,0.11857855350941951,0.35226362179487175,0.11364452895967524
adapter,D_s42,R03,15,692,0,620,72,8,24,0.9935988620199147,1,1,0.45645161290322583,0.3902623782332168,0.8064516129032258,0.7016316048292792,0.5084229390681003,0.39627465388789096
adapter,D_s42,R03,16,730,0,730,0,32,0,0.9935988620199147,0,0,,,,,,
adapter,D_s42,R03,17,713,0,713,0,49,0,0.9935988620199147,0,0,,,,,,
adapter,C_s43,R03,01,720,0,0,720,0,412,0.9951523545706371,1,1,,1.0,,1.0,,1.0
adapter,C_s43,R03,02,676,0,0,676,0,120,0.9951523545706371,1,1,,1.0,,1.0,,1.0
adapter,C_s43,R03,03,674,0,0,674,0,24,0.9951523545706371,1,1,,1.0,,1.0,,1.0
adapter,C_s43,R03,04,683,0,0,683,0,59,0.9951523545706371,1,1,,1.0,,1.0,,1.0
adapter,C_s43,R03,05,574,0,515,59,0,4,0.9951523545706371,1,1,0.6289781142010861,0.27468882533032146,0.3462728319894685,0.15707301173402866,0.6259503044265263,0.27403160408306126
adapter,C_s43,R03,06,582,0,131,451,0,122,0.9951523545706371,1,1,0.9062727441986427,0.9722164702162083,0.3712445625497199,0.7362835855945294,0.9062727441986425,0.9722164702162083
adapter,C_s43,R03,07,686,0,269,417,0,26,0.9951523545706371,1,1,0.7347534611715831,0.7974710557780119,0.49562283258894746,0.6073721562550125,0.7347534611715831,0.7974710557780119
adapter,C_s43,R03,08,695,0,290,405,0,0,0.9951523545706371,1,0,0.5306130268199234,0.6154668174448181,0.23409110259684973,0.5665475996769389,0.5237335036185611,0.6075325878092332
adapter,C_s43,R03,09,712,0,620,92,20,92,0.9951523545706371,1,1,0.9838709677419355,0.8214285714285714,0.019354838709677413,0.12994350282485875,0.9838709677419355,0.8214285714285714
adapter,C_s43,R03,10,647,0,445,202,4,31,0.9951523545706371,1,1,0.9601123595505618,0.865805996950871,0.08612192679942152,0.31835846758885045,0.9601123595505617,0.865805996950871
adapter,C_s43,R03,11,706,0,490,216,4,26,0.9951523545706371,1,1,0.881840513983371,0.6862924945496363,0.32911942554799695,0.4773798392940509,0.8750377928949358,0.6765773056030939
adapter,C_s43,R03,12,841,0,670,171,4,0,0.9951523545706371,2,0,0.3346905821768351,0.15113137659184867,0.8022388059701492,0.4033018867924528,0.3346905821768351,0.15113137659184867
adapter,C_s43,R03,13,766,0,664,102,90,20,0.9951523545706371,1,1,0.6869536971415071,0.28968311201321967,0.125,0.13858695652173914,0.5925761871013465,0.17223241983110021
adapter,C_s43,R03,14,908,0,780,128,168,4,0.9951523545706371,2,1,0.427363782051282,0.15326558917679145,0.20372596153846154,0.11857855350941951,0.32860576923076923,0.10152646885199496
adapter,C_s43,R03,15,692,0,620,72,4,20,0.9951523545706371,1,1,0.6593189964157705,0.4163087253152412,0.8064516129032258,0.7016316048292792,0.7146953405017922,0.4317978194902399
adapter,C_s43,R03,16,730,0,730,0,32,0,0.9951523545706371,0,0,,,,,,
adapter,C_s43,R03,17,713,0,713,0,64,0,0.9951523545706371,0,0,,,,,,
adapter,D_s43,R03,01,720,0,0,720,0,512,0.9935988620199147,1,1,,0.9999999999999999,,1.0,,0.9999999999999999
adapter,D_s43,R03,02,676,0,0,676,0,184,0.9935988620199147,1,1,,1.0,,1.0,,1.0
adapter,D_s43,R03,03,674,0,0,674,0,4,0.9935988620199147,1,1,,1.0,,1.0,,1.0
adapter,D_s43,R03,04,683,0,0,683,0,12,0.9935988620199147,1,1,,1.0,,1.0,,1.0
adapter,D_s43,R03,05,574,0,515,59,20,12,0.9935988620199147,1,1,0.4841698206351819,0.17651535401805607,0.3462728319894685,0.15707301173402866,0.4806154352476551,0.17603254682357417
adapter,D_s43,R03,06,582,0,131,451,0,158,0.9935988620199147,1,1,0.892732011983548,0.9657026173361133,0.3712445625497199,0.7362835855945294,0.892732011983548,0.9657026173361134
adapter,D_s43,R03,07,686,0,269,417,0,54,0.9935988620199147,1,1,0.8336186069731576,0.8458955839474657,0.49562283258894746,0.6073721562550125,0.8336186069731576,0.8458955839474657
adapter,D_s43,R03,08,695,0,290,405,21,35,0.9935988620199147,1,1,0.6348957002979991,0.7230490770665772,0.23409110259684973,0.5665475996769389,0.6327501064282673,0.7230490770665772
adapter,D_s43,R03,09,712,0,620,92,24,92,0.9935988620199147,1,1,0.9793828892005609,0.7827240226040826,0.019354838709677413,0.12994350282485875,0.9793828892005609,0.7827240226040826
adapter,D_s43,R03,10,647,0,445,202,32,168,0.9935988620199147,1,1,0.9311992435198576,0.82911355315343,0.08612192679942152,0.31835846758885045,0.9342474135053955,0.8403174203172362
adapter,D_s43,R03,11,706,0,490,216,8,22,0.9935988620199147,1,1,0.8744708994708995,0.6718035957533993,0.32911942554799695,0.4773798392940509,0.8678949357520787,0.6618871272930993
adapter,D_s43,R03,12,841,0,670,171,20,0,0.9935988620199147,2,0,0.5050405865409793,0.19217165858414076,0.8022388059701492,0.4033018867924528,0.5050405865409793,0.19217165858414076
adapter,D_s43,R03,13,766,0,664,102,92,32,0.9935988620199147,1,1,0.648210489014883,0.3958631675124429,0.125,0.13858695652173914,0.5310359083392393,0.19300164303677703
adapter,D_s43,R03,14,908,0,780,128,176,0,0.9935988620199147,2,0,0.460176282051282,0.15500140242348096,0.20372596153846154,0.11857855350941951,0.34316907051282053,0.11916282394375613
adapter,D_s43,R03,15,692,0,620,72,4,24,0.9935988620199147,1,1,0.46774193548387094,0.4078925583134047,0.8064516129032258,0.7016316048292792,0.5207885304659499,0.4158651926692388
adapter,D_s43,R03,16,730,0,730,0,20,0,0.9935988620199147,0,0,,,,,,
adapter,D_s43,R03,17,713,0,713,0,45,0,0.9935988620199147,0,0,,,,,,
adapter,C_s44,R03,01,720,0,0,720,0,344,0.9964438122332859,1,1,,1.0,,1.0,,1.0
adapter,C_s44,R03,02,676,0,0,676,0,112,0.9964438122332859,1,1,,1.0,,1.0,,1.0
adapter,C_s44,R03,03,674,0,0,674,0,16,0.9964438122332859,1,1,,0.9999999999999999,,1.0,,1.0
adapter,C_s44,R03,04,683,0,0,683,0,28,0.9964438122332859,1,1,,1.0,,1.0,,1.0
adapter,C_s44,R03,05,574,0,515,59,0,0,0.9964438122332859,1,0,0.6728813559322034,0.25900384617010536,0.3462728319894685,0.15707301173402866,0.6693269705446767,0.25818371415692437
adapter,C_s44,R03,06,582,0,131,451,0,90,0.9964438122332859,1,1,0.8974374164282933,0.9687152528996132,0.3712445625497199,0.7362835855945294,0.8974374164282933,0.968715252899613
adapter,C_s44,R03,07,686,0,269,417,0,26,0.9964438122332859,1,1,0.7082586718729105,0.7807705734434693,0.49562283258894746,0.6073721562550125,0.7082586718729106,0.7807705734434693
adapter,C_s44,R03,08,695,0,290,405,0,0,0.9964438122332859,1,0,0.462669220945083,0.5914871687609679,0.23409110259684973,0.5665475996769389,0.4598765432098766,0.5859069100571516
adapter,C_s44,R03,09,712,0,620,92,20,88,0.9964438122332859,1,1,0.9831697054698456,0.8151023694501955,0.019354838709677413,0.12994350282485875,0.9831697054698457,0.8151023694501955
adapter,C_s44,R03,10,647,0,445,202,0,27,0.9964438122332859,1,1,0.9643174991656469,0.8812177342740891,0.08612192679942152,0.31835846758885045,0.9644064968294582,0.8834808177252913
adapter,C_s44,R03,11,706,0,490,216,4,26,0.9964438122332859,1,1,0.8519463340891912,0.6438209440530276,0.32911942554799695,0.4773798392940509,0.8449924414210128,0.635146660604747
adapter,C_s44,R03,12,841,0,670,171,4,0,0.9964438122332859,2,0,0.3281007244479357,0.15061321309809292,0.8022388059701492,0.4033018867924528,0.32810072444793575,0.15061321309809292
adapter,C_s44,R03,13,766,0,664,102,84,0,0.9964438122332859,1,0,0.692446255610678,0.2884542845473825,0.125,0.13858695652173914,0.591690290574061,0.1716544127152658
adapter,C_s44,R03,14,908,0,780,128,168,4,0.9964438122332859,2,1,0.43359375,0.1591485098048133,0.20372596153846154,0.11857855350941951,0.3371794871794872,0.1033747540224312
adapter,C_s44,R03,15,692,0,620,72,0,20,0.9964438122332859,1,1,0.6442652329749105,0.42457314626947074,0.8064516129032258,0.7016316048292792,0.7075268817204301,0.4427118754469445
adapter,C_s44,R03,16,730,0,730,0,20,0,0.9964438122332859,0,0,,,,,,
adapter,C_s44,R03,17,713,0,713,0,32,0,0.9964438122332859,0,0,,,,,,
adapter,D_s44,R03,01,720,0,0,720,0,452,0.9935988620199147,1,1,,0.9999999999999999,,1.0,,0.9999999999999999
adapter,D_s44,R03,02,676,0,0,676,0,160,0.9935988620199147,1,1,,1.0,,1.0,,1.0
adapter,D_s44,R03,03,674,0,0,674,0,4,0.9935988620199147,1,1,,0.9999999999999999,,1.0,,0.9999999999999999
adapter,D_s44,R03,04,683,0,0,683,0,12,0.9935988620199147,1,1,,1.0,,1.0,,1.0
adapter,D_s44,R03,05,574,0,515,59,12,8,0.9935988620199147,1,1,0.4792331742636169,0.22580672176508004,0.3462728319894685,0.15707301173402866,0.4762053644890571,0.2255438789788616
adapter,D_s44,R03,06,582,0,131,451,0,154,0.9935988620199147,1,1,0.9183916995311522,0.971637127671864,0.3712445625497199,0.7362835855945294,0.9183916995311522,0.971637127671864
adapter,D_s44,R03,07,686,0,269,417,0,38,0.9935988620199147,1,1,0.9378504631239247,0.9548437194544156,0.49562283258894746,0.6073721562550125,0.9378504631239247,0.9548437194544156
adapter,D_s44,R03,08,695,0,290,405,5,31,0.9935988620199147,1,1,0.7499574286930609,0.7734246617711491,0.23409110259684973,0.5665475996769389,0.7482886334610472,0.7734246617711493
adapter,D_s44,R03,09,712,0,620,92,24,92,0.9935988620199147,1,1,0.976577840112202,0.7519829828675406,0.019354838709677413,0.12994350282485875,0.9765778401122018,0.7519829828675406
adapter,D_s44,R03,10,647,0,445,202,24,156,0.9935988620199147,1,1,0.9389142285015017,0.8313033729744181,0.08612192679942152,0.31835846758885045,0.9412281677605963,0.838403853081947
adapter,D_s44,R03,11,706,0,490,216,8,22,0.9935988620199147,1,1,0.7794973544973546,0.551265716452843,0.32911942554799695,0.4773798392940509,0.779572940287226,0.5558048367794468
adapter,D_s44,R03,12,841,0,670,171,20,0,0.9935988620199147,2,0,0.3816575019638649,0.15980800577607376,0.8022388059701492,0.4033018867924528,0.3808894125861918,0.15960108005995183
adapter,D_s44,R03,13,766,0,664,102,84,28,0.9935988620199147,1,1,0.5738542404913773,0.38105859701230316,0.125,0.13858695652173914,0.4889262934089299,0.18858298172727786
adapter,D_s44,R03,14,908,0,780,128,168,0,0.9935988620199147,2,0,0.4841346153846154,0.1591980987306419,0.20372596153846154,0.11857855350941951,0.35649038461538457,0.1145953469729156
adapter,D_s44,R03,15,692,0,620,72,4,24,0.9935988620199147,1,1,0.4915770609318997,0.4063027635133234,0.8064516129032258,0.7016316048292792,0.5480286738351254,0.4148219905767554
adapter,D_s44,R03,16,730,0,730,0,20,0,0.9935988620199147,0,0,,,,,,
adapter,D_s44,R03,17,713,0,713,0,45,0,0.9935988620199147,0,0,,,,,,
adapter,A,R04,01,411,0,111,300,29,62,0.9976671850699844,1,1,0.43366366366366366,0.6928109770887286,0.5651951951951952,0.7688979098887463,0.4346246246246246,0.6927817540782696
adapter,A,R04,02,398,0,112,286,0,16,0.9976671850699844,1,1,0.393981018981019,0.7038853314783867,0.5764547952047953,0.7538048848881668,0.408966033966034,0.7092626458653998
adapter,A,R04,03,381,0,65,316,0,4,0.9976671850699844,1,1,0.7288461538461539,0.9301889802459947,0.515603700097371,0.8614159185657414,0.7551363193768257,0.9349070460056113
adapter,A,R04,04,379,0,261,118,4,0,0.9976671850699844,1,0,0.586937463471654,0.34411715572485696,0.5366095200987077,0.3759857527117919,0.5681050717579064,0.3293578404116871
adapter,A,R04,05,465,0,135,330,0,8,0.9976671850699844,1,1,0.6758585858585859,0.7530380903609243,0.45002244668911334,0.7117633474333277,0.6253984287317621,0.7321587138321868
adapter,A,R04,06,505,0,92,413,0,40,0.9976671850699844,1,1,0.7751342246552269,0.9318050947686636,0.6221707548162965,0.8850712350803814,0.773449836824929,0.9316971480741113
adapter,A,R04,07,550,0,399,151,32,0,0.9976671850699844,2,0,0.5057594316918124,0.26114737130210053,0.43918571262593575,0.2600679241952474,0.48351839864562063,0.25230021198360447
adapter,A,R04,08,653,0,423,230,12,24,0.9976671850699844,3,2,0.6240209682392847,0.48502876450597454,0.25665536026313085,0.36348625074905117,0.597296741700072,0.4742907647997
adapter,A,R04,09,334,0,128,206,0,16,0.9976671850699844,1,1,0.6638349514563108,0.7209752886893703,0.4975728155339806,0.6673409253381514,0.6614077669902912,0.7228999067283306
adapter,A,R04,10,223,0,88,135,0,0,0.9976671850699844,1,0,0.5946127946127946,0.6085925561653318,0.6181818181818182,0.7800123409127656,0.5986531986531987,0.6106744757795756
adapter,A,R04,11,424,0,298,126,8,0,0.9976671850699844,2,0,0.6946841376371578,0.37803421880345256,0.6433365292425693,0.4569982771448816,0.6788111217641419,0.3740498209125452
adapter,A,R04,12,686,0,462,224,4,32,0.9976671850699844,3,1,0.7287414965986395,0.5713151515666766,0.40922619047619047,0.43770686681692295,0.7681277056277056,0.6181018175026499
adapter,A,R04,13,464,0,89,375,0,28,0.9976671850699844,1,1,0.7507865168539325,0.9063322983207658,0.6270411985018727,0.8888063132612798,0.7568389513108615,0.9078475841207025
adapter,A,R04,14,385,0,65,320,4,4,0.9976671850699844,1,1,0.5214663461538461,0.7864619592553692,0.4630048076923077,0.8522639742888917,0.5214663461538461,0.7864619592553692
adapter,A,R04,15,376,0,54,322,4,4,0.9976671850699844,1,1,0.6414768806073154,0.8696693222246413,0.6042097998619738,0.9086324560422618,0.6469979296066253,0.8725616593622021
adapter,A,R04,16,418,0,71,347,39,51,0.9976671850699844,1,1,0.23738685716605107,0.7358954254783067,0.6433210212282339,0.8856764980305097,0.23738685716605107,0.7358745484075714
adapter,A,R04,17,582,0,455,127,8,4,0.9976671850699844,2,1,0.47499351042658133,0.22205942709291857,0.4899108765250497,0.26178040424412713,0.46647919010123734,0.2300320495612311
adapter,A,R04,18,243,0,102,141,4,0,0.9976671850699844,1,0,0.39657210401891246,0.5337187030348484,0.39803226255041024,0.6022528930494149,0.42299402030315675,0.5488689345233763
adapter,A,R04,19,277,0,166,111,4,0,0.9976671850699844,1,0,0.5795072180614349,0.4197539132503257,0.5333767502442202,0.48744139613991255,0.5547595788559644,0.4052957680556883
adapter,B,R04,01,411,0,111,300,8,48,0.9968879668049793,1,1,0.5005705705705705,0.7581788752640972,0.5651951951951952,0.7688979098887463,0.5032132132132132,0.7589238620310927
adapter,B,R04,02,398,0,112,286,4,4,0.9968879668049793,1,1,0.5084915084915085,0.7045122739291333,0.5764547952047953,0.7538048848881668,0.5285964035964036,0.7122851018294621
adapter,B,R04,03,381,0,65,316,0,8,0.9968879668049793,1,1,0.7434518013631938,0.9164463107666652,0.515603700097371,0.8614159185657414,0.7264118792599805,0.9104112534238771
adapter,B,R04,04,379,0,261,118,4,0,0.9968879668049793,1,0,0.41358205078251836,0.25835270815145306,0.5366095200987077,0.3759857527117919,0.4562146892655367,0.27348468699476897
adapter,B,R04,05,465,0,135,330,0,8,0.9968879668049793,1,1,0.6994725028058362,0.7873290077150156,0.45002244668911334,0.7117633474333277,0.6630190796857464,0.7766759651403621
adapter,B,R04,06,505,0,92,413,0,41,0.9968879668049793,1,1,0.7580797978734604,0.921532243126894,0.6221707548162965,0.8850712350803814,0.7523949889462048,0.920587862899698
adapter,B,R04,07,550,0,399,151,12,0,0.9968879668049793,2,0,0.6195538515162078,0.3456921877101345,0.43918571262593575,0.2600679241952474,0.5917359624226128,0.31551287247536997
adapter,B,R04,08,653,0,423,230,0,24,0.9968879668049793,3,2,0.7515983143180183,0.5910540746806281,0.25665536026313085,0.36348625074905117,0.7316579299002981,0.5778407420525933
adapter,B,R04,09,334,0,128,206,0,20,0.9968879668049793,1,1,0.6929611650485437,0.755613603559395,0.4975728155339806,0.6673409253381514,0.6771844660194175,0.7527847449934288
adapter,B,R04,10,223,0,88,135,0,0,0.9968879668049793,1,0,0.6878787878787878,0.7202333055771504,0.6181818181818182,0.7800123409127656,0.6973063973063973,0.7286894229362199
adapter,B,R04,11,424,0,298,126,0,0,0.9968879668049793,2,0,0.7868861191008841,0.5040268429965566,0.6433365292425693,0.4569982771448816,0.782305315862363,0.5109408312493443
adapter,B,R04,12,686,0,462,224,4,32,0.9968879668049793,3,1,0.7407235621521335,0.6011459743836367,0.40922619047619047,0.43770686681692295,0.8283472479901052,0.6777568546220927
adapter,B,R04,13,464,0,89,375,0,4,0.9968879668049793,1,1,0.8200599250936329,0.942301148715011,0.6270411985018727,0.8888063132612798,0.8320449438202248,0.9466844295435274
adapter,B,R04,14,385,0,65,320,0,4,0.9968879668049793,1,1,0.5983894230769231,0.8654047861153813,0.4630048076923077,0.8522639742888917,0.5983894230769231,0.8654047861153813
adapter,B,R04,15,376,0,54,322,0,0,0.9968879668049793,1,0,0.6810443984357029,0.8917884643168447,0.6042097998619738,0.9086324560422618,0.6856452726017943,0.8938861712797567
adapter,B,R04,16,418,0,71,347,0,16,0.9968879668049793,1,1,0.32363924179080245,0.7759033287448421,0.6433210212282339,0.8856764980305097,0.32396395665056626,0.7760760323522253
adapter,B,R04,17,582,0,455,127,0,4,0.9968879668049793,2,1,0.4978368088604309,0.2646364944115412,0.4899108765250497,0.26178040424412713,0.46447174872371727,0.27446477513430395
adapter,B,R04,18,243,0,102,141,0,4,0.9968879668049793,1,1,0.44176748713669867,0.5471692092165128,0.39803226255041024,0.6022528930494149,0.43231122236128494,0.5440715007617777
adapter,B,R04,19,277,0,166,111,4,0,0.9968879668049793,1,0,0.4937588190600239,0.39126208891277414,0.5333767502442202,0.48744139613991255,0.4900683816346467,0.39162573022206865
adapter,C_s42,R04,01,411,0,111,300,4,20,0.9968879668049793,1,1,0.42822822822822826,0.7060136030559866,0.5651951951951952,0.7688979098887463,0.42726726726726727,0.7059108682188426
adapter,C_s42,R04,02,398,0,112,286,4,0,0.9968879668049793,1,0,0.5463911088911089,0.7204145259578871,0.5764547952047953,0.7538048848881668,0.5620004995004995,0.7240497228821836
adapter,C_s42,R04,03,381,0,65,316,0,4,0.9968879668049793,1,1,0.7668208373904577,0.9203317046554245,0.515603700097371,0.8614159185657414,0.7418938656280428,0.9133770299794051
adapter,C_s42,R04,04,379,0,261,118,4,0,0.9968879668049793,1,0,0.40559451912461847,0.2554148181744287,0.5366095200987077,0.3759857527117919,0.4585525034093123,0.273912128869908
adapter,C_s42,R04,05,465,0,135,330,0,8,0.9968879668049793,1,1,0.7068350168350168,0.7825209152225332,0.45002244668911334,0.7117633474333277,0.6697530864197531,0.7709639137291584
adapter,C_s42,R04,06,505,0,92,413,0,41,0.9968879668049793,1,1,0.7719759974734183,0.928034968097105,0.6221707548162965,0.8850712350803814,0.771765448994631,0.9290238186389179
adapter,C_s42,R04,07,550,0,399,151,8,0,0.9968879668049793,2,0,0.5914040067055055,0.31711812022829855,0.43918571262593575,0.2600679241952474,0.5601337781539942,0.29169510194111803
adapter,C_s42,R04,08,653,0,423,230,0,12,0.9968879668049793,3,1,0.7804193647856923,0.6238952751670848,0.25665536026313085,0.36348625074905117,0.7604789803679721,0.6107663977972885
adapter,C_s42,R04,09,334,0,128,206,0,4,0.9968879668049793,1,1,0.7002427184466019,0.7521118130274911,0.4975728155339806,0.6673409253381514,0.6862864077669903,0.753429981189294
adapter,C_s42,R04,10,223,0,88,135,0,0,0.9968879668049793,1,0,0.6569023569023569,0.6703501090964997,0.6181818181818182,0.7800123409127656,0.6609427609427609,0.6731147976595534
adapter,C_s42,R04,11,424,0,298,126,0,0,0.9968879668049793,2,0,0.7981783317353787,0.534739605921314,0.6433365292425693,0.4569982771448816,0.7921061041866412,0.5418818874239769
adapter,C_s42,R04,12,686,0,462,224,0,16,0.9968879668049793,3,1,0.7511982065553494,0.6123572866658521,0.40922619047619047,0.43770686681692295,0.8332946815089672,0.6871806667729198
adapter,C_s42,R04,13,464,0,89,375,0,4,0.9968879668049793,1,1,0.8065168539325843,0.9333244220445517,0.6270411985018727,0.8888063132612798,0.8161048689138577,0.9371805458726471
adapter,C_s42,R04,14,385,0,65,320,0,8,0.9968879668049793,1,1,0.5914663461538461,0.8529387816385455,0.4630048076923077,0.8522639742888917,0.5914663461538461,0.8529387816385455
adapter,C_s42,R04,15,376,0,54,322,0,0,0.9968879668049793,1,0,0.7068092937658156,0.8872217431663605,0.6042097998619738,0.9086324560422618,0.711410167931907,0.8893738208254341
adapter,C_s42,R04,16,418,0,71,347,0,8,0.9968879668049793,1,1,0.36926167958761213,0.7878407167118944,0.6433210212282339,0.8856764980305097,0.37445711734383247,0.7891081827304923
adapter,C_s42,R04,17,582,0,455,127,0,4,0.9968879668049793,2,1,0.4941680366877217,0.23299165856819645,0.4899108765250497,0.26178040424412713,0.4649563035389807,0.2529639762480723
adapter,C_s42,R04,18,243,0,102,141,0,4,0.9968879668049793,1,1,0.43829091920456126,0.5260036302150997,0.39803226255041024,0.6022528930494149,0.42883465442914753,0.5228088297257094
adapter,C_s42,R04,19,277,0,166,111,4,0,0.9968879668049793,1,0,0.5176381200477587,0.40941844852499065,0.5333767502442202,0.48744139613991255,0.5217627265820037,0.41355495657344815
adapter,D_s42,R04,01,411,0,111,300,0,4,0.9971910112359551,1,1,0.30444444444444446,0.6197904587210101,0.5651951951951952,0.7688979098887463,0.3040840840840841,0.6202161155242403
adapter,D_s42,R04,02,398,0,112,286,0,0,0.9971910112359551,1,0,0.5249125874125874,0.703592973936756,0.5764547952047953,0.7538048848881668,0.5446428571428571,0.7072435954165315
adapter,D_s42,R04,03,381,0,65,316,0,4,0.9971910112359551,1,1,0.705379746835443,0.9016209520619961,0.515603700097371,0.8614159185657414,0.7121957156767282,0.9005686551429981
adapter,D_s42,R04,04,379,0,261,118,4,0,0.9971910112359551,1,0,0.5104714591856614,0.29365400859057095,0.5366095200987077,0.3759857527117919,0.5242061172803429,0.29849405667309725
adapter,D_s42,R04,05,465,0,135,330,0,0,0.9971910112359551,1,0,0.7378114478114478,0.8054592094146186,0.45002244668911334,0.7117633474333277,0.7045005611672278,0.7945325759049316
adapter,D_s42,R04,06,505,0,92,413,0,32,0.9971910112359551,1,1,0.7711338035582692,0.927367011641368,0.6221707548162965,0.8850712350803814,0.7702916096431204,0.9285538701109509
adapter,D_s42,R04,07,550,0,399,151,12,0,0.9971910112359551,2,0,0.5654450696277117,0.30641805392367283,0.43918571262593575,0.2600679241952474,0.5407475642749258,0.28987107715847216
adapter,D_s42,R04,08,653,0,423,230,0,12,0.9971910112359551,3,1,0.6746325418850858,0.4950475401909641,0.25665536026313085,0.36348625074905117,0.6356973995271868,0.4717739405890781
adapter,D_s42,R04,09,334,0,128,206,0,4,0.9971910112359551,1,1,0.6961468446601942,0.760303862923664,0.4975728155339806,0.6673409253381514,0.6928094660194175,0.7696780716849116
adapter,D_s42,R04,10,223,0,88,135,0,4,0.9971910112359551,1,1,0.6511784511784511,0.6749269667654374,0.6181818181818182,0.7800123409127656,0.6552188552188553,0.6778733912413011
adapter,D_s42,R04,11,424,0,298,126,0,0,0.9971910112359551,2,0,0.7652604666027485,0.5224824249546507,0.6433365292425693,0.4569982771448816,0.7585490572067753,0.5238348043266785
adapter,D_s42,R04,12,686,0,462,224,0,32,0.9971910112359551,3,1,0.7824675324675325,0.637080437150759,0.40922619047619047,0.43770686681692295,0.840580550401979,0.7079010986596173
adapter,D_s42,R04,13,464,0,89,375,0,4,0.9971910112359551,1,1,0.785183520599251,0.9245852026623343,0.6270411985018727,0.8888063132612798,0.7947715355805244,0.928421921972606
adapter,D_s42,R04,14,385,0,65,320,4,0,0.9971910112359551,1,0,0.49531249999999993,0.7944779100402702,0.4630048076923077,0.8522639742888917,0.4953125,0.7944731290491246
adapter,D_s42,R04,15,376,0,54,322,4,0,0.9971910112359551,1,0,0.6387163561076605,0.8548316530142194,0.6042097998619738,0.9086324560422618,0.6396365309408787,0.8553775310083632
adapter,D_s42,R04,16,418,0,71,347,0,4,0.9971910112359551,1,1,0.20292649267362095,0.7322006651569569,0.6433210212282339,0.8856764980305097,0.2185128059422819,0.736095843029406
adapter,D_s42,R04,17,582,0,455,127,0,8,0.9971910112359551,2,1,0.58152634766808,0.2916799845879985,0.4899108765250497,0.26178040424412713,0.5493380635112919,0.3014846327870066
adapter,D_s42,R04,18,243,0,102,141,0,0,0.9971910112359551,1,0,0.44788624669726046,0.5506855268011133,0.39803226255041024,0.6022528930494149,0.4476081212626895,0.5506915074720874
adapter,D_s42,R04,19,277,0,166,111,0,0,0.9971910112359551,1,0,0.5061326386627591,0.43878040897475445,0.5333767502442202,0.48744139613991255,0.5076522305437968,0.4411429887348258
adapter,C_s43,R04,01,411,0,111,300,0,16,0.9971910112359551,1,1,0.4132732732732733,0.6945973351683103,0.5651951951951952,0.7688979098887463,0.40990990990990994,0.6937795874244548
adapter,C_s43,R04,02,398,0,112,286,4,0,0.9971910112359551,1,0,0.5576298701298701,0.7201189368953376,0.5764547952047953,0.7538048848881668,0.5774850149850149,0.7268135044558054
adapter,C_s43,R04,03,381,0,65,316,0,4,0.9971910112359551,1,1,0.7884371957156767,0.9253588117275846,0.515603700097371,0.8614159185657414,0.7539678675754625,0.9162713789569423
adapter,C_s43,R04,04,379,0,261,118,4,0,0.9971910112359551,1,0,0.4215695824404182,0.26072046533765036,0.5366095200987077,0.3759857527117919,0.46777388142087145,0.2772685922113052
adapter,C_s43,R04,05,465,0,135,330,0,8,0.9971910112359551,1,1,0.7119079685746352,0.7833076002637624,0.45002244668911334,0.7117633474333277,0.6734792368125702,0.7704738625631328
adapter,C_s43,R04,06,505,0,92,413,0,25,0.9971910112359551,1,1,0.7747131276976524,0.9291997441925003,0.6221707548162965,0.8850712350803814,0.7738709337825034,0.9304558955142533
adapter,C_s43,R04,07,550,0,399,151,8,0,0.9971910112359551,2,0,0.6102258958654916,0.3253439588568563,0.43918571262593575,0.2600679241952474,0.5800179256087238,0.29972559612319705
adapter,C_s43,R04,08,653,0,423,230,0,12,0.9971910112359551,3,1,0.7800698941309487,0.6290339287679169,0.25665536026313085,0.36348625074905117,0.7601295097132286,0.6162303426369101
adapter,C_s43,R04,09,334,0,128,206,0,4,0.9971910112359551,1,1,0.6990291262135923,0.7542181125168018,0.4975728155339806,0.6673409253381514,0.6875,0.7566526103366324
adapter,C_s43,R04,10,223,0,88,135,0,0,0.9971910112359551,1,0,0.6636363636363636,0.6860909459521197,0.6181818181818182,0.7800123409127656,0.6676767676767676,0.6885494732755533
adapter,C_s43,R04,11,424,0,298,126,0,0,0.9971910112359551,2,0,0.8006285288164483,0.5563828375740407,0.6433365292425693,0.4569982771448816,0.7928518163417493,0.5557694007636823
adapter,C_s43,R04,12,686,0,462,224,0,4,0.9971910112359551,3,1,0.7540004638218925,0.6140223182670216,0.40922619047619047,0.43770686681692295,0.8380681818181818,0.68909806611771
adapter,C_s43,R04,13,464,0,89,375,0,4,0.9971910112359551,1,1,0.8122696629213484,0.9346621349963748,0.6270411985018727,0.8888063132612798,0.8175430711610487,0.9360844683145096
adapter,C_s43,R04,14,385,0,65,320,0,4,0.9971910112359551,1,1,0.5962740384615385,0.8598701479402373,0.4630048076923077,0.8522639742888917,0.5962740384615385,0.8598701479402373
adapter,C_s43,R04,15,376,0,54,322,0,0,0.9971910112359551,1,0,0.7077294685990339,0.8816869294632776,0.6042097998619738,0.9086324560422618,0.711410167931907,0.8841634699129608
adapter,C_s43,R04,16,418,0,71,347,0,8,0.9971910112359551,1,1,0.3867151032999147,0.7915858824129532,0.6433210212282339,0.8856764980305097,0.39548240451353656,0.7937745559717637
adapter,C_s43,R04,17,582,0,455,127,0,4,0.9971910112359551,2,1,0.4888379337198234,0.2341838486425674,0.4899108765250497,0.26178040424412713,0.4596262005710825,0.25124202425924685
adapter,C_s43,R04,18,243,0,102,141,0,4,0.9971910112359551,1,1,0.43829091920456126,0.5256154858085827,0.39803226255041024,0.6022528930494149,0.42660965095257963,0.5218021885017616
adapter,C_s43,R04,19,277,0,166,111,4,0,0.9971910112359551,1,0,0.5198089655920981,0.4103399143572337,0.5333767502442202,0.48744139613991255,0.5178552046021926,0.4109012380419943
adapter,D_s43,R04,01,411,0,111,300,0,0,0.9971910112359551,1,0,0.31987987987987987,0.6231012513135861,0.5651951951951952,0.7688979098887463,0.3101501501501502,0.6204664921014751
adapter,D_s43,R04,02,398,0,112,286,4,0,0.9971910112359551,1,0,0.5668081918081919,0.7210418039432578,0.5764547952047953,0.7538048848881668,0.5875374625374625,0.7254477752963885
adapter,D_s43,R04,03,381,0,65,316,0,0,0.9971910112359551,1,0,0.7500730282375851,0.9113939019529778,0.515603700097371,0.8614159185657414,0.741504381694255,0.9067623727572637
adapter,D_s43,R04,04,379,0,261,118,4,0,0.9971910112359551,1,0,0.46378011559192156,0.2759311560386527,0.5366095200987077,0.3759857527117919,0.49426910838366134,0.2865794246784891
adapter,D_s43,R04,05,465,0,135,330,0,0,0.9971910112359551,1,0,0.7228170594837262,0.7998973690771802,0.45002244668911334,0.7117633474333277,0.6868125701459035,0.790024990869404
adapter,D_s43,R04,06,505,0,92,413,0,32,0.9971910112359551,1,1,0.7475523739340983,0.9176601026531612,0.6221707548162965,0.8850712350803814,0.742920307400779,0.9176036134633159
adapter,D_s43,R04,07,550,0,399,151,8,0,0.9971910112359551,2,0,0.5524987966605255,0.30342179176495204,0.43918571262593575,0.2600679241952474,0.532847018207771,0.28719163771173256
adapter,D_s43,R04,08,653,0,423,230,0,12,0.9971910112359551,3,1,0.6879535409600165,0.497041020621304,0.25665536026313085,0.36348625074905117,0.6486894850447118,0.47210350341615237
adapter,D_s43,R04,09,334,0,128,206,0,4,0.9971910112359551,1,1,0.6932645631067961,0.7481840213521084,0.4975728155339806,0.6673409253381514,0.6920509708737864,0.7614082675611988
adapter,D_s43,R04,10,223,0,88,135,0,0,0.9971910112359551,1,0,0.6542087542087541,0.6825300525946744,0.6181818181818182,0.7800123409127656,0.6595959595959596,0.6866622867285962
adapter,D_s43,R04,11,424,0,298,126,0,0,0.9971910112359551,2,0,0.7445935868754661,0.5084515181872654,0.6433365292425693,0.4569982771448816,0.7337274954724619,0.5051804449515077
adapter,D_s43,R04,12,686,0,462,224,0,12,0.9971910112359551,3,1,0.7655380333951762,0.6167027645837919,0.40922619047619047,0.43770686681692295,0.8310142238713667,0.6846054080249768
adapter,D_s43,R04,13,464,0,89,375,0,4,0.9971910112359551,1,1,0.7773932584269663,0.9249430179710915,0.6270411985018727,0.8888063132612798,0.787940074906367,0.9296183431209041
adapter,D_s43,R04,14,385,0,65,320,0,0,0.9971910112359551,1,0,0.4729086538461538,0.7741880824391878,0.4630048076923077,0.8522639742888917,0.4731009615384615,0.7742186023621344
adapter,D_s43,R04,15,376,0,54,322,0,0,0.9971910112359551,1,0,0.6290545203588681,0.8596850296231593,0.6042097998619738,0.9086324560422618,0.6336553945249597,0.8616718143266804
adapter,D_s43,R04,16,418,0,71,347,0,4,0.9971910112359551,1,1,0.20706660713560904,0.723804030421592,0.6433210212282339,0.8856764980305097,0.21810691236757723,0.7269862593716202
adapter,D_s43,R04,17,582,0,455,127,0,4,0.9971910112359551,2,1,0.6078999740417063,0.3039326480119911,0.4899108765250497,0.26178040424412713,0.5729428052262698,0.30969932113148546
adapter,D_s43,R04,18,243,0,102,141,0,0,0.9971910112359551,1,0,0.4517800027812543,0.5508165216403993,0.39803226255041024,0.6022528930494149,0.45734251147267424,0.5580185619915982
adapter,D_s43,R04,19,277,0,166,111,0,0,0.9971910112359551,1,0,0.5182893737110605,0.46143427749538035,0.5333767502442202,0.48744139613991255,0.5111255834147401,0.45970811242704535
adapter,C_s44,R04,01,411,0,111,300,0,20,0.9968879668049793,1,1,0.4294594594594595,0.7081817330038159,0.5651951951951952,0.7688979098887463,0.4241741741741742,0.7067416220364129
adapter,C_s44,R04,02,398,0,112,286,0,0,0.9968879668049793,1,0,0.5346528471528471,0.7149141353838104,0.5764547952047953,0.7538048848881668,0.5522602397602397,0.720337781393332
adapter,C_s44,R04,03,381,0,65,316,0,4,0.9968879668049793,1,1,0.7574732229795521,0.9194625744405849,0.515603700097371,0.8614159185657414,0.7411148977604674,0.9144318633413795
adapter,C_s44,R04,04,379,0,261,118,4,0,0.9968879668049793,1,0,0.4217644002857328,0.26121202502562413,0.5366095200987077,0.3759857527117919,0.4679686992661861,0.2777467210816432
adapter,C_s44,R04,05,465,0,135,330,0,8,0.9968879668049793,1,1,0.7045005611672278,0.7778387277173548,0.45002244668911334,0.7117633474333277,0.666341189674523,0.7664249421129201
adapter,C_s44,R04,06,505,0,92,413,0,21,0.9968879668049793,1,1,0.7818717759764185,0.930716876192081,0.6221707548162965,0.8850712350803814,0.7808190335824824,0.9314623791757634
adapter,C_s44,R04,07,550,0,399,151,8,0,0.9968879668049793,2,0,0.6124499991701107,0.3295065616003892,0.43918571262593575,0.2600679241952474,0.5806486414712277,0.30193027309935144
adapter,C_s44,R04,08,653,0,423,230,0,12,0.9968879668049793,3,1,0.780172679617638,0.6298862286149475,0.25665536026313085,0.36348625074905117,0.7603967519786207,0.6170377720643123
adapter,C_s44,R04,09,334,0,128,206,0,4,0.9968879668049793,1,1,0.6996359223300971,0.7509907140924763,0.4975728155339806,0.6673409253381514,0.6835558252427184,0.7500026990850555
adapter,C_s44,R04,10,223,0,88,135,0,0,0.9968879668049793,1,0,0.6622895622895623,0.6831637641568994,0.6181818181818182,0.7800123409127656,0.6663299663299663,0.6858778348630133
adapter,C_s44,R04,11,424,0,298,126,0,0,0.9968879668049793,2,0,0.7988707787365505,0.5327167021339567,0.6433365292425693,0.4569982771448816,0.7915201874933419,0.5337448195722193
adapter,C_s44,R04,12,686,0,462,224,0,12,0.9968879668049793,3,1,0.7508116883116883,0.6092030730932108,0.40922619047619047,0.43770686681692295,0.8330241187384044,0.6837324517850023
adapter,C_s44,R04,13,464,0,89,375,0,4,0.9968879668049793,1,1,0.811310861423221,0.9344242834665022,0.6270411985018727,0.8888063132612798,0.817063670411985,0.9363886276602648
adapter,C_s44,R04,14,385,0,65,320,0,4,0.9968879668049793,1,1,0.5985817307692307,0.8590218344313273,0.4630048076923077,0.8522639742888917,0.5985817307692307,0.8590218344313273
adapter,C_s44,R04,15,376,0,54,322,0,0,0.9968879668049793,1,0,0.7054290315159881,0.8822466590990689,0.6042097998619738,0.9086324560422618,0.7100299056820796,0.8848646523150399
adapter,C_s44,R04,16,418,0,71,347,0,8,0.9968879668049793,1,1,0.33808905305029024,0.7730439414264537,0.6433210212282339,0.8856764980305097,0.3458822096846207,0.7748570474673473
adapter,C_s44,R04,17,582,0,455,127,0,4,0.9968879668049793,2,1,0.4859998269447088,0.23057644938810468,0.4899108765250497,0.26178040424412713,0.4585878688240892,0.25297460828033047
adapter,C_s44,R04,18,243,0,102,141,0,4,0.9968879668049793,1,1,0.4374565429008483,0.5252125320032736,0.39803226255041024,0.6022528930494149,0.4282784035600056,0.5223532646223419
adapter,C_s44,R04,19,277,0,166,111,4,0,0.9968879668049793,1,0,0.5130793444046456,0.41051420574558367,0.5333767502442202,0.48744139613991255,0.5180722891566265,0.41489897265385567
adapter,D_s44,R04,01,411,0,111,300,0,4,0.9971910112359551,1,1,0.3053153153153153,0.6183846882110496,0.5651951951951952,0.7688979098887463,0.31060060060060063,0.6210394867794692
adapter,D_s44,R04,02,398,0,112,286,4,0,0.9971910112359551,1,0,0.5774225774225774,0.7288308370775402,0.5764547952047953,0.7538048848881668,0.596028971028971,0.7325000556539812
adapter,D_s44,R04,03,381,0,65,316,0,4,0.9971910112359551,1,1,0.7035296981499513,0.8973822683503735,0.515603700097371,0.8614159185657414,0.7017770204479066,0.893485204825073
adapter,D_s44,R04,04,379,0,261,118,4,0,0.9971910112359551,1,0,0.49202870316254305,0.2861466714673969,0.5366095200987077,0.3759857527117919,0.5039450613676213,0.28938160938003465
adapter,D_s44,R04,05,465,0,135,330,0,0,0.9971910112359551,1,0,0.7961054994388328,0.8499775445081155,0.45002244668911334,0.7117633474333277,0.7663860830527497,0.838633402233688
adapter,D_s44,R04,06,505,0,92,413,0,32,0.9971910112359551,1,1,0.7736603853037162,0.9276003056688763,0.6221707548162965,0.8850712350803814,0.7732392883461416,0.9287043330576288
adapter,D_s44,R04,07,550,0,399,151,12,0,0.9971910112359551,2,0,0.5575113279888463,0.3115695047382729,0.43918571262593575,0.2600679241952474,0.536730900097927,0.29696974409726795
adapter,D_s44,R04,08,653,0,423,230,0,12,0.9971910112359551,3,1,0.7194058998869359,0.5375397176438081,0.25665536026313085,0.36348625074905117,0.6809641278651455,0.5104021771140668
adapter,D_s44,R04,09,334,0,128,206,0,4,0.9971910112359551,1,1,0.7402912621359223,0.7986976527871364,0.4975728155339806,0.6673409253381514,0.7342233009708737,0.8006019656849801
adapter,D_s44,R04,10,223,0,88,135,0,4,0.9971910112359551,1,1,0.6602693602693602,0.697209474432404,0.6181818181818182,0.7800123409127656,0.6670033670033669,0.7027329181073947
adapter,D_s44,R04,11,424,0,298,126,4,0,0.9971910112359551,2,0,0.7681900500692447,0.512936696314659,0.6433365292425693,0.4569982771448816,0.7604133375945455,0.5198157663249425
adapter,D_s44,R04,12,686,0,462,224,0,32,0.9971910112359551,3,1,0.7737901978973408,0.6260102974137668,0.40922619047619047,0.43770686681692295,0.8443297773654916,0.7030099026348006
adapter,D_s44,R04,13,464,0,89,375,0,4,0.9971910112359551,1,1,0.8515805243445693,0.9475609359654039,0.6270411985018727,0.8888063132612798,0.8587715355805243,0.9498937983771246
adapter,D_s44,R04,14,385,0,65,320,0,0,0.9971910112359551,1,0,0.5111778846153846,0.8050573308851701,0.4630048076923077,0.8522639742888917,0.5121394230769231,0.8052342519222686
adapter,D_s44,R04,15,376,0,54,322,0,0,0.9971910112359551,1,0,0.6515988037727168,0.8644664444190082,0.6042097998619738,0.9086324560422618,0.6520588911893259,0.8656801718845272
adapter,D_s44,R04,16,418,0,71,347,0,4,0.9971910112359551,1,1,0.26486585217356007,0.7435950483694779,0.6433210212282339,0.8856764980305097,0.2739578682469456,0.7456295376150682
adapter,D_s44,R04,17,582,0,455,127,0,8,0.9971910112359551,2,1,0.5928441637103055,0.30057673225942333,0.4899108765250497,0.26178040424412713,0.5668858700354764,0.31234916589915246
adapter,D_s44,R04,18,243,0,102,141,0,0,0.9971910112359551,1,0,0.44760812126268945,0.5496479955218655,0.39803226255041024,0.6022528930494149,0.44427061604783763,0.5490242178275933
adapter,D_s44,R04,19,277,0,166,111,0,0,0.9971910112359551,1,0,0.49310756539672207,0.40583938465722974,0.5333767502442202,0.48744139613991255,0.4911538044068165,0.407274415107931
