branch,run,scene,sequence,valid_frames,unknown_frames,normal_frames,anomaly_frames,fp,tp,q99,events,detected_events,visual_auroc,visual_ap,process_auroc,process_ap,combined_auroc,combined_ap
raw,A,R01,01,230,0,89,141,0,8,0.9792682926829268,1,1,0.4716312056737589,0.5998902695479938,0.48222965973384324,0.6302669213043908,0.468682763566818,0.6242274518917336
raw,A,R01,02,256,0,129,127,4,4,0.9792682926829268,1,1,0.5,0.49609375,0.7021607764145761,0.633902012248469,0.7021607764145761,0.633902012248469
raw,A,R01,03,409,0,214,195,4,4,0.9792682926829268,1,1,0.5,0.4767726161369193,0.602072849269111,0.5597245963912629,0.602072849269111,0.5597245963912629
raw,A,R01,04,191,0,101,90,0,8,0.9792682926829268,1,1,0.4777777777777778,0.46039576547737926,0.5467546754675467,0.5494469983634069,0.5467546754675467,0.5494469983634069
raw,A,R01,05,290,0,198,92,8,0,0.9792682926829268,1,0,0.5101010101010102,0.32167832167832167,0.5050505050505051,0.4423076923076923,0.5050505050505051,0.4423076923076923
raw,A,R01,06,233,0,13,220,0,8,0.9792682926829268,1,1,0.6538461538461539,0.9606986899563319,0.5835664335664336,0.9510351866356235,0.5835664335664336,0.9510351866356235
raw,A,R01,07,231,0,36,195,0,8,0.9792682926829268,1,1,0.4897435897435897,0.8414660229638203,0.8724358974358974,0.9583924139320615,0.8721509971509972,0.9581663680481209
raw,A,R01,08,235,0,41,194,0,8,0.9792682926829268,1,1,0.5384712094543626,0.8367678590926791,0.420165954236862,0.8033115238893861,0.4317324616545134,0.8101148410426762
raw,A,R01,09,229,0,229,0,8,0,0.9792682926829268,0,0,,,,,,
raw,A,R01,10,231,0,231,0,8,0,0.9792682926829268,0,0,,,,,,
raw,A,R01,11,232,0,232,0,8,0,0.9792682926829268,0,0,,,,,,
raw,A,R01,12,231,0,231,0,8,0,0.9792682926829268,0,0,,,,,,
raw,A,R01,13,229,0,229,0,8,0,0.9792682926829268,0,0,,,,,,
raw,A,R01,14,230,0,230,0,8,0,0.9792682926829268,0,0,,,,,,
raw,A,R01,15,228,0,228,0,8,0,0.9792682926829268,0,0,,,,,,
raw,B,R01,01,230,0,89,141,0,8,0.9804878048780488,1,1,0.5,0.6130434782608696,0.48222965973384324,0.6302669213043908,0.48222965973384324,0.6302669213043908
raw,B,R01,02,256,0,129,127,4,4,0.9804878048780488,1,1,0.5,0.49609375,0.7021607764145761,0.633902012248469,0.7021607764145761,0.633902012248469
raw,B,R01,03,409,0,214,195,4,4,0.9804878048780488,1,1,0.5,0.4767726161369193,0.602072849269111,0.5597245963912629,0.602072849269111,0.5597245963912629
raw,B,R01,04,191,0,101,90,0,8,0.9804878048780488,1,1,0.5,0.4712041884816754,0.5467546754675467,0.5494469983634069,0.5467546754675467,0.5494469983634069
raw,B,R01,05,290,0,198,92,8,0,0.9804878048780488,1,0,0.5,0.31724137931034485,0.5050505050505051,0.4423076923076923,0.5050505050505051,0.4423076923076923
raw,B,R01,06,233,0,13,220,0,8,0.9804878048780488,1,1,0.5,0.944206008583691,0.5835664335664336,0.9510351866356235,0.5835664335664336,0.9510351866356235
raw,B,R01,07,231,0,36,195,0,8,0.9804878048780488,1,1,0.5,0.8441558441558441,0.8724358974358974,0.9583924139320615,0.8724358974358974,0.9583924139320615
raw,B,R01,08,235,0,41,194,0,8,0.9804878048780488,1,1,0.5,0.825531914893617,0.420165954236862,0.8033115238893861,0.420165954236862,0.8033115238893861
raw,B,R01,09,229,0,229,0,8,0,0.9804878048780488,0,0,,,,,,
raw,B,R01,10,231,0,231,0,8,0,0.9804878048780488,0,0,,,,,,
raw,B,R01,11,232,0,232,0,8,0,0.9804878048780488,0,0,,,,,,
raw,B,R01,12,231,0,231,0,8,0,0.9804878048780488,0,0,,,,,,
raw,B,R01,13,229,0,229,0,8,0,0.9804878048780488,0,0,,,,,,
raw,B,R01,14,230,0,230,0,8,0,0.9804878048780488,0,0,,,,,,
raw,B,R01,15,228,0,228,0,8,0,0.9804878048780488,0,0,,,,,,
raw,C_s42,R01,01,230,0,89,141,0,8,0.9804878048780488,1,1,0.5,0.6130434782608696,0.48222965973384324,0.6302669213043908,0.48222965973384324,0.6302669213043908
raw,C_s42,R01,02,256,0,129,127,4,4,0.9804878048780488,1,1,0.5,0.49609375,0.7021607764145761,0.633902012248469,0.7021607764145761,0.633902012248469
raw,C_s42,R01,03,409,0,214,195,4,4,0.9804878048780488,1,1,0.5,0.4767726161369193,0.602072849269111,0.5597245963912629,0.602072849269111,0.5597245963912629
raw,C_s42,R01,04,191,0,101,90,0,8,0.9804878048780488,1,1,0.5,0.4712041884816754,0.5467546754675467,0.5494469983634069,0.5467546754675467,0.5494469983634069
raw,C_s42,R01,05,290,0,198,92,8,0,0.9804878048780488,1,0,0.5,0.31724137931034485,0.5050505050505051,0.4423076923076923,0.5050505050505051,0.4423076923076923
raw,C_s42,R01,06,233,0,13,220,0,8,0.9804878048780488,1,1,0.5,0.944206008583691,0.5835664335664336,0.9510351866356235,0.5835664335664336,0.9510351866356235
raw,C_s42,R01,07,231,0,36,195,0,8,0.9804878048780488,1,1,0.5,0.8441558441558441,0.8724358974358974,0.9583924139320615,0.8724358974358974,0.9583924139320615
raw,C_s42,R01,08,235,0,41,194,0,8,0.9804878048780488,1,1,0.5,0.825531914893617,0.420165954236862,0.8033115238893861,0.420165954236862,0.8033115238893861
raw,C_s42,R01,09,229,0,229,0,8,0,0.9804878048780488,0,0,,,,,,
raw,C_s42,R01,10,231,0,231,0,8,0,0.9804878048780488,0,0,,,,,,
raw,C_s42,R01,11,232,0,232,0,8,0,0.9804878048780488,0,0,,,,,,
raw,C_s42,R01,12,231,0,231,0,8,0,0.9804878048780488,0,0,,,,,,
raw,C_s42,R01,13,229,0,229,0,8,0,0.9804878048780488,0,0,,,,,,
raw,C_s42,R01,14,230,0,230,0,8,0,0.9804878048780488,0,0,,,,,,
raw,C_s42,R01,15,228,0,228,0,8,0,0.9804878048780488,0,0,,,,,,
raw,D_s42,R01,01,230,0,89,141,0,8,0.9768292682926829,1,1,0.5,0.6130434782608696,0.48222965973384324,0.6302669213043908,0.48222965973384324,0.6302669213043908
raw,D_s42,R01,02,256,0,129,127,4,4,0.9768292682926829,1,1,0.5,0.49609375,0.7021607764145761,0.633902012248469,0.7021607764145761,0.633902012248469
raw,D_s42,R01,03,409,0,214,195,4,4,0.9768292682926829,1,1,0.5,0.4767726161369193,0.602072849269111,0.5597245963912629,0.602072849269111,0.5597245963912629
raw,D_s42,R01,04,191,0,101,90,0,8,0.9768292682926829,1,1,0.5198019801980198,0.48128342245989303,0.5467546754675467,0.5494469983634069,0.5507150715071507,0.5532481679540502
raw,D_s42,R01,05,290,0,198,92,8,0,0.9768292682926829,1,0,0.5,0.31724137931034485,0.5050505050505051,0.4423076923076923,0.5050505050505051,0.4423076923076923
raw,D_s42,R01,06,233,0,13,220,0,8,0.9768292682926829,1,1,0.5,0.944206008583691,0.5835664335664336,0.9510351866356235,0.5835664335664336,0.9510351866356235
raw,D_s42,R01,07,231,0,36,195,0,8,0.9768292682926829,1,1,0.5,0.8441558441558441,0.8724358974358974,0.9583924139320615,0.8724358974358974,0.9583924139320615
raw,D_s42,R01,08,235,0,41,194,0,8,0.9768292682926829,1,1,0.4896907216494845,0.8225731130754163,0.420165954236862,0.8033115238893861,0.4174000502891627,0.8023804114636554
raw,D_s42,R01,09,229,0,229,0,8,0,0.9768292682926829,0,0,,,,,,
raw,D_s42,R01,10,231,0,231,0,8,0,0.9768292682926829,0,0,,,,,,
raw,D_s42,R01,11,232,0,232,0,8,0,0.9768292682926829,0,0,,,,,,
raw,D_s42,R01,12,231,0,231,0,8,0,0.9768292682926829,0,0,,,,,,
raw,D_s42,R01,13,229,0,229,0,8,0,0.9768292682926829,0,0,,,,,,
raw,D_s42,R01,14,230,0,230,0,8,0,0.9768292682926829,0,0,,,,,,
raw,D_s42,R01,15,228,0,228,0,8,0,0.9768292682926829,0,0,,,,,,
raw,C_s43,R01,01,230,0,89,141,0,8,0.9804878048780488,1,1,0.5,0.6130434782608696,0.48222965973384324,0.6302669213043908,0.48222965973384324,0.6302669213043908
raw,C_s43,R01,02,256,0,129,127,4,4,0.9804878048780488,1,1,0.5,0.49609375,0.7021607764145761,0.633902012248469,0.7021607764145761,0.633902012248469
raw,C_s43,R01,03,409,0,214,195,4,4,0.9804878048780488,1,1,0.5,0.4767726161369193,0.602072849269111,0.5597245963912629,0.602072849269111,0.5597245963912629
raw,C_s43,R01,04,191,0,101,90,0,8,0.9804878048780488,1,1,0.5,0.4712041884816754,0.5467546754675467,0.5494469983634069,0.5467546754675467,0.5494469983634069
raw,C_s43,R01,05,290,0,198,92,8,0,0.9804878048780488,1,0,0.5,0.31724137931034485,0.5050505050505051,0.4423076923076923,0.5050505050505051,0.4423076923076923
raw,C_s43,R01,06,233,0,13,220,0,8,0.9804878048780488,1,1,0.5,0.944206008583691,0.5835664335664336,0.9510351866356235,0.5835664335664336,0.9510351866356235
raw,C_s43,R01,07,231,0,36,195,0,8,0.9804878048780488,1,1,0.5,0.8441558441558441,0.8724358974358974,0.9583924139320615,0.8724358974358974,0.9583924139320615
raw,C_s43,R01,08,235,0,41,194,0,8,0.9804878048780488,1,1,0.5,0.825531914893617,0.420165954236862,0.8033115238893861,0.420165954236862,0.8033115238893861
raw,C_s43,R01,09,229,0,229,0,8,0,0.9804878048780488,0,0,,,,,,
raw,C_s43,R01,10,231,0,231,0,8,0,0.9804878048780488,0,0,,,,,,
raw,C_s43,R01,11,232,0,232,0,8,0,0.9804878048780488,0,0,,,,,,
raw,C_s43,R01,12,231,0,231,0,8,0,0.9804878048780488,0,0,,,,,,
raw,C_s43,R01,13,229,0,229,0,8,0,0.9804878048780488,0,0,,,,,,
raw,C_s43,R01,14,230,0,230,0,8,0,0.9804878048780488,0,0,,,,,,
raw,C_s43,R01,15,228,0,228,0,8,0,0.9804878048780488,0,0,,,,,,
raw,D_s43,R01,01,230,0,89,141,0,8,0.9817073170731707,1,1,0.5,0.6130434782608696,0.48222965973384324,0.6302669213043908,0.48222965973384324,0.6302669213043908
raw,D_s43,R01,02,256,0,129,127,4,4,0.9817073170731707,1,1,0.5,0.49609375,0.7021607764145761,0.633902012248469,0.7021607764145761,0.633902012248469
raw,D_s43,R01,03,409,0,214,195,4,4,0.9817073170731707,1,1,0.5093457943925234,0.48148148148148145,0.602072849269111,0.5597245963912629,0.602072849269111,0.5597245963912629
raw,D_s43,R01,04,191,0,101,90,0,8,0.9817073170731707,1,1,0.5594059405940595,0.5027932960893855,0.5467546754675467,0.5494469983634069,0.5586358635863586,0.562275945731828
raw,D_s43,R01,05,290,0,198,92,8,0,0.9817073170731707,1,0,0.5202020202020202,0.3262411347517731,0.5050505050505051,0.4423076923076923,0.5050505050505051,0.4423076923076923
raw,D_s43,R01,06,233,0,13,220,0,8,0.9817073170731707,1,1,0.5,0.944206008583691,0.5835664335664336,0.9510351866356235,0.5835664335664336,0.9510351866356235
raw,D_s43,R01,07,231,0,36,195,0,8,0.9817073170731707,1,1,0.5555555555555556,0.8590308370044053,0.8724358974358974,0.9583924139320615,0.8724358974358974,0.9583924139320615
raw,D_s43,R01,08,235,0,41,194,0,8,0.9817073170731707,1,1,0.5394769927080714,0.8370625998129518,0.420165954236862,0.8033115238893861,0.42896655770681413,0.8108041770632213
raw,D_s43,R01,09,229,0,229,0,8,0,0.9817073170731707,0,0,,,,,,
raw,D_s43,R01,10,231,0,231,0,8,0,0.9817073170731707,0,0,,,,,,
raw,D_s43,R01,11,232,0,232,0,8,0,0.9817073170731707,0,0,,,,,,
raw,D_s43,R01,12,231,0,231,0,8,0,0.9817073170731707,0,0,,,,,,
raw,D_s43,R01,13,229,0,229,0,8,0,0.9817073170731707,0,0,,,,,,
raw,D_s43,R01,14,230,0,230,0,8,0,0.9817073170731707,0,0,,,,,,
raw,D_s43,R01,15,228,0,228,0,8,0,0.9817073170731707,0,0,,,,,,
raw,C_s44,R01,01,230,0,89,141,0,8,0.9804878048780488,1,1,0.5,0.6130434782608696,0.48222965973384324,0.6302669213043908,0.48222965973384324,0.6302669213043908
raw,C_s44,R01,02,256,0,129,127,4,4,0.9804878048780488,1,1,0.5,0.49609375,0.7021607764145761,0.633902012248469,0.7021607764145761,0.633902012248469
raw,C_s44,R01,03,409,0,214,195,4,4,0.9804878048780488,1,1,0.5,0.4767726161369193,0.602072849269111,0.5597245963912629,0.602072849269111,0.5597245963912629
raw,C_s44,R01,04,191,0,101,90,0,8,0.9804878048780488,1,1,0.5,0.4712041884816754,0.5467546754675467,0.5494469983634069,0.5467546754675467,0.5494469983634069
raw,C_s44,R01,05,290,0,198,92,8,0,0.9804878048780488,1,0,0.5,0.31724137931034485,0.5050505050505051,0.4423076923076923,0.5050505050505051,0.4423076923076923
raw,C_s44,R01,06,233,0,13,220,0,8,0.9804878048780488,1,1,0.5,0.944206008583691,0.5835664335664336,0.9510351866356235,0.5835664335664336,0.9510351866356235
raw,C_s44,R01,07,231,0,36,195,0,8,0.9804878048780488,1,1,0.5,0.8441558441558441,0.8724358974358974,0.9583924139320615,0.8724358974358974,0.9583924139320615
raw,C_s44,R01,08,235,0,41,194,0,8,0.9804878048780488,1,1,0.5,0.825531914893617,0.420165954236862,0.8033115238893861,0.420165954236862,0.8033115238893861
raw,C_s44,R01,09,229,0,229,0,8,0,0.9804878048780488,0,0,,,,,,
raw,C_s44,R01,10,231,0,231,0,8,0,0.9804878048780488,0,0,,,,,,
raw,C_s44,R01,11,232,0,232,0,8,0,0.9804878048780488,0,0,,,,,,
raw,C_s44,R01,12,231,0,231,0,8,0,0.9804878048780488,0,0,,,,,,
raw,C_s44,R01,13,229,0,229,0,8,0,0.9804878048780488,0,0,,,,,,
raw,C_s44,R01,14,230,0,230,0,8,0,0.9804878048780488,0,0,,,,,,
raw,C_s44,R01,15,228,0,228,0,8,0,0.9804878048780488,0,0,,,,,,
raw,D_s44,R01,01,230,0,89,141,0,8,0.9817073170731707,1,1,0.5,0.6130434782608696,0.48222965973384324,0.6302669213043908,0.48222965973384324,0.6302669213043908
raw,D_s44,R01,02,256,0,129,127,4,4,0.9817073170731707,1,1,0.5,0.49609375,0.7021607764145761,0.633902012248469,0.7021607764145761,0.633902012248469
raw,D_s44,R01,03,409,0,214,195,4,4,0.9817073170731707,1,1,0.5093457943925234,0.48148148148148145,0.602072849269111,0.5597245963912629,0.6035585909417686,0.5620429724596391
raw,D_s44,R01,04,191,0,101,90,0,8,0.9817073170731707,1,1,0.5198019801980198,0.48128342245989303,0.5467546754675467,0.5494469983634069,0.5507150715071507,0.5532481679540502
raw,D_s44,R01,05,290,0,198,92,8,0,0.9817073170731707,1,0,0.5101010101010102,0.32167832167832167,0.5050505050505051,0.4423076923076923,0.5050505050505051,0.4423076923076923
raw,D_s44,R01,06,233,0,13,220,0,8,0.9817073170731707,1,1,0.5,0.944206008583691,0.5835664335664336,0.9510351866356235,0.5835664335664336,0.9510351866356235
raw,D_s44,R01,07,231,0,36,195,0,8,0.9817073170731707,1,1,0.5,0.8441558441558441,0.8724358974358974,0.9583924139320615,0.8724358974358974,0.9583924139320615
raw,D_s44,R01,08,235,0,41,194,0,8,0.9817073170731707,1,1,0.5394769927080714,0.8370625998129518,0.420165954236862,0.8033115238893861,0.42896655770681413,0.8108041770632213
raw,D_s44,R01,09,229,0,229,0,8,0,0.9817073170731707,0,0,,,,,,
raw,D_s44,R01,10,231,0,231,0,8,0,0.9817073170731707,0,0,,,,,,
raw,D_s44,R01,11,232,0,232,0,8,0,0.9817073170731707,0,0,,,,,,
raw,D_s44,R01,12,231,0,231,0,8,0,0.9817073170731707,0,0,,,,,,
raw,D_s44,R01,13,229,0,229,0,8,0,0.9817073170731707,0,0,,,,,,
raw,D_s44,R01,14,230,0,230,0,8,0,0.9817073170731707,0,0,,,,,,
raw,D_s44,R01,15,228,0,228,0,8,0,0.9817073170731707,0,0,,,,,,
raw,A,R02,01,583,0,583,0,8,0,0.9628712871287128,0,0,,,,,,
raw,A,R02,02,595,0,595,0,4,0,0.9628712871287128,0,0,,,,,,
raw,A,R02,03,573,0,277,296,0,40,0.9628712871287128,1,1,1.0,1.0,0.32632451946531377,0.4890155919561381,0.8116889452629525,0.8254393060592098
raw,A,R02,04,578,0,284,294,4,32,0.9628712871287128,1,1,0.9964309667528983,0.9967841840755389,0.3446392641563668,0.5065248230006816,0.7280588291654689,0.7511176197757811
raw,A,R02,05,583,0,279,304,5,39,0.9628712871287128,1,1,0.9969699113374835,0.9951531698280306,0.2958934634974533,0.506173951718675,0.4974651009243539,0.6543802918555423
raw,A,R02,06,604,0,298,306,0,24,0.9628712871287128,1,1,0.9858972671842786,0.9731380517690389,0.3507698381365969,0.46429652562779494,0.5868535333596525,0.630754382128803
raw,A,R02,07,536,0,422,114,8,12,0.9628712871287128,1,1,0.7900141348632245,0.40259625267592747,0.7056206867880601,0.32687487950645844,0.868088467614534,0.5282620695287557
raw,A,R02,08,784,0,590,194,4,0,0.9628712871287128,4,0,0.4301764808666783,0.2250350716403577,0.5415865804647912,0.2803943776613982,0.5229250393150445,0.2561161717898298
raw,A,R02,09,853,0,701,152,8,0,0.9628712871287128,2,0,0.5830204970343118,0.20315355103074378,0.5856154741346948,0.21253549270936314,0.6465200090096853,0.25132913563585757
raw,A,R02,10,612,0,300,312,0,4,0.9628712871287128,1,1,0.5522222222222223,0.505975235594117,0.49162393162393153,0.5084827453248506,0.534017094017094,0.5205022678686392
raw,A,R02,11,590,0,350,240,4,0,0.9628712871287128,1,0,0.5833571428571428,0.423456995105379,0.35714285714285715,0.40955631399317405,0.49116666666666664,0.3734170997735431
raw,A,R02,12,0,806,0,0,0,0,0.9628712871287128,0,0,,,,,,
raw,A,R02,13,0,609,0,0,0,0,0.9628712871287128,0,0,,,,,,
raw,A,R02,14,0,497,0,0,0,0,0.9628712871287128,0,0,,,,,,
raw,A,R02,15,815,0,415,400,0,4,0.9628712871287128,2,1,0.22860240963855422,0.34966699252784117,0.5847771084337349,0.5521975581087154,0.46627710843373493,0.4792223189257341
raw,B,R02,01,583,0,583,0,8,0,0.9592959295929593,0,0,,,,,,
raw,B,R02,02,595,0,595,0,4,0,0.9592959295929593,0,0,,,,,,
raw,B,R02,03,573,0,277,296,0,40,0.9592959295929593,1,1,1.0,1.0,0.32632451946531377,0.4890155919561381,0.774026734315543,0.8226911613295764
raw,B,R02,04,578,0,284,294,0,32,0.9592959295929593,1,1,0.9965746862125132,0.9976645843755478,0.3446392641563668,0.5065248230006816,0.7736178978633708,0.8162639864995374
raw,B,R02,05,583,0,279,304,1,39,0.9592959295929593,1,1,0.9958144689681192,0.9895583752608541,0.2958934634974533,0.506173951718675,0.484684493491794,0.654520087166418
raw,B,R02,06,604,0,298,306,4,24,0.9592959295929593,1,1,0.9897135588015966,0.9823712317511196,0.3507698381365969,0.46429652562779494,0.5902750361889723,0.6878391876953954
raw,B,R02,07,536,0,422,114,8,12,0.9592959295929593,1,1,0.8042321443418974,0.415992691973863,0.7056206867880601,0.32687487950645844,0.8740749979213437,0.5480587522954056
raw,B,R02,08,784,0,590,194,8,0,0.9592959295929593,4,0,0.3731784029355233,0.1908721572966231,0.5415865804647912,0.2803943776613982,0.5079154289708195,0.23721553070189003
raw,B,R02,09,853,0,701,152,8,0,0.9592959295929593,2,0,0.6022599294241309,0.2213670408785129,0.5856154741346948,0.21253549270936314,0.6837975824010812,0.28101333211150825
raw,B,R02,10,612,0,300,312,0,0,0.9592959295929593,1,0,0.5716239316239317,0.5302990234030316,0.49162393162393153,0.5084827453248506,0.5570085470085471,0.5359408546158915
raw,B,R02,11,590,0,350,240,4,0,0.9592959295929593,1,0,0.09930952380952382,0.25626996302124283,0.35714285714285715,0.40955631399317405,0.09892857142857142,0.25659987151999764
raw,B,R02,12,0,806,0,0,0,0,0.9592959295929593,0,0,,,,,,
raw,B,R02,13,0,609,0,0,0,0,0.9592959295929593,0,0,,,,,,
raw,B,R02,14,0,497,0,0,0,0,0.9592959295929593,0,0,,,,,,
raw,B,R02,15,815,0,415,400,0,4,0.9592959295929593,2,1,0.2883855421686747,0.3654477738093569,0.5847771084337349,0.5521975581087154,0.5052168674698795,0.4957894783817466
raw,C_s42,R02,01,583,0,583,0,12,0,0.9579207920792079,0,0,,,,,,
raw,C_s42,R02,02,595,0,595,0,8,0,0.9579207920792079,0,0,,,,,,
raw,C_s42,R02,03,573,0,277,296,0,40,0.9579207920792079,1,1,1.0,1.0,0.32632451946531377,0.4890155919561381,0.8009561908478876,0.8376191945295727
raw,C_s42,R02,04,578,0,284,294,4,32,0.9579207920792079,1,1,0.9969579381048195,0.9978443394592463,0.3446392641563668,0.5065248230006816,0.7632700967711028,0.8095701742239728
raw,C_s42,R02,05,583,0,279,304,1,39,0.9579207920792079,1,1,0.9956729862290133,0.9918508679200584,0.2958934634974533,0.506173951718675,0.49001367666478024,0.6773841292030602
raw,C_s42,R02,06,604,0,298,306,0,24,0.9579207920792079,1,1,0.9885730578584901,0.978715791236072,0.3507698381365969,0.46429652562779494,0.5905382287143045,0.6779101106820545
raw,C_s42,R02,07,536,0,422,114,8,12,0.9579207920792079,1,1,0.792924253762368,0.4229311810147422,0.7056206867880601,0.32687487950645844,0.869418807682714,0.5398714745603598
raw,C_s42,R02,08,784,0,590,194,8,0,0.9579207920792079,4,0,0.35395771448540975,0.18868552750160988,0.5415865804647912,0.2803943776613982,0.4946182072339682,0.22810149193485296
raw,C_s42,R02,09,853,0,701,152,8,0,0.9579207920792079,2,0,0.6279375328478114,0.23337561800412965,0.5856154741346948,0.21253549270936314,0.6724228545686612,0.2760578709037787
raw,C_s42,R02,10,612,0,300,312,0,4,0.9579207920792079,1,1,0.5582051282051282,0.532475937959028,0.49162393162393153,0.5084827453248506,0.5469230769230768,0.5369392785617775
raw,C_s42,R02,11,590,0,350,240,4,0,0.9579207920792079,1,0,0.08835714285714284,0.2531199216907172,0.35714285714285715,0.40955631399317405,0.0874047619047619,0.25367870602789755
raw,C_s42,R02,12,0,806,0,0,0,0,0.9579207920792079,0,0,,,,,,
raw,C_s42,R02,13,0,609,0,0,0,0,0.9579207920792079,0,0,,,,,,
raw,C_s42,R02,14,0,497,0,0,0,0,0.9579207920792079,0,0,,,,,,
raw,C_s42,R02,15,815,0,415,400,0,4,0.9579207920792079,2,1,0.34004819277108433,0.38597213311361495,0.5847771084337349,0.5521975581087154,0.5318433734939759,0.5110020261372361
raw,D_s42,R02,01,583,0,583,0,12,0,0.960946094609461,0,0,,,,,,
raw,D_s42,R02,02,595,0,595,0,4,0,0.960946094609461,0,0,,,,,,
raw,D_s42,R02,03,573,0,277,296,0,40,0.960946094609461,1,1,1.0,1.0,0.32632451946531377,0.4890155919561381,0.8224216996780174,0.8522405028232759
raw,D_s42,R02,04,578,0,284,294,0,32,0.960946094609461,1,1,0.9927900737759893,0.9912049612359607,0.3446392641563668,0.5065248230006816,0.7598687362268851,0.7738382065943481
raw,D_s42,R02,05,583,0,279,304,1,39,0.960946094609461,1,1,0.9942699490662139,0.9886652937524432,0.2958934634974533,0.506173951718675,0.6323806828900207,0.7029449101110149
raw,D_s42,R02,06,604,0,298,306,0,24,0.960946094609461,1,1,0.9823880335131817,0.9527932448909614,0.3507698381365969,0.46429652562779494,0.7281001886213097,0.7599646885374377
raw,D_s42,R02,07,536,0,422,114,8,4,0.960946094609461,1,1,0.7031262991602227,0.3255642144252994,0.7056206867880601,0.32687487950645844,0.8516255092708074,0.5008304319631651
raw,D_s42,R02,08,784,0,590,194,8,0,0.960946094609461,4,0,0.306884501135768,0.17862372173966518,0.5415865804647912,0.2803943776613982,0.3626594443473703,0.1880908839677146
raw,D_s42,R02,09,853,0,701,152,0,0,0.960946094609461,2,0,0.5509422629326526,0.18966051315705387,0.5856154741346948,0.21253549270936314,0.6647646219686163,0.2687248134508813
raw,D_s42,R02,10,612,0,300,312,0,0,0.960946094609461,1,0,0.5018803418803419,0.48273676038126456,0.49162393162393153,0.5084827453248506,0.5048717948717949,0.4996016996081852
raw,D_s42,R02,11,590,0,350,240,4,0,0.960946094609461,1,0,0.17745238095238094,0.2724474336073744,0.35714285714285715,0.40955631399317405,0.17602380952380953,0.27238095661664996
raw,D_s42,R02,12,0,806,0,0,0,0,0.960946094609461,0,0,,,,,,
raw,D_s42,R02,13,0,609,0,0,0,0,0.960946094609461,0,0,,,,,,
raw,D_s42,R02,14,0,497,0,0,0,0,0.960946094609461,0,0,,,,,,
raw,D_s42,R02,15,815,0,415,400,0,4,0.960946094609461,2,1,0.30375903614457833,0.37270940427370686,0.5847771084337349,0.5521975581087154,0.44813253012048193,0.47110687740445506
raw,C_s43,R02,01,583,0,583,0,16,0,0.955995599559956,0,0,,,,,,
raw,C_s43,R02,02,595,0,595,0,8,0,0.955995599559956,0,0,,,,,,
raw,C_s43,R02,03,573,0,277,296,0,40,0.955995599559956,1,1,1.0,1.0,0.32632451946531377,0.4890155919561381,0.8009561908478876,0.8376191945295728
raw,C_s43,R02,04,578,0,284,294,4,32,0.955995599559956,1,1,0.9968621251317428,0.9977981105800655,0.3446392641563668,0.5065248230006816,0.7631742837980262,0.8095381737119646
raw,C_s43,R02,05,583,0,279,304,1,39,0.955995599559956,1,1,0.9958380494246368,0.9908645689796087,0.2958934634974533,0.506173951718675,0.4675650820599888,0.6464021013412008
raw,C_s43,R02,06,604,0,298,306,0,24,0.955995599559956,1,1,0.9891871737509322,0.978102495032358,0.3507698381365969,0.46429652562779494,0.5976444268982761,0.6698921577206375
raw,C_s43,R02,07,536,0,422,114,8,12,0.955995599559956,1,1,0.7947534713561154,0.4219168615206546,0.7056206867880601,0.32687487950645844,0.8694188076827138,0.5372301764927444
raw,C_s43,R02,08,784,0,590,194,8,0,0.955995599559956,4,0,0.3434737026035296,0.18567535081965322,0.5415865804647912,0.2803943776613982,0.49143805696313125,0.22762862646491577
raw,C_s43,R02,09,853,0,701,152,4,0,0.955995599559956,2,0,0.6411141977625948,0.24000338214801398,0.5856154741346948,0.21253549270936314,0.6805503416172385,0.28285487797215847
raw,C_s43,R02,10,612,0,300,312,0,0,0.955995599559956,1,0,0.5461538461538462,0.5218949812493281,0.49162393162393153,0.5084827453248506,0.5367521367521367,0.5319907661445011
raw,C_s43,R02,11,590,0,350,240,4,0,0.955995599559956,1,0,0.10950000000000001,0.2554832227845716,0.35714285714285715,0.40955631399317405,0.10378571428571431,0.2550570699309949
raw,C_s43,R02,12,0,806,0,0,0,0,0.955995599559956,0,0,,,,,,
raw,C_s43,R02,13,0,609,0,0,0,0,0.955995599559956,0,0,,,,,,
raw,C_s43,R02,14,0,497,0,0,0,0,0.955995599559956,0,0,,,,,,
raw,C_s43,R02,15,815,0,415,400,0,4,0.955995599559956,2,1,0.3340722891566265,0.3852339718225084,0.5847771084337349,0.5521975581087154,0.5246626506024097,0.5068568760322418
raw,D_s43,R02,01,583,0,583,0,12,0,0.9647964796479649,0,0,,,,,,
raw,D_s43,R02,02,595,0,595,0,4,0,0.9647964796479649,0,0,,,,,,
raw,D_s43,R02,03,573,0,277,296,0,40,0.9647964796479649,1,1,1.0,1.0,0.32632451946531377,0.4890155919561381,0.732656844570202,0.7909674262199526
raw,D_s43,R02,04,578,0,284,294,0,16,0.9647964796479649,1,1,0.9950895851298265,0.9967729011493467,0.3446392641563668,0.5065248230006816,0.6844639264156367,0.7296520899854914
raw,D_s43,R02,05,583,0,279,304,1,39,0.9647964796479649,1,1,0.9952603282399548,0.9882292782915669,0.2958934634974533,0.506173951718675,0.571165817770232,0.6612656235354436
raw,D_s43,R02,06,604,0,298,306,0,24,0.9647964796479649,1,1,0.9813791288327413,0.9556104010214322,0.3507698381365969,0.46429652562779494,0.6723033732508663,0.6978088534863838
raw,D_s43,R02,07,536,0,422,114,4,4,0.9647964796479649,1,1,0.7295668080152989,0.3354349899342157,0.7056206867880601,0.32687487950645844,0.8619356447992018,0.5187125729111475
raw,D_s43,R02,08,784,0,590,194,8,0,0.9647964796479649,4,0,0.32243578542722345,0.19491587091591997,0.5415865804647912,0.2803943776613982,0.4289183994408527,0.20654546421731534
raw,D_s43,R02,09,853,0,701,152,0,0,0.9647964796479649,2,0,0.5428335460620166,0.18697813261279606,0.5856154741346948,0.21253549270936314,0.6295517681507621,0.2562456173326137
raw,D_s43,R02,10,612,0,300,312,0,0,0.9647964796479649,1,0,0.5258974358974359,0.49793367423676627,0.49162393162393153,0.5084827453248506,0.53,0.5086887216968713
raw,D_s43,R02,11,590,0,350,240,4,0,0.9647964796479649,1,0,0.21540476190476193,0.2800245657208026,0.35714285714285715,0.40955631399317405,0.19873809523809524,0.276632837300294
raw,D_s43,R02,12,0,806,0,0,0,0,0.9647964796479649,0,0,,,,,,
raw,D_s43,R02,13,0,609,0,0,0,0,0.9647964796479649,0,0,,,,,,
raw,D_s43,R02,14,0,497,0,0,0,0,0.9647964796479649,0,0,,,,,,
raw,D_s43,R02,15,815,0,415,400,0,4,0.9647964796479649,2,1,0.3185301204819277,0.37564174936581785,0.5847771084337349,0.5521975581087154,0.45273493975903617,0.4680837038178473
raw,C_s44,R02,01,583,0,583,0,12,0,0.9587458745874587,0,0,,,,,,
raw,C_s44,R02,02,595,0,595,0,8,0,0.9587458745874587,0,0,,,,,,
raw,C_s44,R02,03,573,0,277,296,0,40,0.9587458745874587,1,1,1.0,1.0,0.32632451946531377,0.4890155919561381,0.8009561908478876,0.8376191945295727
raw,C_s44,R02,04,578,0,284,294,4,32,0.9587458745874587,1,1,0.9968621251317429,0.9977981105800655,0.3446392641563668,0.5065248230006816,0.7630784708249497,0.8094612710135659
raw,C_s44,R02,05,583,0,279,304,1,39,0.9587458745874587,1,1,0.9959795321637427,0.9912980978113471,0.2958934634974533,0.506173951718675,0.4802985285795133,0.6629979879080697
raw,C_s44,R02,06,604,0,298,306,0,24,0.9587458745874587,1,1,0.9892749045927095,0.9786486064703195,0.3507698381365969,0.46429652562779494,0.5917664604991885,0.6687378591722536
raw,C_s44,R02,07,536,0,422,114,8,12,0.9587458745874587,1,1,0.8046478756132036,0.4424645738139664,0.7056206867880601,0.32687487950645844,0.8763199467863972,0.5556866738064924
raw,C_s44,R02,08,784,0,590,194,8,0,0.9587458745874587,4,0,0.3382491700157261,0.18466104401689942,0.5415865804647912,0.2803943776613982,0.48492049624322914,0.2248789552946019
raw,C_s44,R02,09,853,0,701,152,4,0,0.9587458745874587,2,0,0.6381109692919888,0.24309259659744625,0.5856154741346948,0.21253549270936314,0.6746189653877919,0.282281041951451
raw,C_s44,R02,10,612,0,300,312,0,0,0.9587458745874587,1,0,0.555128205128205,0.5290369414024931,0.49162393162393153,0.5084827453248506,0.5435042735042735,0.5360196741084947
raw,C_s44,R02,11,590,0,350,240,4,0,0.9587458745874587,1,0,0.09550000000000002,0.25401734277343535,0.35714285714285715,0.40955631399317405,0.09102380952380953,0.2538483427723408
raw,C_s44,R02,12,0,806,0,0,0,0,0.9587458745874587,0,0,,,,,,
raw,C_s44,R02,13,0,609,0,0,0,0,0.9587458745874587,0,0,,,,,,
raw,C_s44,R02,14,0,497,0,0,0,0,0.9587458745874587,0,0,,,,,,
raw,C_s44,R02,15,815,0,415,400,0,4,0.9587458745874587,2,1,0.33590361445783135,0.3850887769889025,0.5847771084337349,0.5521975581087154,0.5291204819277109,0.509146059065823
raw,D_s44,R02,01,583,0,583,0,12,0,0.9598530820824018,0,0,,,,,,
raw,D_s44,R02,02,595,0,595,0,8,0,0.9598530820824018,0,0,,,,,,
raw,D_s44,R02,03,573,0,277,296,0,40,0.9598530820824018,1,1,1.0,1.0,0.32632451946531377,0.4890155919561381,0.7810518099326763,0.8319469797662716
raw,D_s44,R02,04,578,0,284,294,4,32,0.9598530820824018,1,1,0.9939398294529079,0.9953153523783442,0.3446392641563668,0.5065248230006816,0.7257114113250934,0.7384165675970344
raw,D_s44,R02,05,583,0,279,304,1,39,0.9598530820824018,1,1,0.9950009432182607,0.9887202936912115,0.2958934634974533,0.506173951718675,0.6031409168081494,0.6874298794318859
raw,D_s44,R02,06,604,0,298,306,0,24,0.9598530820824018,1,1,0.9837478615607317,0.9655447809811365,0.3507698381365969,0.46429652562779494,0.7016054744045269,0.7295386180309418
raw,D_s44,R02,07,536,0,422,114,8,4,0.9598530820824018,1,1,0.7182589174357695,0.32795267257950456,0.7056206867880601,0.32687487950645844,0.8685873451401014,0.5252184116801486
raw,D_s44,R02,08,784,0,590,194,8,0,0.9598530820824018,4,0,0.3616984099248646,0.2028143339279072,0.5415865804647912,0.2803943776613982,0.4477022540625546,0.2134607072998207
raw,D_s44,R02,09,853,0,701,152,0,0,0.9598530820824018,2,0,0.5327539605075455,0.18253221496850583,0.5856154741346948,0.21253549270936314,0.6387116149861102,0.2544294049600316
raw,D_s44,R02,10,612,0,300,312,0,0,0.9598530820824018,1,0,0.5081196581196581,0.4915466731440604,0.49162393162393153,0.5084827453248506,0.5082905982905983,0.5049083220963739
raw,D_s44,R02,11,590,0,350,240,4,0,0.9598530820824018,1,0,0.2780714285714286,0.29912836535194165,0.35714285714285715,0.40955631399317405,0.2638809523809524,0.295959316208684
raw,D_s44,R02,12,0,806,0,0,0,0,0.9598530820824018,0,0,,,,,,
raw,D_s44,R02,13,0,609,0,0,0,0,0.9598530820824018,0,0,,,,,,
raw,D_s44,R02,14,0,497,0,0,0,0,0.9598530820824018,0,0,,,,,,
raw,D_s44,R02,15,815,0,415,400,0,4,0.9598530820824018,2,1,0.26720481927710843,0.35952201749627394,0.5847771084337349,0.5521975581087154,0.3806385542168675,0.4362662520908911
raw,A,R03,01,720,0,0,720,0,704,0.9964664310954063,1,1,,1.0,,0.9999999999999999,,1.0
raw,A,R03,02,676,0,0,676,0,68,0.9964664310954063,1,1,,1.0,,1.0,,1.0
raw,A,R03,03,674,0,0,674,0,12,0.9964664310954063,1,1,,0.9999999999999999,,0.9999999999999999,,0.9999999999999999
raw,A,R03,04,683,0,0,683,0,36,0.9964664310954063,1,1,,1.0,,1.0,,1.0
raw,A,R03,05,574,0,515,59,4,0,0.9964664310954063,1,0,0.48581536942570347,0.1573374361415507,0.468438374197795,0.1447814451382694,0.47344084252098073,0.12681064035060907
raw,A,R03,06,582,0,131,451,0,52,0.9964664310954063,1,1,0.24744841827321812,0.7161949340215943,0.6872344747042196,0.8582273916479336,0.2606506321829353,0.7233014113198866
raw,A,R03,07,686,0,269,417,8,56,0.9964664310954063,1,1,0.5419619694578909,0.6830087353460128,0.5546833908338015,0.6487091851445531,0.5424611983275833,0.6854493360569334
raw,A,R03,08,695,0,290,405,4,60,0.9964664310954063,1,1,0.40565772669220945,0.6262024281473313,0.4651681566624095,0.699728694350486,0.39762026394210304,0.6252580563497055
raw,A,R03,09,712,0,620,92,8,0,0.9964664310954063,1,0,0.8757363253856942,0.37833238636338085,0.45161290322580644,0.16428571428571428,0.8695652173913044,0.36507776810278125
raw,A,R03,10,647,0,445,202,4,12,0.9964664310954063,1,1,0.6889364779174547,0.5317277078132803,0.21911781065747027,0.2862100984593016,0.6852875737011903,0.5330321126807664
raw,A,R03,11,706,0,490,216,0,30,0.9964664310954063,1,1,0.7490362811791383,0.5425948125710365,0.414644746787604,0.5381298703911017,0.7435185185185186,0.5372353348815007
raw,A,R03,12,841,0,670,171,16,0,0.9964664310954063,2,0,0.49127607576154314,0.1855996381620455,0.48208955223880595,0.26348228043143296,0.49127607576154314,0.1855996381620455
raw,A,R03,13,766,0,664,102,60,4,0.9964664310954063,1,1,0.5111918261280416,0.18525931039955656,0.08584337349397592,0.1345646437994723,0.414983463264824,0.11155069068380148
raw,A,R03,14,908,0,780,128,168,0,0.9964664310954063,2,0,0.5002203525641026,0.1503208445680968,0.33014823717948716,0.13169273531363102,0.39296875,0.11305566456047092
raw,A,R03,15,692,0,620,72,4,52,0.9964664310954063,1,1,0.6924731182795698,0.45484553348207923,0.9930107526881721,0.9432344715155322,0.8813620071684588,0.7863613679089869
raw,A,R03,16,730,0,730,0,76,0,0.9964664310954063,0,0,,,,,,
raw,A,R03,17,713,0,713,0,173,0,0.9964664310954063,0,0,,,,,,
raw,B,R03,01,720,0,0,720,0,360,0.9964664310954063,1,1,,0.9999999999999999,,0.9999999999999999,,0.9999999999999999
raw,B,R03,02,676,0,0,676,0,80,0.9964664310954063,1,1,,1.0,,1.0,,0.9999999999999999
raw,B,R03,03,674,0,0,674,0,86,0.9964664310954063,1,1,,0.9999999999999999,,0.9999999999999999,,1.0
raw,B,R03,04,683,0,0,683,0,67,0.9964664310954063,1,1,,1.0,,1.0,,1.0
raw,B,R03,05,574,0,515,59,4,0,0.9964664310954063,1,0,0.6990784926773078,0.35880962029215835,0.468438374197795,0.1447814451382694,0.6778838242553892,0.21606606813320411
raw,B,R03,06,582,0,131,451,0,58,0.9964664310954063,1,1,0.950754049525228,0.98779192200611,0.6872344747042196,0.8582273916479336,0.950754049525228,0.9877919220061099
raw,B,R03,07,686,0,269,417,0,66,0.9964664310954063,1,1,0.8439419468142958,0.8821381424871181,0.5546833908338015,0.6487091851445531,0.8439419468142958,0.8821381424871182
raw,B,R03,08,695,0,290,405,7,52,0.9964664310954063,1,1,0.6239548744146445,0.6844743190333089,0.4651681566624095,0.699728694350486,0.6187100893997446,0.6797428778281871
raw,B,R03,09,712,0,620,92,0,0,0.9964664310954063,1,0,0.9720897615708275,0.741558567839545,0.45161290322580644,0.16428571428571428,0.9594670406732119,0.6675833644522989
raw,B,R03,10,647,0,445,202,0,31,0.9964664310954063,1,1,0.9627600400489487,0.9246456707682278,0.21911781065747027,0.2862100984593016,0.9503893647791745,0.8775680762784555
raw,B,R03,11,706,0,490,216,0,30,0.9964664310954063,1,1,0.8183484504913077,0.611335155925556,0.414644746787604,0.5381298703911017,0.8199357520786092,0.6159886744243468
raw,B,R03,12,841,0,670,171,0,0,0.9964664310954063,2,0,0.22658200226935496,0.13432018453843123,0.48208955223880595,0.26348228043143296,0.22476651828576416,0.13403575342599242
raw,B,R03,13,766,0,664,102,86,0,0.9964664310954063,1,0,0.6509862981337113,0.2045932017652513,0.08584337349397592,0.1345646437994723,0.5530652019844082,0.14532799526480533
raw,B,R03,14,908,0,780,128,136,4,0.9964664310954063,2,1,0.5122596153846154,0.16401761251398075,0.33014823717948716,0.13169273531363102,0.42588141025641024,0.11778386307824104
raw,B,R03,15,692,0,620,72,0,52,0.9964664310954063,1,1,0.6229390681003584,0.43908968313509544,0.9930107526881721,0.9432344715155322,0.9310035842293907,0.8189045450571808
raw,B,R03,16,730,0,730,0,50,0,0.9964664310954063,0,0,,,,,,
raw,B,R03,17,713,0,713,0,81,0,0.9964664310954063,0,0,,,,,,
raw,C_s42,R03,01,720,0,0,720,0,324,0.9964664310954063,1,1,,1.0,,0.9999999999999999,,1.0
raw,C_s42,R03,02,676,0,0,676,0,104,0.9964664310954063,1,1,,1.0,,1.0,,1.0
raw,C_s42,R03,03,674,0,0,674,0,40,0.9964664310954063,1,1,,1.0,,0.9999999999999999,,1.0
raw,C_s42,R03,04,683,0,0,683,0,35,0.9964664310954063,1,1,,1.0,,1.0,,1.0
raw,C_s42,R03,05,574,0,515,59,4,0,0.9964664310954063,1,0,0.5985683725522463,0.30665416303366555,0.468438374197795,0.1447814451382694,0.5821128846470298,0.1960936959684725
raw,C_s42,R03,06,582,0,131,451,0,64,0.9964664310954063,1,1,0.945879385927794,0.9853851167766163,0.6872344747042196,0.8582273916479336,0.9458793859277941,0.9853851167766161
raw,C_s42,R03,07,686,0,269,417,0,50,0.9964664310954063,1,1,0.7937159566027475,0.8488549269935894,0.5546833908338015,0.6487091851445531,0.7937159566027475,0.8488549269935894
raw,C_s42,R03,08,695,0,290,405,0,52,0.9964664310954063,1,1,0.5677437207322265,0.7021682915093584,0.4651681566624095,0.699728694350486,0.5602171136653895,0.6964972625525475
raw,C_s42,R03,09,712,0,620,92,0,0,0.9964664310954063,1,0,0.9740532959326789,0.7266862705811636,0.45161290322580644,0.16428571428571428,0.9632538569424964,0.6728754940711462
raw,C_s42,R03,10,647,0,445,202,0,12,0.9964664310954063,1,1,0.9681888975414396,0.9037031588424651,0.21911781065747027,0.2862100984593016,0.9601123595505618,0.8834278078904025
raw,C_s42,R03,11,706,0,490,216,0,30,0.9964664310954063,1,1,0.8537226001511716,0.6533262580481801,0.414644746787604,0.5381298703911017,0.8513038548752835,0.6496362150036759
raw,C_s42,R03,12,841,0,670,171,0,0,0.9964664310954063,2,0,0.26187920048878416,0.13717815799718056,0.48208955223880595,0.26348228043143296,0.2606572401152134,0.13704060737849877
raw,C_s42,R03,13,766,0,664,102,82,0,0.9964664310954063,1,0,0.6270080321285141,0.21586688689167913,0.08584337349397592,0.1345646437994723,0.5345204346798961,0.1477368125591767
raw,C_s42,R03,14,908,0,780,128,136,4,0.9964664310954063,2,1,0.4160657051282052,0.14924820632244873,0.33014823717948716,0.13169273531363102,0.31658653846153845,0.09988883488419163
raw,C_s42,R03,15,692,0,620,72,0,52,0.9964664310954063,1,1,0.653942652329749,0.4333139824190995,0.9930107526881721,0.9432344715155322,0.9252688172043011,0.8066206305397606
raw,C_s42,R03,16,730,0,730,0,24,0,0.9964664310954063,0,0,,,,,,
raw,C_s42,R03,17,713,0,713,0,45,0,0.9964664310954063,0,0,,,,,,
raw,D_s42,R03,01,720,0,0,720,0,556,0.9964664310954063,1,1,,1.0,,0.9999999999999999,,1.0
raw,D_s42,R03,02,676,0,0,676,0,200,0.9964664310954063,1,1,,1.0000000000000002,,1.0,,1.0000000000000002
raw,D_s42,R03,03,674,0,0,674,0,64,0.9964664310954063,1,1,,0.9999999999999999,,0.9999999999999999,,0.9999999999999999
raw,D_s42,R03,04,683,0,0,683,0,56,0.9964664310954063,1,1,,1.0,,1.0,,1.0
raw,D_s42,R03,05,574,0,515,59,128,16,0.9964664310954063,1,1,0.43848938621030115,0.15866836334524853,0.468438374197795,0.1447814451382694,0.43309198617739014,0.12427580845770175
raw,D_s42,R03,06,582,0,131,451,24,322,0.9964664310954063,1,1,0.7593896514954046,0.9104375430371028,0.6872344747042196,0.8582273916479336,0.7681234237741406,0.9132411902424304
raw,D_s42,R03,07,686,0,269,417,101,353,0.9964664310954063,1,1,0.769476612018935,0.7829564463194604,0.5546833908338015,0.6487091851445531,0.773791375821276,0.7870317755542751
raw,D_s42,R03,08,695,0,290,405,29,119,0.9964664310954063,1,1,0.7223031077054066,0.7810592356507167,0.4651681566624095,0.699728694350486,0.7223031077054066,0.7810592356507167
raw,D_s42,R03,09,712,0,620,92,44,92,0.9964664310954063,1,1,0.9691444600280504,0.6989638664830481,0.45161290322580644,0.16428571428571428,0.9691444600280504,0.6989638664830481
raw,D_s42,R03,10,647,0,445,202,73,202,0.9964664310954063,1,1,0.9355768161085772,0.8000514337148,0.21911781065747027,0.2862100984593016,0.9355768161085772,0.8000514337148
raw,D_s42,R03,11,706,0,490,216,16,26,0.9964664310954063,1,1,0.5095804988662131,0.3852875756644452,0.414644746787604,0.5381298703911017,0.5309712773998488,0.41155226605398715
raw,D_s42,R03,12,841,0,670,171,24,0,0.9964664310954063,2,0,0.6062974600680807,0.2425172901874213,0.48208955223880595,0.26348228043143296,0.6062974600680807,0.2425172901874213
raw,D_s42,R03,13,766,0,664,102,88,48,0.9964664310954063,1,1,0.6059827545476022,0.37223154859583496,0.08584337349397592,0.1345646437994723,0.5362331679659816,0.24290271351993264
raw,D_s42,R03,14,908,0,780,128,160,0,0.9964664310954063,2,0,0.4385616987179487,0.13687609485504276,0.33014823717948716,0.13169273531363102,0.3225761217948718,0.10204939710897151
raw,D_s42,R03,15,692,0,620,72,16,52,0.9964664310954063,1,1,0.4682795698924731,0.3849332938055337,0.9930107526881721,0.9432344715155322,0.8342293906810035,0.7693001378744176
raw,D_s42,R03,16,730,0,730,0,104,0,0.9964664310954063,0,0,,,,,,
raw,D_s42,R03,17,713,0,713,0,141,0,0.9964664310954063,0,0,,,,,,
raw,C_s43,R03,01,720,0,0,720,0,336,0.9964664310954063,1,1,,1.0,,0.9999999999999999,,1.0
raw,C_s43,R03,02,676,0,0,676,0,120,0.9964664310954063,1,1,,0.9999999999999999,,1.0,,0.9999999999999999
raw,C_s43,R03,03,674,0,0,674,0,40,0.9964664310954063,1,1,,1.0000000000000002,,0.9999999999999999,,0.9999999999999999
raw,C_s43,R03,04,683,0,0,683,0,35,0.9964664310954063,1,1,,1.0,,1.0,,1.0
raw,C_s43,R03,05,574,0,515,59,4,0,0.9964664310954063,1,0,0.6360210630245187,0.34105163291488694,0.468438374197795,0.1447814451382694,0.6215402336679282,0.220566400158911
raw,C_s43,R03,06,582,0,131,451,0,76,0.9964664310954063,1,1,0.9366039843604543,0.9826667228994954,0.6872344747042196,0.8582273916479336,0.9366039843604543,0.9826667228994954
raw,C_s43,R03,07,686,0,269,417,0,50,0.9964664310954063,1,1,0.7857461242901589,0.8485441560895589,0.5546833908338015,0.6487091851445531,0.7857461242901589,0.8485441560895588
raw,C_s43,R03,08,695,0,290,405,0,52,0.9964664310954063,1,1,0.6126479352916135,0.7189930306689112,0.4651681566624095,0.699728694350486,0.6041677309493402,0.7127325087582038
raw,C_s43,R03,09,712,0,620,92,0,0,0.9964664310954063,1,0,0.9681626928471248,0.7187826652351031,0.45161290322580644,0.16428571428571428,0.9580645161290322,0.6601589200273411
raw,C_s43,R03,10,647,0,445,202,0,12,0.9964664310954063,1,1,0.9643842474135054,0.8960999675164114,0.21911781065747027,0.2862100984593016,0.9558627211035711,0.8734112246958841
raw,C_s43,R03,11,706,0,490,216,0,30,0.9964664310954063,1,1,0.8706916099773243,0.675180448519557,0.414644746787604,0.5381298703911017,0.865854119425548,0.6677603230919245
raw,C_s43,R03,12,841,0,670,171,0,0,0.9964664310954063,2,0,0.24747752465741465,0.1373018456423321,0.48208955223880595,0.26348228043143296,0.24485903814262022,0.13689420897792096
raw,C_s43,R03,13,766,0,664,102,76,0,0.9964664310954063,1,0,0.633858965272856,0.2301718827159603,0.08584337349397592,0.1345646437994723,0.5476317032837231,0.15335043480700927
raw,C_s43,R03,14,908,0,780,128,136,4,0.9964664310954063,2,1,0.4116786858974359,0.14794925089604186,0.33014823717948716,0.13169273531363102,0.3120392628205128,0.09924839434887579
raw,C_s43,R03,15,692,0,620,72,0,52,0.9964664310954063,1,1,0.6482078853046596,0.4330794783864744,0.9930107526881721,0.9432344715155322,0.9206093189964158,0.8035107067365131
raw,C_s43,R03,16,730,0,730,0,24,0,0.9964664310954063,0,0,,,,,,
raw,C_s43,R03,17,713,0,713,0,29,0,0.9964664310954063,0,0,,,,,,
raw,D_s43,R03,01,720,0,0,720,0,508,0.9964664310954063,1,1,,1.0,,0.9999999999999999,,1.0
raw,D_s43,R03,02,676,0,0,676,0,208,0.9964664310954063,1,1,,1.0,,1.0,,1.0
raw,D_s43,R03,03,674,0,0,674,0,44,0.9964664310954063,1,1,,0.9999999999999999,,0.9999999999999999,,0.9999999999999999
raw,D_s43,R03,04,683,0,0,683,0,36,0.9964664310954063,1,1,,1.0,,1.0,,1.0
raw,D_s43,R03,05,574,0,515,59,8,8,0.9964664310954063,1,1,0.46152706927760406,0.16544747561946987,0.468438374197795,0.1447814451382694,0.4542866545993089,0.16336519012514564
raw,D_s43,R03,06,582,0,131,451,0,174,0.9964664310954063,1,1,0.9123322218648974,0.9782305433430418,0.6872344747042196,0.8582273916479336,0.9199150319053503,0.9801809943769318
raw,D_s43,R03,07,686,0,269,417,0,70,0.9964664310954063,1,1,0.9207162151319837,0.9229316476260637,0.5546833908338015,0.6487091851445531,0.9217325024738573,0.9242843395066188
raw,D_s43,R03,08,695,0,290,405,8,88,0.9964664310954063,1,1,0.6298212005108557,0.7550831120636355,0.4651681566624095,0.699728694350486,0.6298212005108557,0.7550831120636355
raw,D_s43,R03,09,712,0,620,92,36,92,0.9964664310954063,1,1,0.9739130434782609,0.7406981605351171,0.45161290322580644,0.16428571428571428,0.9739130434782609,0.7406981605351171
raw,D_s43,R03,10,647,0,445,202,32,144,0.9964664310954063,1,1,0.9381799977750584,0.7969724807532301,0.21911781065747027,0.2862100984593016,0.9381799977750584,0.7969724807532301
raw,D_s43,R03,11,706,0,490,216,8,30,0.9964664310954063,1,1,0.8491118669690098,0.6595927223509004,0.414644746787604,0.5381298703911017,0.8469954648526077,0.6630409951635066
raw,D_s43,R03,12,841,0,670,171,16,0,0.9964664310954063,2,0,0.4015143580343895,0.16352523072143227,0.48208955223880595,0.26348228043143296,0.4015143580343895,0.16352523072143227
raw,D_s43,R03,13,766,0,664,102,76,32,0.9964664310954063,1,1,0.5993680604772029,0.3347714448562569,0.08584337349397592,0.1345646437994723,0.49684030238601473,0.20003376117450972
raw,D_s43,R03,14,908,0,780,128,144,0,0.9964664310954063,2,0,0.40675080128205127,0.12950529495957233,0.33014823717948716,0.13169273531363102,0.3098758012820512,0.10304209423661721
raw,D_s43,R03,15,692,0,620,72,12,52,0.9964664310954063,1,1,0.47258064516129034,0.39291620926439225,0.9930107526881721,0.9432344715155322,0.867562724014337,0.7760407390987482
raw,D_s43,R03,16,730,0,730,0,80,0,0.9964664310954063,0,0,,,,,,
raw,D_s43,R03,17,713,0,713,0,41,0,0.9964664310954063,0,0,,,,,,
raw,C_s44,R03,01,720,0,0,720,0,352,0.9964664310954063,1,1,,1.0,,0.9999999999999999,,1.0
raw,C_s44,R03,02,676,0,0,676,0,120,0.9964664310954063,1,1,,1.0,,1.0,,0.9999999999999999
raw,C_s44,R03,03,674,0,0,674,0,40,0.9964664310954063,1,1,,1.0,,0.9999999999999999,,1.0
raw,C_s44,R03,04,683,0,0,683,0,47,0.9964664310954063,1,1,,1.0,,1.0,,1.0
raw,C_s44,R03,05,574,0,515,59,4,0,0.9964664310954063,1,0,0.6499094948165214,0.3680687388162894,0.468438374197795,0.1447814451382694,0.632927431298338,0.21891176106568258
raw,C_s44,R03,06,582,0,131,451,0,72,0.9964664310954063,1,1,0.9466241261996242,0.9850492482577831,0.6872344747042196,0.8582273916479336,0.9466241261996242,0.985049248257783
raw,C_s44,R03,07,686,0,269,417,0,50,0.9964664310954063,1,1,0.7976741283553083,0.8547180909519356,0.5546833908338015,0.6487091851445531,0.7976741283553083,0.8547180909519356
raw,C_s44,R03,08,695,0,290,405,0,52,0.9964664310954063,1,1,0.524899957428693,0.6783688410766978,0.4651681566624095,0.699728694350486,0.5172030651340995,0.6728048986660945
raw,C_s44,R03,09,712,0,620,92,0,0,0.9964664310954063,1,0,0.9669004207573633,0.7020339262187087,0.45161290322580644,0.16428571428571428,0.9575035063113605,0.6570062349279518
raw,C_s44,R03,10,647,0,445,202,0,12,0.9964664310954063,1,1,0.9702135943931471,0.9117529908756266,0.21911781065747027,0.2862100984593016,0.9597563688953165,0.8814724916418684
raw,C_s44,R03,11,706,0,490,216,0,30,0.9964664310954063,1,1,0.8501322751322751,0.6419858408613539,0.414644746787604,0.5381298703911017,0.848167044595616,0.6403791989173698
raw,C_s44,R03,12,841,0,670,171,0,0,0.9964664310954063,2,0,0.26158243868377407,0.13770277951574067,0.48208955223880595,0.26348228043143296,0.25899886532251026,0.13730368827369022
raw,C_s44,R03,13,766,0,664,102,76,0,0.9964664310954063,1,0,0.6366938341601701,0.22044401041521666,0.08584337349397592,0.1345646437994723,0.5434975194897236,0.14762401906471004
raw,C_s44,R03,14,908,0,780,128,136,4,0.9964664310954063,2,1,0.4104767628205128,0.1487705323468973,0.33014823717948716,0.13169273531363102,0.31085737179487183,0.09890369809953756
raw,C_s44,R03,15,692,0,620,72,0,52,0.9964664310954063,1,1,0.6487455197132617,0.4310746890928438,0.9930107526881721,0.9432344715155322,0.9267025089605735,0.8084882842025699
raw,C_s44,R03,16,730,0,730,0,24,0,0.9964664310954063,0,0,,,,,,
raw,C_s44,R03,17,713,0,713,0,41,0,0.9964664310954063,0,0,,,,,,
raw,D_s44,R03,01,720,0,0,720,0,464,0.9964664310954063,1,1,,1.0,,0.9999999999999999,,1.0
raw,D_s44,R03,02,676,0,0,676,0,228,0.9964664310954063,1,1,,1.0000000000000002,,1.0,,1.0000000000000002
raw,D_s44,R03,03,674,0,0,674,0,44,0.9964664310954063,1,1,,0.9999999999999999,,0.9999999999999999,,1.0
raw,D_s44,R03,04,683,0,0,683,0,36,0.9964664310954063,1,1,,1.0,,1.0,,1.0
raw,D_s44,R03,05,574,0,515,59,4,12,0.9964664310954063,1,1,0.45553727168010527,0.3719146472347776,0.468438374197795,0.1447814451382694,0.44790192529208483,0.27412627725773725
raw,D_s44,R03,06,582,0,131,451,0,194,0.9964664310954063,1,1,0.9056295594184256,0.9737186843549386,0.6872344747042196,0.8582273916479336,0.9079314838949917,0.974571549648925
raw,D_s44,R03,07,686,0,269,417,0,90,0.9964664310954063,1,1,0.9500815704313872,0.9595417104858104,0.5546833908338015,0.6487091851445531,0.9500815704313872,0.9595417104858103
raw,D_s44,R03,08,695,0,290,405,4,96,0.9964664310954063,1,1,0.6541379310344828,0.7597620225585033,0.4651681566624095,0.699728694350486,0.6541379310344828,0.7597620225585033
raw,D_s44,R03,09,712,0,620,92,36,92,0.9964664310954063,1,1,0.9753155680224403,0.7685688405797102,0.45161290322580644,0.16428571428571428,0.9753155680224405,0.7685688405797102
raw,D_s44,R03,10,647,0,445,202,28,148,0.9964664310954063,1,1,0.9437423517632662,0.8256620738474527,0.21911781065747027,0.2862100984593016,0.9437423517632662,0.8256620738474527
raw,D_s44,R03,11,706,0,490,216,8,34,0.9964664310954063,1,1,0.6024754346182918,0.4391696327965186,0.414644746787604,0.5381298703911017,0.6181972789115646,0.45440721109619964
raw,D_s44,R03,12,841,0,670,171,16,0,0.9964664310954063,2,0,0.2991839050362224,0.14551708617101766,0.48208955223880595,0.26348228043143296,0.2991839050362224,0.14551708617101766
raw,D_s44,R03,13,766,0,664,102,76,28,0.9964664310954063,1,1,0.5266654854712969,0.3044436786121015,0.08584337349397592,0.1345646437994723,0.4628809355067328,0.1828934302900359
raw,D_s44,R03,14,908,0,780,128,148,0,0.9964664310954063,2,0,0.4394831730769231,0.13583050059920987,0.33014823717948716,0.13169273531363102,0.32401842948717946,0.10441161151979939
raw,D_s44,R03,15,692,0,620,72,16,52,0.9964664310954063,1,1,0.5700716845878135,0.4054190287864786,0.9930107526881721,0.9432344715155322,0.8976702508960573,0.786854657687991
raw,D_s44,R03,16,730,0,730,0,104,0,0.9964664310954063,0,0,,,,,,
raw,D_s44,R03,17,713,0,713,0,113,0,0.9964664310954063,0,0,,,,,,
raw,A,R04,01,411,0,111,300,29,58,0.9976671850699844,1,1,0.4677177177177177,0.7055497840999794,0.5912612612612613,0.768812632680955,0.4677177177177177,0.7055497840999794
raw,A,R04,02,398,0,112,286,0,20,0.9976671850699844,1,1,0.3399100899100899,0.6798734831955844,0.5863823676323676,0.7571246913035643,0.3399100899100899,0.6798734831955844
raw,A,R04,03,381,0,65,316,0,4,0.9976671850699844,1,1,0.5874634858812073,0.8666947030896537,0.4200584225900682,0.8296996123029137,0.5500730282375852,0.8460392340447024
raw,A,R04,04,379,0,261,118,4,0,0.9976671850699844,1,0,0.6106078316773816,0.3742052155876009,0.5015423079420741,0.3154122786218931,0.6060620819533735,0.365815266972774
raw,A,R04,05,465,0,135,330,0,8,0.9976671850699844,1,1,0.622615039281706,0.7424617610374349,0.4786195286195286,0.7186042271283789,0.6215375982042649,0.7419493374339227
raw,A,R04,06,505,0,92,413,0,8,0.9976671850699844,1,1,0.5273186651226445,0.820107867911153,0.486419623118223,0.8309685536225773,0.48541951784398363,0.8006504987459767
raw,A,R04,07,550,0,399,151,32,0,0.9976671850699844,2,0,0.5357682285183156,0.2727579933430533,0.4710534614682401,0.26821773339699806,0.5362993576656874,0.2726097390667242
raw,A,R04,08,653,0,423,230,16,36,0.9976671850699844,3,2,0.6112755678898141,0.48209438735041743,0.25277006886627607,0.34645538794211267,0.611275567889814,0.48209438735041743
raw,A,R04,09,334,0,128,206,0,16,0.9976671850699844,1,1,0.5876820388349514,0.6708623236895126,0.4717839805825243,0.6038698411496237,0.5879854368932038,0.6705684329433975
raw,A,R04,10,223,0,88,135,4,0,0.9976671850699844,1,0,0.5306397306397307,0.5714461589159868,0.8264309764309765,0.8895912354806226,0.5306397306397307,0.5714461589159868
raw,A,R04,11,424,0,298,126,8,0,0.9976671850699844,2,0,0.7603600724406094,0.46785565917348476,0.6776925535314796,0.4412336237698239,0.7603600724406094,0.46785565917348476
raw,A,R04,12,686,0,462,224,4,48,0.9976671850699844,3,1,0.7230403525046382,0.5742494764458739,0.3648828849721707,0.2952211809510938,0.7230403525046383,0.5742494764458739
raw,A,R04,13,464,0,89,375,0,24,0.9976671850699844,1,1,0.7681647940074906,0.9279059013173456,0.6539475655430711,0.8821239871867345,0.7680449438202247,0.9278955301632608
raw,A,R04,14,385,0,65,320,0,0,0.9976671850699844,1,0,0.5898317307692308,0.8559134006284541,0.4724038461538462,0.8441940412528648,0.5898317307692308,0.8559134006284541
raw,A,R04,15,376,0,54,322,4,4,0.9976671850699844,1,1,0.5641821946169773,0.8241577415656633,0.6336553945249598,0.9188251618871416,0.5641821946169773,0.8241577415656635
raw,A,R04,16,418,0,71,347,39,67,0.9976671850699844,1,1,0.20548362219426067,0.7234508372235309,0.6143402199943174,0.8713109404372866,0.20548362219426067,0.7234508372235309
raw,A,R04,17,582,0,455,127,18,14,0.9976671850699844,2,2,0.4997058060050186,0.265929239090577,0.5606558795535173,0.2654428330010764,0.49762914251103224,0.26536060228067015
raw,A,R04,18,243,0,102,141,0,0,0.9976671850699844,1,0,0.4133986928104575,0.5366704100807613,0.36983729662077597,0.5320095509220806,0.4179877624808789,0.5378836933515401
raw,A,R04,19,277,0,166,111,4,0,0.9976671850699844,1,0,0.4909367198523825,0.37112051887933367,0.4914794312384674,0.4055591986915973,0.48507543688266586,0.3671212989358412
raw,B,R04,01,411,0,111,300,11,64,0.9976671850699844,1,1,0.5493093093093093,0.7735368252257017,0.5912612612612613,0.768812632680955,0.5493093093093093,0.7735368252257017
raw,B,R04,02,398,0,112,286,4,4,0.9976671850699844,1,1,0.44542957042957043,0.6837383099537047,0.5863823676323676,0.7571246913035643,0.44542957042957043,0.6837383099537047
raw,B,R04,03,381,0,65,316,0,4,0.9976671850699844,1,1,0.6342015579357352,0.8836127902447853,0.4200584225900682,0.8296996123029137,0.5800632911392405,0.8602594915462013
raw,B,R04,04,379,0,261,118,4,0,0.9976671850699844,1,0,0.5123546983570362,0.3088485758572557,0.5015423079420741,0.3154122786218931,0.5097571270861745,0.3046709986986218
raw,B,R04,05,465,0,135,330,0,8,0.9976671850699844,1,1,0.7061840628507295,0.7922085101219832,0.4786195286195286,0.7186042271283789,0.6979236812570146,0.7880499735626504
raw,B,R04,06,505,0,92,413,0,8,0.9976671850699844,1,1,0.5806927044952099,0.8504619651255526,0.486419623118223,0.8309685536225773,0.5465838509316769,0.8380159677263312
raw,B,R04,07,550,0,399,151,4,0,0.9976671850699844,2,0,0.6036199770950555,0.3200490335236349,0.4710534614682401,0.26821773339699806,0.5999020730634533,0.3192225349950222
raw,B,R04,08,653,0,423,230,4,32,0.9976671850699844,3,2,0.8183060951793607,0.6977805450254935,0.25277006886627607,0.34645538794211267,0.8183060951793607,0.6977805450254935
raw,B,R04,09,334,0,128,206,4,4,0.9976671850699844,1,1,0.7069174757281553,0.7387854084416716,0.4717839805825243,0.6038698411496237,0.7069174757281553,0.7387854084416716
raw,B,R04,10,223,0,88,135,0,0,0.9976671850699844,1,0,0.5845117845117845,0.5992329361621529,0.8264309764309765,0.8895912354806226,0.5845117845117845,0.5992329361621529
raw,B,R04,11,424,0,298,126,0,0,0.9976671850699844,2,0,0.8077660594439118,0.5500508399715006,0.6776925535314796,0.4412336237698239,0.8077660594439118,0.5500508399715005
raw,B,R04,12,686,0,462,224,8,48,0.9976671850699844,3,1,0.7360466914038343,0.5929976141537551,0.3648828849721707,0.2952211809510938,0.7340561224489796,0.5916684358001633
raw,B,R04,13,464,0,89,375,0,8,0.9976671850699844,1,1,0.7447940074906367,0.8929771975135011,0.6539475655430711,0.8821239871867345,0.7447940074906367,0.8929771975135012
raw,B,R04,14,385,0,65,320,0,4,0.9976671850699844,1,1,0.6215625,0.8705096008551383,0.4724038461538462,0.8441940412528648,0.6215625,0.8705096008551382
raw,B,R04,15,376,0,54,322,4,0,0.9976671850699844,1,0,0.5876466528640442,0.8442983557876189,0.6336553945249598,0.9188251618871416,0.5876466528640442,0.8442983557876188
raw,B,R04,16,418,0,71,347,7,13,0.9976671850699844,1,1,0.3841985631367455,0.7820629729596329,0.6143402199943174,0.8713109404372866,0.3880951414539108,0.784484507316884
raw,B,R04,17,582,0,455,127,0,8,0.9976671850699844,2,1,0.48229644371376656,0.2837931054132078,0.5606558795535173,0.2654428330010764,0.4759280089988751,0.28507216913190775
raw,B,R04,18,243,0,102,141,4,4,0.9976671850699844,1,1,0.44885968571825896,0.5335548256094684,0.36983729662077597,0.5320095509220806,0.44607843137254904,0.5325545323543948
raw,B,R04,19,277,0,166,111,0,0,0.9976671850699844,1,0,0.4609790513404971,0.3674968661198002,0.4914794312384674,0.4055591986915973,0.4423097796591772,0.3567689386231522
raw,C_s42,R04,01,411,0,111,300,11,16,0.9988399071925754,1,1,0.5493093093093093,0.7522936182931237,0.5912612612612613,0.768812632680955,0.5493093093093093,0.7522936182931237
raw,C_s42,R04,02,398,0,112,286,4,0,0.9988399071925754,1,0,0.4171453546453547,0.6725246785439931,0.5863823676323676,0.7571246913035643,0.4171453546453547,0.6725246785439931
raw,C_s42,R04,03,381,0,65,316,0,0,0.9988399071925754,1,0,0.6435004868549172,0.8816938392405866,0.4200584225900682,0.8296996123029137,0.575730282375852,0.8525678045560249
raw,C_s42,R04,04,379,0,261,118,0,0,0.9988399071925754,1,0,0.532161179297357,0.3135630839913146,0.5015423079420741,0.3154122786218931,0.5285245795181506,0.30946160018421076
raw,C_s42,R04,05,465,0,135,330,0,8,0.9988399071925754,1,1,0.7244107744107744,0.7940964445374735,0.4786195286195286,0.7186042271283789,0.7244107744107744,0.7940964445374735
raw,C_s42,R04,06,505,0,92,413,0,4,0.9988399071925754,1,1,0.6128013475102642,0.8703853145222029,0.486419623118223,0.8309685536225773,0.5690072639225181,0.8530323593399883
raw,C_s42,R04,07,550,0,399,151,4,0,0.9988399071925754,2,0,0.5645819847632326,0.2984974501988625,0.4710534614682401,0.26821773339699806,0.5608640807316303,0.29899461458872434
raw,C_s42,R04,08,653,0,423,230,0,28,0.9988399071925754,3,2,0.8530887038750128,0.7410835958469644,0.25277006886627607,0.34645538794211267,0.8530887038750128,0.7410835958469643
raw,C_s42,R04,09,334,0,128,206,4,4,0.9988399071925754,1,1,0.7284587378640777,0.740582868368988,0.4717839805825243,0.6038698411496237,0.7284587378640777,0.7405828683689879
raw,C_s42,R04,10,223,0,88,135,0,0,0.9988399071925754,1,0,0.5932659932659933,0.6100449068880593,0.8264309764309765,0.8895912354806226,0.5932659932659933,0.6100449068880593
raw,C_s42,R04,11,424,0,298,126,0,0,0.9988399071925754,2,0,0.8086715670608288,0.5449936831522411,0.6776925535314796,0.4412336237698239,0.8086715670608288,0.5449936831522411
raw,C_s42,R04,12,686,0,462,224,0,20,0.9988399071925754,3,1,0.7583487940630798,0.634332218333546,0.3648828849721707,0.2952211809510938,0.7581362090290662,0.63419313181103
raw,C_s42,R04,13,464,0,89,375,0,8,0.9988399071925754,1,1,0.7533033707865169,0.896766655957286,0.6539475655430711,0.8821239871867345,0.7533033707865169,0.8967666559572861
raw,C_s42,R04,14,385,0,65,320,0,0,0.9988399071925754,1,0,0.6000240384615385,0.8445226236500936,0.4724038461538462,0.8441940412528648,0.6000240384615385,0.8445226236500935
raw,C_s42,R04,15,376,0,54,322,0,0,0.9988399071925754,1,0,0.6124913733609386,0.8413236722676619,0.6336553945249598,0.9188251618871416,0.6124913733609386,0.8413236722676619
raw,C_s42,R04,16,418,0,71,347,3,5,0.9988399071925754,1,1,0.4578276575881804,0.8046972317938044,0.6143402199943174,0.8713109404372866,0.4623736656248732,0.8074383977694505
raw,C_s42,R04,17,582,0,455,127,0,8,0.9988399071925754,2,1,0.5026131348965995,0.2977138854179854,0.5606558795535173,0.2654428330010764,0.5098814571255517,0.30366992052618696
raw,C_s42,R04,18,243,0,102,141,0,0,0.9988399071925754,1,0,0.45789876234181615,0.5253041887565628,0.36983729662077597,0.5320095509220806,0.4580378250591016,0.5248939569148285
raw,C_s42,R04,19,277,0,166,111,0,0,0.9988399071925754,1,0,0.4696624335178552,0.37627689847457835,0.4914794312384674,0.4055591986915973,0.4575056984695539,0.3680689030646639
raw,D_s42,R04,01,411,0,111,300,0,0,0.9988399071925754,1,0,0.4396396396396397,0.6850140041369236,0.5912612612612613,0.768812632680955,0.4396396396396397,0.6850140041369236
raw,D_s42,R04,02,398,0,112,286,0,0,0.9988399071925754,1,0,0.4307567432567433,0.6676045576728304,0.5863823676323676,0.7571246913035643,0.4307567432567433,0.6676445146548582
raw,D_s42,R04,03,381,0,65,316,0,0,0.9988399071925754,1,0,0.6505598831548198,0.8806270908050982,0.4200584225900682,0.8296996123029137,0.5822054527750731,0.8420842177060931
raw,D_s42,R04,04,379,0,261,118,0,0,0.9988399071925754,1,0,0.5937236184167803,0.3397059378712246,0.5015423079420741,0.3154122786218931,0.582813819079161,0.33215840565430177
raw,D_s42,R04,05,465,0,135,330,0,0,0.9988399071925754,1,0,0.7346464646464647,0.7955863468301889,0.4786195286195286,0.7186042271283789,0.7332098765432099,0.7948766905145249
raw,D_s42,R04,06,505,0,92,413,0,0,0.9988399071925754,1,0,0.6408042951889673,0.8812261860100945,0.486419623118223,0.8309685536225773,0.5824823665649016,0.8599228686132965
raw,D_s42,R04,07,550,0,399,151,0,0,0.9988399071925754,2,0,0.47033975667645933,0.26781371858350944,0.4710534614682401,0.26821773339699806,0.46834802237381534,0.26959430862897843
raw,D_s42,R04,08,653,0,423,230,4,16,0.9988399071925754,3,1,0.6990749306197965,0.5273182169793998,0.25277006886627607,0.34645538794211267,0.6990749306197964,0.5273182169793998
raw,D_s42,R04,09,334,0,128,206,4,0,0.9988399071925754,1,0,0.722997572815534,0.7352460825471722,0.4717839805825243,0.6038698411496237,0.722997572815534,0.7352460825471722
raw,D_s42,R04,10,223,0,88,135,0,0,0.9988399071925754,1,0,0.571043771043771,0.6106754415639595,0.8264309764309765,0.8895912354806226,0.571043771043771,0.6106754415639595
raw,D_s42,R04,11,424,0,298,126,0,0,0.9988399071925754,2,0,0.7415574731010972,0.45022345694145693,0.6776925535314796,0.4412336237698239,0.7415574731010973,0.450223456941457
raw,D_s42,R04,12,686,0,462,224,0,0,0.9988399071925754,3,0,0.7737708719851578,0.6384425312132296,0.3648828849721707,0.2952211809510938,0.7737515460729748,0.6383279228093078
raw,D_s42,R04,13,464,0,89,375,0,4,0.9988399071925754,1,1,0.7231011235955056,0.8885897793870801,0.6539475655430711,0.8821239871867345,0.7231011235955057,0.8885897793870803
raw,D_s42,R04,14,385,0,65,320,4,0,0.9988399071925754,1,0,0.5238701923076923,0.8210597851861534,0.4724038461538462,0.8441940412528648,0.5238701923076923,0.8210597851861533
raw,D_s42,R04,15,376,0,54,322,4,0,0.9988399071925754,1,0,0.5687830687830688,0.8213989849848247,0.6336553945249598,0.9188251618871416,0.5687830687830688,0.8213989849848246
raw,D_s42,R04,16,418,0,71,347,0,0,0.9988399071925754,1,0,0.16233713520314974,0.7090014353621766,0.6143402199943174,0.8713109404372866,0.16233713520314974,0.7090014353621766
raw,D_s42,R04,17,582,0,455,127,0,8,0.9988399071925754,2,1,0.5777191312624383,0.3352251326653424,0.5606558795535173,0.2654428330010764,0.5803495716881544,0.33508683452967297
raw,D_s42,R04,18,243,0,102,141,0,0,0.9988399071925754,1,0,0.45094562647754133,0.5378631430014116,0.36983729662077597,0.5320095509220806,0.4492768738701154,0.5375085186709953
raw,D_s42,R04,19,277,0,166,111,0,0,0.9988399071925754,1,0,0.5056984695538913,0.43171401389411185,0.4914794312384674,0.4055591986915973,0.49744925648540106,0.41538518506528305
raw,C_s43,R04,01,411,0,111,300,8,12,0.9988399071925754,1,1,0.5269069069069069,0.7346478211603247,0.5912612612612613,0.768812632680955,0.5269069069069069,0.7346478211603247
raw,C_s43,R04,02,398,0,112,286,0,0,0.9988399071925754,1,0,0.4463036963036963,0.6812717506152886,0.5863823676323676,0.7571246913035643,0.4463036963036963,0.6812717506152886
raw,C_s43,R04,03,381,0,65,316,0,0,0.9988399071925754,1,0,0.6520204479065239,0.8827529562019536,0.4200584225900682,0.8296996123029137,0.5803554040895813,0.8503293240238463
raw,C_s43,R04,04,379,0,261,118,0,0,0.9988399071925754,1,0,0.5402136502370284,0.31500241712833443,0.5015423079420741,0.3154122786218931,0.536577050457822,0.31120010794742425
raw,C_s43,R04,05,465,0,135,330,0,8,0.9988399071925754,1,1,0.7331200897867565,0.793730678690178,0.4786195286195286,0.7186042271283789,0.7331200897867565,0.7937306786901781
raw,C_s43,R04,06,505,0,92,413,0,4,0.9988399071925754,1,1,0.6184861564375197,0.8720699074244039,0.486419623118223,0.8309685536225773,0.5753237182861353,0.8556007185799865
raw,C_s43,R04,07,550,0,399,151,4,0,0.9988399071925754,2,0,0.5795199920330628,0.31261108780286034,0.4710534614682401,0.26821773339699806,0.5773954754435758,0.3144817467915123
raw,C_s43,R04,08,653,0,423,230,0,28,0.9988399071925754,3,2,0.8516085928666873,0.7349904600124474,0.25277006886627607,0.34645538794211267,0.8516085928666872,0.7349904600124474
raw,C_s43,R04,09,334,0,128,206,0,4,0.9988399071925754,1,1,0.7418082524271845,0.7584383367810684,0.4717839805825243,0.6038698411496237,0.7418082524271845,0.7584383367810685
raw,C_s43,R04,10,223,0,88,135,0,0,0.9988399071925754,1,0,0.5932659932659933,0.6050886415633132,0.8264309764309765,0.8895912354806226,0.5932659932659933,0.6050886415633133
raw,C_s43,R04,11,424,0,298,126,0,0,0.9988399071925754,2,0,0.8064876957494407,0.5432563431522306,0.6776925535314796,0.4412336237698239,0.8064876957494407,0.5432563431522306
raw,C_s43,R04,12,686,0,462,224,0,20,0.9988399071925754,3,1,0.7616921768707483,0.6318299015196936,0.3648828849721707,0.2952211809510938,0.7614795918367346,0.6316908149971777
raw,C_s43,R04,13,464,0,89,375,0,8,0.9988399071925754,1,1,0.7715205992509363,0.9130038065448621,0.6539475655430711,0.8821239871867345,0.7715205992509363,0.9130038065448619
raw,C_s43,R04,14,385,0,65,320,0,0,0.9988399071925754,1,0,0.5815625,0.8403031016444389,0.4724038461538462,0.8441940412528648,0.5815625,0.8403031016444389
raw,C_s43,R04,15,376,0,54,322,0,0,0.9988399071925754,1,0,0.6152518978605935,0.8432320046944486,0.6336553945249598,0.9188251618871416,0.6152518978605935,0.8432320046944486
raw,C_s43,R04,16,418,0,71,347,3,5,0.9988399071925754,1,1,0.45100864553314124,0.7958551578483761,0.6143402199943174,0.8713109404372866,0.45685351300888905,0.799559998867957
raw,C_s43,R04,17,582,0,455,127,0,8,0.9988399071925754,2,1,0.502128580081336,0.29768422843747455,0.5606558795535173,0.2654428330010764,0.5066972397681059,0.3024498546692045
raw,C_s43,R04,18,243,0,102,141,0,0,0.9988399071925754,1,0,0.46068001668752606,0.5392009264774043,0.36983729662077597,0.5320095509220806,0.4608190794048116,0.5387906946356699
raw,C_s43,R04,19,277,0,166,111,0,0,0.9988399071925754,1,0,0.4696624335178552,0.3711507222361521,0.4914794312384674,0.4055591986915973,0.45533485292521436,0.3620784614108886
raw,D_s43,R04,01,411,0,111,300,0,0,0.9988399071925754,1,0,0.469009009009009,0.7016336193247507,0.5912612612612613,0.768812632680955,0.469009009009009,0.7016336193247507
raw,D_s43,R04,02,398,0,112,286,0,0,0.9988399071925754,1,0,0.5086163836163836,0.7008604685642545,0.5863823676323676,0.7571246913035643,0.5106143856143857,0.701511646489473
raw,D_s43,R04,03,381,0,65,316,0,0,0.9988399071925754,1,0,0.6823028237585199,0.8841668841167545,0.4200584225900682,0.8296996123029137,0.6028481012658228,0.8438931851853946
raw,D_s43,R04,04,379,0,261,118,0,0,0.9988399071925754,1,0,0.5945353594389247,0.3359231163435995,0.5015423079420741,0.3154122786218931,0.5864828884992532,0.3305725112064014
raw,D_s43,R04,05,465,0,135,330,0,0,0.9988399071925754,1,0,0.7048372615039282,0.7778870293269569,0.4786195286195286,0.7186042271283789,0.7019640852974187,0.776110938652238
raw,D_s43,R04,06,505,0,92,413,0,0,0.9988399071925754,1,0,0.6481734919465207,0.8818048216011074,0.486419623118223,0.8309685536225773,0.5816401726497527,0.85601594516863
raw,D_s43,R04,07,550,0,399,151,0,0,0.9988399071925754,2,0,0.4591196534382313,0.2657338536716021,0.4710534614682401,0.26821773339699806,0.4569951368487443,0.26751442624042493
raw,D_s43,R04,08,653,0,423,230,4,16,0.9988399071925754,3,1,0.7131154281015522,0.5202317370560582,0.25277006886627607,0.34645538794211267,0.713115428101552,0.5202317370560582
raw,D_s43,R04,09,334,0,128,206,0,0,0.9988399071925754,1,0,0.7578883495145631,0.7456028428722467,0.4717839805825243,0.6038698411496237,0.7578883495145631,0.7456028428722468
raw,D_s43,R04,10,223,0,88,135,0,0,0.9988399071925754,1,0,0.5936026936026936,0.6237058865770594,0.8264309764309765,0.8895912354806226,0.5936026936026937,0.6237058865770594
raw,D_s43,R04,11,424,0,298,126,0,0,0.9988399071925754,2,0,0.7285075103867051,0.4255681901027797,0.6776925535314796,0.4412336237698239,0.728507510386705,0.4255681901027797
raw,D_s43,R04,12,686,0,462,224,0,4,0.9988399071925754,3,1,0.750328540507112,0.6220723043788963,0.3648828849721707,0.2952211809510938,0.7502125850340137,0.621935021523413
raw,D_s43,R04,13,464,0,89,375,0,4,0.9988399071925754,1,1,0.7398801498127341,0.8969648140002322,0.6539475655430711,0.8821239871867345,0.7398801498127341,0.8969648140002322
raw,D_s43,R04,14,385,0,65,320,0,0,0.9988399071925754,1,0,0.5152163461538461,0.8138285416958742,0.4724038461538462,0.8441940412528648,0.5152163461538461,0.8138285416958742
raw,D_s43,R04,15,376,0,54,322,0,0,0.9988399071925754,1,0,0.566482631700023,0.8199349411599809,0.6336553945249598,0.9188251618871416,0.566482631700023,0.8199349411599807
raw,D_s43,R04,16,418,0,71,347,0,0,0.9988399071925754,1,0,0.334111296018184,0.7586049297600606,0.6143402199943174,0.8713109404372866,0.33605958517676665,0.7599285461052907
raw,D_s43,R04,17,582,0,455,127,0,4,0.9988399071925754,2,1,0.618629402093969,0.3385747292445117,0.5606558795535173,0.2654428330010764,0.6204291771220906,0.3379216277529998
raw,D_s43,R04,18,243,0,102,141,0,0,0.9988399071925754,1,0,0.45205812821582536,0.5359190900481359,0.36983729662077597,0.5320095509220806,0.44927687387011545,0.5352483913612271
raw,D_s43,R04,19,277,0,166,111,0,0,0.9988399071925754,1,0,0.4792141539129491,0.4008725811773389,0.4914794312384674,0.4055591986915973,0.47574080104200583,0.3995587982970903
raw,C_s44,R04,01,411,0,111,300,11,20,0.9988399071925754,1,1,0.5437237237237237,0.7468037897636466,0.5912612612612613,0.768812632680955,0.5437237237237237,0.7468037897636466
raw,C_s44,R04,02,398,0,112,286,0,0,0.9988399071925754,1,0,0.42139110889110887,0.6735866224465608,0.5863823676323676,0.7571246913035643,0.42139110889110887,0.6735866224465608
raw,C_s44,R04,03,381,0,65,316,0,4,0.9988399071925754,1,1,0.6489532619279454,0.8851780404061368,0.4200584225900682,0.8296996123029137,0.581572541382668,0.858082792130264
raw,C_s44,R04,04,379,0,261,118,0,0,0.9988399071925754,1,0,0.5403435288005715,0.3155522207412139,0.5015423079420741,0.3154122786218931,0.5367069290213651,0.3118012726286139
raw,C_s44,R04,05,465,0,135,330,0,8,0.9988399071925754,1,1,0.7280920314253647,0.7907633057509725,0.4786195286195286,0.7186042271283789,0.7280920314253647,0.7907633057509726
raw,C_s44,R04,06,505,0,92,413,0,4,0.9988399071925754,1,1,0.630908516685967,0.8758145916662223,0.486419623118223,0.8309685536225773,0.5862722391830719,0.8579002638076602
raw,C_s44,R04,07,550,0,399,151,8,0,0.9988399071925754,2,0,0.5893126856877293,0.31523412893469915,0.4710534614682401,0.26821773339699806,0.5854619993692841,0.31634518413554735
raw,C_s44,R04,08,653,0,423,230,0,28,0.9988399071925754,3,2,0.848052215027238,0.729775333310876,0.25277006886627607,0.34645538794211267,0.848052215027238,0.7297753333108759
raw,C_s44,R04,09,334,0,128,206,4,4,0.9988399071925754,1,1,0.7381674757281553,0.7465103111327034,0.4717839805825243,0.6038698411496237,0.7381674757281553,0.7465103111327035
raw,C_s44,R04,10,223,0,88,135,0,0,0.9988399071925754,1,0,0.591919191919192,0.6039481443358936,0.8264309764309765,0.8895912354806226,0.591919191919192,0.6039481443358936
raw,C_s44,R04,11,424,0,298,126,0,0,0.9988399071925754,2,0,0.8047832108234793,0.5378167612417244,0.6776925535314796,0.4412336237698239,0.8047832108234793,0.5378167612417244
raw,C_s44,R04,12,686,0,462,224,0,20,0.9988399071925754,3,1,0.7588899196042053,0.6316220638769432,0.3648828849721707,0.2952211809510938,0.7587159863945578,0.6314829773544274
raw,C_s44,R04,13,464,0,89,375,0,8,0.9988399071925754,1,1,0.7580973782771535,0.8995113091206786,0.6539475655430711,0.8821239871867345,0.7580973782771535,0.8995113091206786
raw,C_s44,R04,14,385,0,65,320,0,0,0.9988399071925754,1,0,0.5941586538461539,0.8434237699529701,0.4724038461538462,0.8441940412528648,0.5941586538461539,0.8434237699529701
raw,C_s44,R04,15,376,0,54,322,0,0,0.9988399071925754,1,0,0.616632160110421,0.8406506581653682,0.6336553945249598,0.9188251618871416,0.616632160110421,0.8406506581653681
raw,C_s44,R04,16,418,0,71,347,3,5,0.9988399071925754,1,1,0.44370256118845636,0.7973169006393009,0.6143402199943174,0.8713109404372866,0.4495474286642043,0.8006830629305038
raw,C_s44,R04,17,582,0,455,127,0,8,0.9988399071925754,2,1,0.5002595829367482,0.2945838296580011,0.5606558795535173,0.2654428330010764,0.5035130224106602,0.299519762949884
raw,C_s44,R04,18,243,0,102,141,0,0,0.9988399071925754,1,0,0.4545612571269642,0.5363936273068608,0.36983729662077597,0.5320095509220806,0.45094562647754133,0.5348631809644792
raw,C_s44,R04,19,277,0,166,111,0,0,0.9988399071925754,1,0,0.4755237164875719,0.37238184716295397,0.4914794312384674,0.4055591986915973,0.46119613589493114,0.3636803141759855
raw,D_s44,R04,01,411,0,111,300,0,8,0.9988399071925754,1,1,0.4684984984984985,0.7033753152369706,0.5912612612612613,0.768812632680955,0.4684984984984985,0.7033753152369706
raw,D_s44,R04,02,398,0,112,286,0,0,0.9988399071925754,1,0,0.5110514485514486,0.6993743960725958,0.5863823676323676,0.7571246913035643,0.5130494505494505,0.7000255739978141
raw,D_s44,R04,03,381,0,65,316,0,0,0.9988399071925754,1,0,0.6765579357351509,0.881345574286494,0.4200584225900682,0.8296996123029137,0.6134615384615384,0.8454519618475784
raw,D_s44,R04,04,379,0,261,118,0,0,0.9988399071925754,1,0,0.5700857198519385,0.32173502723795183,0.5015423079420741,0.3154122786218931,0.561903370348724,0.3170531495678266
raw,D_s44,R04,05,465,0,135,330,0,8,0.9988399071925754,1,1,0.7423681257014589,0.8050485427379133,0.4786195286195286,0.7186042271283789,0.742368125701459,0.8050485427379133
raw,D_s44,R04,06,505,0,92,413,0,0,0.9988399071925754,1,0,0.6359616801768607,0.8798216978947686,0.486419623118223,0.8309685536225773,0.5880619012527635,0.8563346034115249
raw,D_s44,R04,07,550,0,399,151,0,0,0.9988399071925754,2,0,0.45955119587047083,0.2640365644372433,0.4710534614682401,0.26821773339699806,0.46141014788627194,0.26545113710331647
raw,D_s44,R04,08,653,0,423,230,4,20,0.9988399071925754,3,2,0.7791448247507452,0.6065754818482478,0.25277006886627607,0.34645538794211267,0.7791448247507452,0.6065754818482478
raw,D_s44,R04,09,334,0,128,206,0,4,0.9988399071925754,1,1,0.7850424757281553,0.7705242203610516,0.4717839805825243,0.6038698411496237,0.7850424757281553,0.7705242203610516
raw,D_s44,R04,10,223,0,88,135,0,0,0.9988399071925754,1,0,0.6087542087542088,0.6355503606214398,0.8264309764309765,0.8895912354806226,0.6087542087542088,0.6355503606214398
raw,D_s44,R04,11,424,0,298,126,0,0,0.9988399071925754,2,0,0.7500266325769681,0.43816293563228603,0.6776925535314796,0.4412336237698239,0.7500266325769681,0.43816293563228603
raw,D_s44,R04,12,686,0,462,224,0,8,0.9988399071925754,3,1,0.7417285095856525,0.601801096506734,0.3648828849721707,0.2952211809510938,0.7421730055658626,0.6018010965067341
raw,D_s44,R04,13,464,0,89,375,0,8,0.9988399071925754,1,1,0.7493483146067417,0.9049427374282314,0.6539475655430711,0.8821239871867345,0.7493483146067417,0.9049427374282313
raw,D_s44,R04,14,385,0,65,320,0,0,0.9988399071925754,1,0,0.5358894230769231,0.8244441469361016,0.4724038461538462,0.8441940412528648,0.5358894230769231,0.8244441469361016
raw,D_s44,R04,15,376,0,54,322,0,0,0.9988399071925754,1,0,0.577984817115252,0.831137161497076,0.6336553945249598,0.9188251618871416,0.5779848171152518,0.8311371614970761
raw,D_s44,R04,16,418,0,71,347,0,4,0.9988399071925754,1,1,0.27574379997564635,0.7463544896077163,0.6143402199943174,0.8713109404372866,0.2767179445549377,0.7473050280222319
raw,D_s44,R04,17,582,0,455,127,0,8,0.9988399071925754,2,1,0.5619364887081423,0.3223424535038686,0.5606558795535173,0.2654428330010764,0.5611058233105477,0.32186443852451274
raw,D_s44,R04,18,243,0,102,141,0,0,0.9988399071925754,1,0,0.4597065776665276,0.5246376467066112,0.36983729662077597,0.5320095509220806,0.45748157418995966,0.5235498566553471
raw,D_s44,R04,19,277,0,166,111,0,0,0.9988399071925754,1,0,0.4922392271789862,0.41268021028185,0.4914794312384674,0.4055591986915973,0.48681211331813745,0.40388570148734115
learned,A,R01,01,230,0,89,141,0,8,0.9792682926829268,1,1,0.4716312056737589,0.5998902695479938,0.48222965973384324,0.6302669213043908,0.468682763566818,0.6242274518917336
learned,A,R01,02,256,0,129,127,4,4,0.9792682926829268,1,1,0.5,0.49609375,0.7021607764145761,0.633902012248469,0.7021607764145761,0.633902012248469
learned,A,R01,03,409,0,214,195,4,4,0.9792682926829268,1,1,0.5,0.4767726161369193,0.602072849269111,0.5597245963912629,0.602072849269111,0.5597245963912629
learned,A,R01,04,191,0,101,90,0,8,0.9792682926829268,1,1,0.4777777777777778,0.46039576547737926,0.5467546754675467,0.5494469983634069,0.5467546754675467,0.5494469983634069
learned,A,R01,05,290,0,198,92,8,0,0.9792682926829268,1,0,0.5101010101010102,0.32167832167832167,0.5050505050505051,0.4423076923076923,0.5050505050505051,0.4423076923076923
learned,A,R01,06,233,0,13,220,0,8,0.9792682926829268,1,1,0.6538461538461539,0.9606986899563319,0.5835664335664336,0.9510351866356235,0.5835664335664336,0.9510351866356235
learned,A,R01,07,231,0,36,195,0,8,0.9792682926829268,1,1,0.4897435897435897,0.8414660229638203,0.8724358974358974,0.9583924139320615,0.8721509971509972,0.9581663680481209
learned,A,R01,08,235,0,41,194,0,8,0.9792682926829268,1,1,0.5384712094543626,0.8367678590926791,0.420165954236862,0.8033115238893861,0.4317324616545134,0.8101148410426762
learned,A,R01,09,229,0,229,0,8,0,0.9792682926829268,0,0,,,,,,
learned,A,R01,10,231,0,231,0,8,0,0.9792682926829268,0,0,,,,,,
learned,A,R01,11,232,0,232,0,8,0,0.9792682926829268,0,0,,,,,,
learned,A,R01,12,231,0,231,0,8,0,0.9792682926829268,0,0,,,,,,
learned,A,R01,13,229,0,229,0,8,0,0.9792682926829268,0,0,,,,,,
learned,A,R01,14,230,0,230,0,8,0,0.9792682926829268,0,0,,,,,,
learned,A,R01,15,228,0,228,0,8,0,0.9792682926829268,0,0,,,,,,
learned,B,R01,01,230,0,89,141,0,8,0.9804878048780488,1,1,0.5,0.6130434782608696,0.48222965973384324,0.6302669213043908,0.48222965973384324,0.6302669213043908
learned,B,R01,02,256,0,129,127,4,4,0.9804878048780488,1,1,0.5,0.49609375,0.7021607764145761,0.633902012248469,0.7021607764145761,0.633902012248469
learned,B,R01,03,409,0,214,195,4,4,0.9804878048780488,1,1,0.5,0.4767726161369193,0.602072849269111,0.5597245963912629,0.602072849269111,0.5597245963912629
learned,B,R01,04,191,0,101,90,0,8,0.9804878048780488,1,1,0.5,0.4712041884816754,0.5467546754675467,0.5494469983634069,0.5467546754675467,0.5494469983634069
learned,B,R01,05,290,0,198,92,8,0,0.9804878048780488,1,0,0.5,0.31724137931034485,0.5050505050505051,0.4423076923076923,0.5050505050505051,0.4423076923076923
learned,B,R01,06,233,0,13,220,0,8,0.9804878048780488,1,1,0.5,0.944206008583691,0.5835664335664336,0.9510351866356235,0.5835664335664336,0.9510351866356235
learned,B,R01,07,231,0,36,195,0,8,0.9804878048780488,1,1,0.5,0.8441558441558441,0.8724358974358974,0.9583924139320615,0.8724358974358974,0.9583924139320615
learned,B,R01,08,235,0,41,194,0,8,0.9804878048780488,1,1,0.5,0.825531914893617,0.420165954236862,0.8033115238893861,0.420165954236862,0.8033115238893861
learned,B,R01,09,229,0,229,0,8,0,0.9804878048780488,0,0,,,,,,
learned,B,R01,10,231,0,231,0,8,0,0.9804878048780488,0,0,,,,,,
learned,B,R01,11,232,0,232,0,8,0,0.9804878048780488,0,0,,,,,,
learned,B,R01,12,231,0,231,0,8,0,0.9804878048780488,0,0,,,,,,
learned,B,R01,13,229,0,229,0,8,0,0.9804878048780488,0,0,,,,,,
learned,B,R01,14,230,0,230,0,8,0,0.9804878048780488,0,0,,,,,,
learned,B,R01,15,228,0,228,0,8,0,0.9804878048780488,0,0,,,,,,
learned,C_s42,R01,01,230,0,89,141,0,8,0.9804878048780488,1,1,0.5,0.6130434782608696,0.48222965973384324,0.6302669213043908,0.48222965973384324,0.6302669213043908
learned,C_s42,R01,02,256,0,129,127,4,4,0.9804878048780488,1,1,0.5,0.49609375,0.7021607764145761,0.633902012248469,0.7021607764145761,0.633902012248469
learned,C_s42,R01,03,409,0,214,195,4,4,0.9804878048780488,1,1,0.5,0.4767726161369193,0.602072849269111,0.5597245963912629,0.602072849269111,0.5597245963912629
learned,C_s42,R01,04,191,0,101,90,0,8,0.9804878048780488,1,1,0.5,0.4712041884816754,0.5467546754675467,0.5494469983634069,0.5467546754675467,0.5494469983634069
learned,C_s42,R01,05,290,0,198,92,8,0,0.9804878048780488,1,0,0.5,0.31724137931034485,0.5050505050505051,0.4423076923076923,0.5050505050505051,0.4423076923076923
learned,C_s42,R01,06,233,0,13,220,0,8,0.9804878048780488,1,1,0.5,0.944206008583691,0.5835664335664336,0.9510351866356235,0.5835664335664336,0.9510351866356235
learned,C_s42,R01,07,231,0,36,195,0,8,0.9804878048780488,1,1,0.5,0.8441558441558441,0.8724358974358974,0.9583924139320615,0.8724358974358974,0.9583924139320615
learned,C_s42,R01,08,235,0,41,194,0,8,0.9804878048780488,1,1,0.5,0.825531914893617,0.420165954236862,0.8033115238893861,0.420165954236862,0.8033115238893861
learned,C_s42,R01,09,229,0,229,0,8,0,0.9804878048780488,0,0,,,,,,
learned,C_s42,R01,10,231,0,231,0,8,0,0.9804878048780488,0,0,,,,,,
learned,C_s42,R01,11,232,0,232,0,8,0,0.9804878048780488,0,0,,,,,,
learned,C_s42,R01,12,231,0,231,0,8,0,0.9804878048780488,0,0,,,,,,
learned,C_s42,R01,13,229,0,229,0,8,0,0.9804878048780488,0,0,,,,,,
learned,C_s42,R01,14,230,0,230,0,8,0,0.9804878048780488,0,0,,,,,,
learned,C_s42,R01,15,228,0,228,0,8,0,0.9804878048780488,0,0,,,,,,
learned,D_s42,R01,01,230,0,89,141,0,8,0.9768292682926829,1,1,0.5,0.6130434782608696,0.48222965973384324,0.6302669213043908,0.48222965973384324,0.6302669213043908
learned,D_s42,R01,02,256,0,129,127,4,4,0.9768292682926829,1,1,0.5,0.49609375,0.7021607764145761,0.633902012248469,0.7021607764145761,0.633902012248469
learned,D_s42,R01,03,409,0,214,195,4,4,0.9768292682926829,1,1,0.5,0.4767726161369193,0.602072849269111,0.5597245963912629,0.602072849269111,0.5597245963912629
learned,D_s42,R01,04,191,0,101,90,0,8,0.9768292682926829,1,1,0.5198019801980198,0.48128342245989303,0.5467546754675467,0.5494469983634069,0.5507150715071507,0.5532481679540502
learned,D_s42,R01,05,290,0,198,92,8,0,0.9768292682926829,1,0,0.5,0.31724137931034485,0.5050505050505051,0.4423076923076923,0.5050505050505051,0.4423076923076923
learned,D_s42,R01,06,233,0,13,220,0,8,0.9768292682926829,1,1,0.5,0.944206008583691,0.5835664335664336,0.9510351866356235,0.5835664335664336,0.9510351866356235
learned,D_s42,R01,07,231,0,36,195,0,8,0.9768292682926829,1,1,0.5,0.8441558441558441,0.8724358974358974,0.9583924139320615,0.8724358974358974,0.9583924139320615
learned,D_s42,R01,08,235,0,41,194,0,8,0.9768292682926829,1,1,0.4896907216494845,0.8225731130754163,0.420165954236862,0.8033115238893861,0.4174000502891627,0.8023804114636554
learned,D_s42,R01,09,229,0,229,0,8,0,0.9768292682926829,0,0,,,,,,
learned,D_s42,R01,10,231,0,231,0,8,0,0.9768292682926829,0,0,,,,,,
learned,D_s42,R01,11,232,0,232,0,8,0,0.9768292682926829,0,0,,,,,,
learned,D_s42,R01,12,231,0,231,0,8,0,0.9768292682926829,0,0,,,,,,
learned,D_s42,R01,13,229,0,229,0,8,0,0.9768292682926829,0,0,,,,,,
learned,D_s42,R01,14,230,0,230,0,8,0,0.9768292682926829,0,0,,,,,,
learned,D_s42,R01,15,228,0,228,0,8,0,0.9768292682926829,0,0,,,,,,
learned,C_s43,R01,01,230,0,89,141,0,8,0.9804878048780488,1,1,0.5,0.6130434782608696,0.48222965973384324,0.6302669213043908,0.48222965973384324,0.6302669213043908
learned,C_s43,R01,02,256,0,129,127,4,4,0.9804878048780488,1,1,0.5,0.49609375,0.7021607764145761,0.633902012248469,0.7021607764145761,0.633902012248469
learned,C_s43,R01,03,409,0,214,195,4,4,0.9804878048780488,1,1,0.5,0.4767726161369193,0.602072849269111,0.5597245963912629,0.602072849269111,0.5597245963912629
learned,C_s43,R01,04,191,0,101,90,0,8,0.9804878048780488,1,1,0.5,0.4712041884816754,0.5467546754675467,0.5494469983634069,0.5467546754675467,0.5494469983634069
learned,C_s43,R01,05,290,0,198,92,8,0,0.9804878048780488,1,0,0.5,0.31724137931034485,0.5050505050505051,0.4423076923076923,0.5050505050505051,0.4423076923076923
learned,C_s43,R01,06,233,0,13,220,0,8,0.9804878048780488,1,1,0.5,0.944206008583691,0.5835664335664336,0.9510351866356235,0.5835664335664336,0.9510351866356235
learned,C_s43,R01,07,231,0,36,195,0,8,0.9804878048780488,1,1,0.5,0.8441558441558441,0.8724358974358974,0.9583924139320615,0.8724358974358974,0.9583924139320615
learned,C_s43,R01,08,235,0,41,194,0,8,0.9804878048780488,1,1,0.5,0.825531914893617,0.420165954236862,0.8033115238893861,0.420165954236862,0.8033115238893861
learned,C_s43,R01,09,229,0,229,0,8,0,0.9804878048780488,0,0,,,,,,
learned,C_s43,R01,10,231,0,231,0,8,0,0.9804878048780488,0,0,,,,,,
learned,C_s43,R01,11,232,0,232,0,8,0,0.9804878048780488,0,0,,,,,,
learned,C_s43,R01,12,231,0,231,0,8,0,0.9804878048780488,0,0,,,,,,
learned,C_s43,R01,13,229,0,229,0,8,0,0.9804878048780488,0,0,,,,,,
learned,C_s43,R01,14,230,0,230,0,8,0,0.9804878048780488,0,0,,,,,,
learned,C_s43,R01,15,228,0,228,0,8,0,0.9804878048780488,0,0,,,,,,
learned,D_s43,R01,01,230,0,89,141,0,8,0.9817073170731707,1,1,0.5,0.6130434782608696,0.48222965973384324,0.6302669213043908,0.48222965973384324,0.6302669213043908
learned,D_s43,R01,02,256,0,129,127,4,4,0.9817073170731707,1,1,0.5,0.49609375,0.7021607764145761,0.633902012248469,0.7021607764145761,0.633902012248469
learned,D_s43,R01,03,409,0,214,195,4,4,0.9817073170731707,1,1,0.5093457943925234,0.48148148148148145,0.602072849269111,0.5597245963912629,0.602072849269111,0.5597245963912629
learned,D_s43,R01,04,191,0,101,90,0,8,0.9817073170731707,1,1,0.5594059405940595,0.5027932960893855,0.5467546754675467,0.5494469983634069,0.5586358635863586,0.562275945731828
learned,D_s43,R01,05,290,0,198,92,8,0,0.9817073170731707,1,0,0.5202020202020202,0.3262411347517731,0.5050505050505051,0.4423076923076923,0.5050505050505051,0.4423076923076923
learned,D_s43,R01,06,233,0,13,220,0,8,0.9817073170731707,1,1,0.5,0.944206008583691,0.5835664335664336,0.9510351866356235,0.5835664335664336,0.9510351866356235
learned,D_s43,R01,07,231,0,36,195,0,8,0.9817073170731707,1,1,0.5555555555555556,0.8590308370044053,0.8724358974358974,0.9583924139320615,0.8724358974358974,0.9583924139320615
learned,D_s43,R01,08,235,0,41,194,0,8,0.9817073170731707,1,1,0.5394769927080714,0.8370625998129518,0.420165954236862,0.8033115238893861,0.42896655770681413,0.8108041770632213
learned,D_s43,R01,09,229,0,229,0,8,0,0.9817073170731707,0,0,,,,,,
learned,D_s43,R01,10,231,0,231,0,8,0,0.9817073170731707,0,0,,,,,,
learned,D_s43,R01,11,232,0,232,0,8,0,0.9817073170731707,0,0,,,,,,
learned,D_s43,R01,12,231,0,231,0,8,0,0.9817073170731707,0,0,,,,,,
learned,D_s43,R01,13,229,0,229,0,8,0,0.9817073170731707,0,0,,,,,,
learned,D_s43,R01,14,230,0,230,0,8,0,0.9817073170731707,0,0,,,,,,
learned,D_s43,R01,15,228,0,228,0,8,0,0.9817073170731707,0,0,,,,,,
learned,C_s44,R01,01,230,0,89,141,0,8,0.9804878048780488,1,1,0.5,0.6130434782608696,0.48222965973384324,0.6302669213043908,0.48222965973384324,0.6302669213043908
learned,C_s44,R01,02,256,0,129,127,4,4,0.9804878048780488,1,1,0.5,0.49609375,0.7021607764145761,0.633902012248469,0.7021607764145761,0.633902012248469
learned,C_s44,R01,03,409,0,214,195,4,4,0.9804878048780488,1,1,0.5,0.4767726161369193,0.602072849269111,0.5597245963912629,0.602072849269111,0.5597245963912629
learned,C_s44,R01,04,191,0,101,90,0,8,0.9804878048780488,1,1,0.5,0.4712041884816754,0.5467546754675467,0.5494469983634069,0.5467546754675467,0.5494469983634069
learned,C_s44,R01,05,290,0,198,92,8,0,0.9804878048780488,1,0,0.5,0.31724137931034485,0.5050505050505051,0.4423076923076923,0.5050505050505051,0.4423076923076923
learned,C_s44,R01,06,233,0,13,220,0,8,0.9804878048780488,1,1,0.5,0.944206008583691,0.5835664335664336,0.9510351866356235,0.5835664335664336,0.9510351866356235
learned,C_s44,R01,07,231,0,36,195,0,8,0.9804878048780488,1,1,0.5,0.8441558441558441,0.8724358974358974,0.9583924139320615,0.8724358974358974,0.9583924139320615
learned,C_s44,R01,08,235,0,41,194,0,8,0.9804878048780488,1,1,0.5,0.825531914893617,0.420165954236862,0.8033115238893861,0.420165954236862,0.8033115238893861
learned,C_s44,R01,09,229,0,229,0,8,0,0.9804878048780488,0,0,,,,,,
learned,C_s44,R01,10,231,0,231,0,8,0,0.9804878048780488,0,0,,,,,,
learned,C_s44,R01,11,232,0,232,0,8,0,0.9804878048780488,0,0,,,,,,
learned,C_s44,R01,12,231,0,231,0,8,0,0.9804878048780488,0,0,,,,,,
learned,C_s44,R01,13,229,0,229,0,8,0,0.9804878048780488,0,0,,,,,,
learned,C_s44,R01,14,230,0,230,0,8,0,0.9804878048780488,0,0,,,,,,
learned,C_s44,R01,15,228,0,228,0,8,0,0.9804878048780488,0,0,,,,,,
learned,D_s44,R01,01,230,0,89,141,0,8,0.9817073170731707,1,1,0.5,0.6130434782608696,0.48222965973384324,0.6302669213043908,0.48222965973384324,0.6302669213043908
learned,D_s44,R01,02,256,0,129,127,4,4,0.9817073170731707,1,1,0.5,0.49609375,0.7021607764145761,0.633902012248469,0.7021607764145761,0.633902012248469
learned,D_s44,R01,03,409,0,214,195,4,4,0.9817073170731707,1,1,0.5093457943925234,0.48148148148148145,0.602072849269111,0.5597245963912629,0.6035585909417686,0.5620429724596391
learned,D_s44,R01,04,191,0,101,90,0,8,0.9817073170731707,1,1,0.5198019801980198,0.48128342245989303,0.5467546754675467,0.5494469983634069,0.5507150715071507,0.5532481679540502
learned,D_s44,R01,05,290,0,198,92,8,0,0.9817073170731707,1,0,0.5101010101010102,0.32167832167832167,0.5050505050505051,0.4423076923076923,0.5050505050505051,0.4423076923076923
learned,D_s44,R01,06,233,0,13,220,0,8,0.9817073170731707,1,1,0.5,0.944206008583691,0.5835664335664336,0.9510351866356235,0.5835664335664336,0.9510351866356235
learned,D_s44,R01,07,231,0,36,195,0,8,0.9817073170731707,1,1,0.5,0.8441558441558441,0.8724358974358974,0.9583924139320615,0.8724358974358974,0.9583924139320615
learned,D_s44,R01,08,235,0,41,194,0,8,0.9817073170731707,1,1,0.5394769927080714,0.8370625998129518,0.420165954236862,0.8033115238893861,0.42896655770681413,0.8108041770632213
learned,D_s44,R01,09,229,0,229,0,8,0,0.9817073170731707,0,0,,,,,,
learned,D_s44,R01,10,231,0,231,0,8,0,0.9817073170731707,0,0,,,,,,
learned,D_s44,R01,11,232,0,232,0,8,0,0.9817073170731707,0,0,,,,,,
learned,D_s44,R01,12,231,0,231,0,8,0,0.9817073170731707,0,0,,,,,,
learned,D_s44,R01,13,229,0,229,0,8,0,0.9817073170731707,0,0,,,,,,
learned,D_s44,R01,14,230,0,230,0,8,0,0.9817073170731707,0,0,,,,,,
learned,D_s44,R01,15,228,0,228,0,8,0,0.9817073170731707,0,0,,,,,,
learned,A,R02,01,583,0,583,0,8,0,0.9628712871287128,0,0,,,,,,
learned,A,R02,02,595,0,595,0,4,0,0.9628712871287128,0,0,,,,,,
learned,A,R02,03,573,0,277,296,0,40,0.9628712871287128,1,1,1.0,1.0,0.32632451946531377,0.4890155919561381,0.8116889452629525,0.8254393060592098
learned,A,R02,04,578,0,284,294,4,32,0.9628712871287128,1,1,0.9964309667528983,0.9967841840755389,0.3446392641563668,0.5065248230006816,0.7280588291654689,0.7511176197757811
learned,A,R02,05,583,0,279,304,5,39,0.9628712871287128,1,1,0.9969699113374835,0.9951531698280306,0.2958934634974533,0.506173951718675,0.4974651009243539,0.6543802918555423
learned,A,R02,06,604,0,298,306,0,24,0.9628712871287128,1,1,0.9858972671842786,0.9731380517690389,0.3507698381365969,0.46429652562779494,0.5868535333596525,0.630754382128803
learned,A,R02,07,536,0,422,114,8,12,0.9628712871287128,1,1,0.7900141348632245,0.40259625267592747,0.7056206867880601,0.32687487950645844,0.868088467614534,0.5282620695287557
learned,A,R02,08,784,0,590,194,4,0,0.9628712871287128,4,0,0.4301764808666783,0.2250350716403577,0.5415865804647912,0.2803943776613982,0.5229250393150445,0.2561161717898298
learned,A,R02,09,853,0,701,152,8,0,0.9628712871287128,2,0,0.5830204970343118,0.20315355103074378,0.5856154741346948,0.21253549270936314,0.6465200090096853,0.25132913563585757
learned,A,R02,10,612,0,300,312,0,4,0.9628712871287128,1,1,0.5522222222222223,0.505975235594117,0.49162393162393153,0.5084827453248506,0.534017094017094,0.5205022678686392
learned,A,R02,11,590,0,350,240,4,0,0.9628712871287128,1,0,0.5833571428571428,0.423456995105379,0.35714285714285715,0.40955631399317405,0.49116666666666664,0.3734170997735431
learned,A,R02,12,0,806,0,0,0,0,0.9628712871287128,0,0,,,,,,
learned,A,R02,13,0,609,0,0,0,0,0.9628712871287128,0,0,,,,,,
learned,A,R02,14,0,497,0,0,0,0,0.9628712871287128,0,0,,,,,,
learned,A,R02,15,815,0,415,400,0,4,0.9628712871287128,2,1,0.22860240963855422,0.34966699252784117,0.5847771084337349,0.5521975581087154,0.46627710843373493,0.4792223189257341
learned,B,R02,01,583,0,583,0,8,0,0.9592959295929593,0,0,,,,,,
learned,B,R02,02,595,0,595,0,4,0,0.9592959295929593,0,0,,,,,,
learned,B,R02,03,573,0,277,296,0,40,0.9592959295929593,1,1,1.0,1.0,0.32632451946531377,0.4890155919561381,0.774026734315543,0.8226911613295764
learned,B,R02,04,578,0,284,294,0,32,0.9592959295929593,1,1,0.9965746862125132,0.9976645843755478,0.3446392641563668,0.5065248230006816,0.7736178978633708,0.8162639864995374
learned,B,R02,05,583,0,279,304,1,39,0.9592959295929593,1,1,0.9958144689681192,0.9895583752608541,0.2958934634974533,0.506173951718675,0.484684493491794,0.654520087166418
learned,B,R02,06,604,0,298,306,4,24,0.9592959295929593,1,1,0.9897135588015966,0.9823712317511196,0.3507698381365969,0.46429652562779494,0.5902750361889723,0.6878391876953954
learned,B,R02,07,536,0,422,114,8,12,0.9592959295929593,1,1,0.8042321443418974,0.415992691973863,0.7056206867880601,0.32687487950645844,0.8740749979213437,0.5480587522954056
learned,B,R02,08,784,0,590,194,8,0,0.9592959295929593,4,0,0.3731784029355233,0.1908721572966231,0.5415865804647912,0.2803943776613982,0.5079154289708195,0.23721553070189003
learned,B,R02,09,853,0,701,152,8,0,0.9592959295929593,2,0,0.6022599294241309,0.2213670408785129,0.5856154741346948,0.21253549270936314,0.6837975824010812,0.28101333211150825
learned,B,R02,10,612,0,300,312,0,0,0.9592959295929593,1,0,0.5716239316239317,0.5302990234030316,0.49162393162393153,0.5084827453248506,0.5570085470085471,0.5359408546158915
learned,B,R02,11,590,0,350,240,4,0,0.9592959295929593,1,0,0.09930952380952382,0.25626996302124283,0.35714285714285715,0.40955631399317405,0.09892857142857142,0.25659987151999764
learned,B,R02,12,0,806,0,0,0,0,0.9592959295929593,0,0,,,,,,
learned,B,R02,13,0,609,0,0,0,0,0.9592959295929593,0,0,,,,,,
learned,B,R02,14,0,497,0,0,0,0,0.9592959295929593,0,0,,,,,,
learned,B,R02,15,815,0,415,400,0,4,0.9592959295929593,2,1,0.2883855421686747,0.3654477738093569,0.5847771084337349,0.5521975581087154,0.5052168674698795,0.4957894783817466
learned,C_s42,R02,01,583,0,583,0,12,0,0.9579207920792079,0,0,,,,,,
learned,C_s42,R02,02,595,0,595,0,8,0,0.9579207920792079,0,0,,,,,,
learned,C_s42,R02,03,573,0,277,296,0,40,0.9579207920792079,1,1,1.0,1.0,0.32632451946531377,0.4890155919561381,0.8009561908478876,0.8376191945295727
learned,C_s42,R02,04,578,0,284,294,4,32,0.9579207920792079,1,1,0.9969579381048195,0.9978443394592463,0.3446392641563668,0.5065248230006816,0.7632700967711028,0.8095701742239728
learned,C_s42,R02,05,583,0,279,304,1,39,0.9579207920792079,1,1,0.9956729862290133,0.9918508679200584,0.2958934634974533,0.506173951718675,0.49001367666478024,0.6773841292030602
learned,C_s42,R02,06,604,0,298,306,0,24,0.9579207920792079,1,1,0.9885730578584901,0.978715791236072,0.3507698381365969,0.46429652562779494,0.5905382287143045,0.6779101106820545
learned,C_s42,R02,07,536,0,422,114,8,12,0.9579207920792079,1,1,0.792924253762368,0.4229311810147422,0.7056206867880601,0.32687487950645844,0.869418807682714,0.5398714745603598
learned,C_s42,R02,08,784,0,590,194,8,0,0.9579207920792079,4,0,0.35395771448540975,0.18868552750160988,0.5415865804647912,0.2803943776613982,0.4946182072339682,0.22810149193485296
learned,C_s42,R02,09,853,0,701,152,8,0,0.9579207920792079,2,0,0.6279375328478114,0.23337561800412965,0.5856154741346948,0.21253549270936314,0.6724228545686612,0.2760578709037787
learned,C_s42,R02,10,612,0,300,312,0,4,0.9579207920792079,1,1,0.5582051282051282,0.532475937959028,0.49162393162393153,0.5084827453248506,0.5469230769230768,0.5369392785617775
learned,C_s42,R02,11,590,0,350,240,4,0,0.9579207920792079,1,0,0.08835714285714284,0.2531199216907172,0.35714285714285715,0.40955631399317405,0.0874047619047619,0.25367870602789755
learned,C_s42,R02,12,0,806,0,0,0,0,0.9579207920792079,0,0,,,,,,
learned,C_s42,R02,13,0,609,0,0,0,0,0.9579207920792079,0,0,,,,,,
learned,C_s42,R02,14,0,497,0,0,0,0,0.9579207920792079,0,0,,,,,,
learned,C_s42,R02,15,815,0,415,400,0,4,0.9579207920792079,2,1,0.34004819277108433,0.38597213311361495,0.5847771084337349,0.5521975581087154,0.5318433734939759,0.5110020261372361
learned,D_s42,R02,01,583,0,583,0,12,0,0.960946094609461,0,0,,,,,,
learned,D_s42,R02,02,595,0,595,0,4,0,0.960946094609461,0,0,,,,,,
learned,D_s42,R02,03,573,0,277,296,0,40,0.960946094609461,1,1,1.0,1.0,0.32632451946531377,0.4890155919561381,0.8224216996780174,0.8522405028232759
learned,D_s42,R02,04,578,0,284,294,0,32,0.960946094609461,1,1,0.9927900737759893,0.9912049612359607,0.3446392641563668,0.5065248230006816,0.7598687362268851,0.7738382065943481
learned,D_s42,R02,05,583,0,279,304,1,39,0.960946094609461,1,1,0.9942699490662139,0.9886652937524432,0.2958934634974533,0.506173951718675,0.6323806828900207,0.7029449101110149
learned,D_s42,R02,06,604,0,298,306,0,24,0.960946094609461,1,1,0.9823880335131817,0.9527932448909614,0.3507698381365969,0.46429652562779494,0.7281001886213097,0.7599646885374377
learned,D_s42,R02,07,536,0,422,114,8,4,0.960946094609461,1,1,0.7031262991602227,0.3255642144252994,0.7056206867880601,0.32687487950645844,0.8516255092708074,0.5008304319631651
learned,D_s42,R02,08,784,0,590,194,8,0,0.960946094609461,4,0,0.306884501135768,0.17862372173966518,0.5415865804647912,0.2803943776613982,0.3626594443473703,0.1880908839677146
learned,D_s42,R02,09,853,0,701,152,0,0,0.960946094609461,2,0,0.5509422629326526,0.18966051315705387,0.5856154741346948,0.21253549270936314,0.6647646219686163,0.2687248134508813
learned,D_s42,R02,10,612,0,300,312,0,0,0.960946094609461,1,0,0.5018803418803419,0.48273676038126456,0.49162393162393153,0.5084827453248506,0.5048717948717949,0.4996016996081852
learned,D_s42,R02,11,590,0,350,240,4,0,0.960946094609461,1,0,0.17745238095238094,0.2724474336073744,0.35714285714285715,0.40955631399317405,0.17602380952380953,0.27238095661664996
learned,D_s42,R02,12,0,806,0,0,0,0,0.960946094609461,0,0,,,,,,
learned,D_s42,R02,13,0,609,0,0,0,0,0.960946094609461,0,0,,,,,,
learned,D_s42,R02,14,0,497,0,0,0,0,0.960946094609461,0,0,,,,,,
learned,D_s42,R02,15,815,0,415,400,0,4,0.960946094609461,2,1,0.30375903614457833,0.37270940427370686,0.5847771084337349,0.5521975581087154,0.44813253012048193,0.47110687740445506
learned,C_s43,R02,01,583,0,583,0,16,0,0.955995599559956,0,0,,,,,,
learned,C_s43,R02,02,595,0,595,0,8,0,0.955995599559956,0,0,,,,,,
learned,C_s43,R02,03,573,0,277,296,0,40,0.955995599559956,1,1,1.0,1.0,0.32632451946531377,0.4890155919561381,0.8009561908478876,0.8376191945295728
learned,C_s43,R02,04,578,0,284,294,4,32,0.955995599559956,1,1,0.9968621251317428,0.9977981105800655,0.3446392641563668,0.5065248230006816,0.7631742837980262,0.8095381737119646
learned,C_s43,R02,05,583,0,279,304,1,39,0.955995599559956,1,1,0.9958380494246368,0.9908645689796087,0.2958934634974533,0.506173951718675,0.4675650820599888,0.6464021013412008
learned,C_s43,R02,06,604,0,298,306,0,24,0.955995599559956,1,1,0.9891871737509322,0.978102495032358,0.3507698381365969,0.46429652562779494,0.5976444268982761,0.6698921577206375
learned,C_s43,R02,07,536,0,422,114,8,12,0.955995599559956,1,1,0.7947534713561154,0.4219168615206546,0.7056206867880601,0.32687487950645844,0.8694188076827138,0.5372301764927444
learned,C_s43,R02,08,784,0,590,194,8,0,0.955995599559956,4,0,0.3434737026035296,0.18567535081965322,0.5415865804647912,0.2803943776613982,0.49143805696313125,0.22762862646491577
learned,C_s43,R02,09,853,0,701,152,4,0,0.955995599559956,2,0,0.6411141977625948,0.24000338214801398,0.5856154741346948,0.21253549270936314,0.6805503416172385,0.28285487797215847
learned,C_s43,R02,10,612,0,300,312,0,0,0.955995599559956,1,0,0.5461538461538462,0.5218949812493281,0.49162393162393153,0.5084827453248506,0.5367521367521367,0.5319907661445011
learned,C_s43,R02,11,590,0,350,240,4,0,0.955995599559956,1,0,0.10950000000000001,0.2554832227845716,0.35714285714285715,0.40955631399317405,0.10378571428571431,0.2550570699309949
learned,C_s43,R02,12,0,806,0,0,0,0,0.955995599559956,0,0,,,,,,
learned,C_s43,R02,13,0,609,0,0,0,0,0.955995599559956,0,0,,,,,,
learned,C_s43,R02,14,0,497,0,0,0,0,0.955995599559956,0,0,,,,,,
learned,C_s43,R02,15,815,0,415,400,0,4,0.955995599559956,2,1,0.3340722891566265,0.3852339718225084,0.5847771084337349,0.5521975581087154,0.5246626506024097,0.5068568760322418
learned,D_s43,R02,01,583,0,583,0,12,0,0.9647964796479649,0,0,,,,,,
learned,D_s43,R02,02,595,0,595,0,4,0,0.9647964796479649,0,0,,,,,,
learned,D_s43,R02,03,573,0,277,296,0,40,0.9647964796479649,1,1,1.0,1.0,0.32632451946531377,0.4890155919561381,0.732656844570202,0.7909674262199526
learned,D_s43,R02,04,578,0,284,294,0,16,0.9647964796479649,1,1,0.9950895851298265,0.9967729011493467,0.3446392641563668,0.5065248230006816,0.6844639264156367,0.7296520899854914
learned,D_s43,R02,05,583,0,279,304,1,39,0.9647964796479649,1,1,0.9952603282399548,0.9882292782915669,0.2958934634974533,0.506173951718675,0.571165817770232,0.6612656235354436
learned,D_s43,R02,06,604,0,298,306,0,24,0.9647964796479649,1,1,0.9813791288327413,0.9556104010214322,0.3507698381365969,0.46429652562779494,0.6723033732508663,0.6978088534863838
learned,D_s43,R02,07,536,0,422,114,4,4,0.9647964796479649,1,1,0.7295668080152989,0.3354349899342157,0.7056206867880601,0.32687487950645844,0.8619356447992018,0.5187125729111475
learned,D_s43,R02,08,784,0,590,194,8,0,0.9647964796479649,4,0,0.32243578542722345,0.19491587091591997,0.5415865804647912,0.2803943776613982,0.4289183994408527,0.20654546421731534
learned,D_s43,R02,09,853,0,701,152,0,0,0.9647964796479649,2,0,0.5428335460620166,0.18697813261279606,0.5856154741346948,0.21253549270936314,0.6295517681507621,0.2562456173326137
learned,D_s43,R02,10,612,0,300,312,0,0,0.9647964796479649,1,0,0.5258974358974359,0.49793367423676627,0.49162393162393153,0.5084827453248506,0.53,0.5086887216968713
learned,D_s43,R02,11,590,0,350,240,4,0,0.9647964796479649,1,0,0.21540476190476193,0.2800245657208026,0.35714285714285715,0.40955631399317405,0.19873809523809524,0.276632837300294
learned,D_s43,R02,12,0,806,0,0,0,0,0.9647964796479649,0,0,,,,,,
learned,D_s43,R02,13,0,609,0,0,0,0,0.9647964796479649,0,0,,,,,,
learned,D_s43,R02,14,0,497,0,0,0,0,0.9647964796479649,0,0,,,,,,
learned,D_s43,R02,15,815,0,415,400,0,4,0.9647964796479649,2,1,0.3185301204819277,0.37564174936581785,0.5847771084337349,0.5521975581087154,0.45273493975903617,0.4680837038178473
learned,C_s44,R02,01,583,0,583,0,12,0,0.9587458745874587,0,0,,,,,,
learned,C_s44,R02,02,595,0,595,0,8,0,0.9587458745874587,0,0,,,,,,
learned,C_s44,R02,03,573,0,277,296,0,40,0.9587458745874587,1,1,1.0,1.0,0.32632451946531377,0.4890155919561381,0.8009561908478876,0.8376191945295727
learned,C_s44,R02,04,578,0,284,294,4,32,0.9587458745874587,1,1,0.9968621251317429,0.9977981105800655,0.3446392641563668,0.5065248230006816,0.7630784708249497,0.8094612710135659
learned,C_s44,R02,05,583,0,279,304,1,39,0.9587458745874587,1,1,0.9959795321637427,0.9912980978113471,0.2958934634974533,0.506173951718675,0.4802985285795133,0.6629979879080697
learned,C_s44,R02,06,604,0,298,306,0,24,0.9587458745874587,1,1,0.9892749045927095,0.9786486064703195,0.3507698381365969,0.46429652562779494,0.5917664604991885,0.6687378591722536
learned,C_s44,R02,07,536,0,422,114,8,12,0.9587458745874587,1,1,0.8046478756132036,0.4424645738139664,0.7056206867880601,0.32687487950645844,0.8763199467863972,0.5556866738064924
learned,C_s44,R02,08,784,0,590,194,8,0,0.9587458745874587,4,0,0.3382491700157261,0.18466104401689942,0.5415865804647912,0.2803943776613982,0.48492049624322914,0.2248789552946019
learned,C_s44,R02,09,853,0,701,152,4,0,0.9587458745874587,2,0,0.6381109692919888,0.24309259659744625,0.5856154741346948,0.21253549270936314,0.6746189653877919,0.282281041951451
learned,C_s44,R02,10,612,0,300,312,0,0,0.9587458745874587,1,0,0.555128205128205,0.5290369414024931,0.49162393162393153,0.5084827453248506,0.5435042735042735,0.5360196741084947
learned,C_s44,R02,11,590,0,350,240,4,0,0.9587458745874587,1,0,0.09550000000000002,0.25401734277343535,0.35714285714285715,0.40955631399317405,0.09102380952380953,0.2538483427723408
learned,C_s44,R02,12,0,806,0,0,0,0,0.9587458745874587,0,0,,,,,,
learned,C_s44,R02,13,0,609,0,0,0,0,0.9587458745874587,0,0,,,,,,
learned,C_s44,R02,14,0,497,0,0,0,0,0.9587458745874587,0,0,,,,,,
learned,C_s44,R02,15,815,0,415,400,0,4,0.9587458745874587,2,1,0.33590361445783135,0.3850887769889025,0.5847771084337349,0.5521975581087154,0.5291204819277109,0.509146059065823
learned,D_s44,R02,01,583,0,583,0,12,0,0.9598530820824018,0,0,,,,,,
learned,D_s44,R02,02,595,0,595,0,8,0,0.9598530820824018,0,0,,,,,,
learned,D_s44,R02,03,573,0,277,296,0,40,0.9598530820824018,1,1,1.0,1.0,0.32632451946531377,0.4890155919561381,0.7810518099326763,0.8319469797662716
learned,D_s44,R02,04,578,0,284,294,4,32,0.9598530820824018,1,1,0.9939398294529079,0.9953153523783442,0.3446392641563668,0.5065248230006816,0.7257114113250934,0.7384165675970344
learned,D_s44,R02,05,583,0,279,304,1,39,0.9598530820824018,1,1,0.9950009432182607,0.9887202936912115,0.2958934634974533,0.506173951718675,0.6031409168081494,0.6874298794318859
learned,D_s44,R02,06,604,0,298,306,0,24,0.9598530820824018,1,1,0.9837478615607317,0.9655447809811365,0.3507698381365969,0.46429652562779494,0.7016054744045269,0.7295386180309418
learned,D_s44,R02,07,536,0,422,114,8,4,0.9598530820824018,1,1,0.7182589174357695,0.32795267257950456,0.7056206867880601,0.32687487950645844,0.8685873451401014,0.5252184116801486
learned,D_s44,R02,08,784,0,590,194,8,0,0.9598530820824018,4,0,0.3616984099248646,0.2028143339279072,0.5415865804647912,0.2803943776613982,0.4477022540625546,0.2134607072998207
learned,D_s44,R02,09,853,0,701,152,0,0,0.9598530820824018,2,0,0.5327539605075455,0.18253221496850583,0.5856154741346948,0.21253549270936314,0.6387116149861102,0.2544294049600316
learned,D_s44,R02,10,612,0,300,312,0,0,0.9598530820824018,1,0,0.5081196581196581,0.4915466731440604,0.49162393162393153,0.5084827453248506,0.5082905982905983,0.5049083220963739
learned,D_s44,R02,11,590,0,350,240,4,0,0.9598530820824018,1,0,0.2780714285714286,0.29912836535194165,0.35714285714285715,0.40955631399317405,0.2638809523809524,0.295959316208684
learned,D_s44,R02,12,0,806,0,0,0,0,0.9598530820824018,0,0,,,,,,
learned,D_s44,R02,13,0,609,0,0,0,0,0.9598530820824018,0,0,,,,,,
learned,D_s44,R02,14,0,497,0,0,0,0,0.9598530820824018,0,0,,,,,,
learned,D_s44,R02,15,815,0,415,400,0,4,0.9598530820824018,2,1,0.26720481927710843,0.35952201749627394,0.5847771084337349,0.5521975581087154,0.3806385542168675,0.4362662520908911
learned,A,R03,01,720,0,0,720,0,704,0.9964664310954063,1,1,,1.0,,0.9999999999999999,,1.0
learned,A,R03,02,676,0,0,676,0,68,0.9964664310954063,1,1,,1.0,,1.0,,1.0
learned,A,R03,03,674,0,0,674,0,12,0.9964664310954063,1,1,,0.9999999999999999,,0.9999999999999999,,0.9999999999999999
learned,A,R03,04,683,0,0,683,0,36,0.9964664310954063,1,1,,1.0,,1.0,,1.0
learned,A,R03,05,574,0,515,59,4,0,0.9964664310954063,1,0,0.48581536942570347,0.1573374361415507,0.468438374197795,0.1447814451382694,0.47344084252098073,0.12681064035060907
learned,A,R03,06,582,0,131,451,0,52,0.9964664310954063,1,1,0.24744841827321812,0.7161949340215943,0.6872344747042196,0.8582273916479336,0.2606506321829353,0.7233014113198866
learned,A,R03,07,686,0,269,417,8,56,0.9964664310954063,1,1,0.5419619694578909,0.6830087353460128,0.5546833908338015,0.6487091851445531,0.5424611983275833,0.6854493360569334
learned,A,R03,08,695,0,290,405,4,60,0.9964664310954063,1,1,0.40565772669220945,0.6262024281473313,0.4651681566624095,0.699728694350486,0.39762026394210304,0.6252580563497055
learned,A,R03,09,712,0,620,92,8,0,0.9964664310954063,1,0,0.8757363253856942,0.37833238636338085,0.45161290322580644,0.16428571428571428,0.8695652173913044,0.36507776810278125
learned,A,R03,10,647,0,445,202,4,12,0.9964664310954063,1,1,0.6889364779174547,0.5317277078132803,0.21911781065747027,0.2862100984593016,0.6852875737011903,0.5330321126807664
learned,A,R03,11,706,0,490,216,0,30,0.9964664310954063,1,1,0.7490362811791383,0.5425948125710365,0.414644746787604,0.5381298703911017,0.7435185185185186,0.5372353348815007
learned,A,R03,12,841,0,670,171,16,0,0.9964664310954063,2,0,0.49127607576154314,0.1855996381620455,0.48208955223880595,0.26348228043143296,0.49127607576154314,0.1855996381620455
learned,A,R03,13,766,0,664,102,60,4,0.9964664310954063,1,1,0.5111918261280416,0.18525931039955656,0.08584337349397592,0.1345646437994723,0.414983463264824,0.11155069068380148
learned,A,R03,14,908,0,780,128,168,0,0.9964664310954063,2,0,0.5002203525641026,0.1503208445680968,0.33014823717948716,0.13169273531363102,0.39296875,0.11305566456047092
learned,A,R03,15,692,0,620,72,4,52,0.9964664310954063,1,1,0.6924731182795698,0.45484553348207923,0.9930107526881721,0.9432344715155322,0.8813620071684588,0.7863613679089869
learned,A,R03,16,730,0,730,0,76,0,0.9964664310954063,0,0,,,,,,
learned,A,R03,17,713,0,713,0,173,0,0.9964664310954063,0,0,,,,,,
learned,B,R03,01,720,0,0,720,0,360,0.9964664310954063,1,1,,0.9999999999999999,,0.9999999999999999,,0.9999999999999999
learned,B,R03,02,676,0,0,676,0,80,0.9964664310954063,1,1,,1.0,,1.0,,0.9999999999999999
learned,B,R03,03,674,0,0,674,0,86,0.9964664310954063,1,1,,0.9999999999999999,,0.9999999999999999,,1.0
learned,B,R03,04,683,0,0,683,0,67,0.9964664310954063,1,1,,1.0,,1.0,,1.0
learned,B,R03,05,574,0,515,59,4,0,0.9964664310954063,1,0,0.6990784926773078,0.35880962029215835,0.468438374197795,0.1447814451382694,0.6778838242553892,0.21606606813320411
learned,B,R03,06,582,0,131,451,0,58,0.9964664310954063,1,1,0.950754049525228,0.98779192200611,0.6872344747042196,0.8582273916479336,0.950754049525228,0.9877919220061099
learned,B,R03,07,686,0,269,417,0,66,0.9964664310954063,1,1,0.8439419468142958,0.8821381424871181,0.5546833908338015,0.6487091851445531,0.8439419468142958,0.8821381424871182
learned,B,R03,08,695,0,290,405,7,52,0.9964664310954063,1,1,0.6239548744146445,0.6844743190333089,0.4651681566624095,0.699728694350486,0.6187100893997446,0.6797428778281871
learned,B,R03,09,712,0,620,92,0,0,0.9964664310954063,1,0,0.9720897615708275,0.741558567839545,0.45161290322580644,0.16428571428571428,0.9594670406732119,0.6675833644522989
learned,B,R03,10,647,0,445,202,0,31,0.9964664310954063,1,1,0.9627600400489487,0.9246456707682278,0.21911781065747027,0.2862100984593016,0.9503893647791745,0.8775680762784555
learned,B,R03,11,706,0,490,216,0,30,0.9964664310954063,1,1,0.8183484504913077,0.611335155925556,0.414644746787604,0.5381298703911017,0.8199357520786092,0.6159886744243468
learned,B,R03,12,841,0,670,171,0,0,0.9964664310954063,2,0,0.22658200226935496,0.13432018453843123,0.48208955223880595,0.26348228043143296,0.22476651828576416,0.13403575342599242
learned,B,R03,13,766,0,664,102,86,0,0.9964664310954063,1,0,0.6509862981337113,0.2045932017652513,0.08584337349397592,0.1345646437994723,0.5530652019844082,0.14532799526480533
learned,B,R03,14,908,0,780,128,136,4,0.9964664310954063,2,1,0.5122596153846154,0.16401761251398075,0.33014823717948716,0.13169273531363102,0.42588141025641024,0.11778386307824104
learned,B,R03,15,692,0,620,72,0,52,0.9964664310954063,1,1,0.6229390681003584,0.43908968313509544,0.9930107526881721,0.9432344715155322,0.9310035842293907,0.8189045450571808
learned,B,R03,16,730,0,730,0,50,0,0.9964664310954063,0,0,,,,,,
learned,B,R03,17,713,0,713,0,81,0,0.9964664310954063,0,0,,,,,,
learned,C_s42,R03,01,720,0,0,720,0,324,0.9964664310954063,1,1,,1.0,,0.9999999999999999,,1.0
learned,C_s42,R03,02,676,0,0,676,0,104,0.9964664310954063,1,1,,1.0,,1.0,,1.0
learned,C_s42,R03,03,674,0,0,674,0,40,0.9964664310954063,1,1,,1.0,,0.9999999999999999,,1.0
learned,C_s42,R03,04,683,0,0,683,0,35,0.9964664310954063,1,1,,1.0,,1.0,,1.0
learned,C_s42,R03,05,574,0,515,59,4,0,0.9964664310954063,1,0,0.5985683725522463,0.30665416303366555,0.468438374197795,0.1447814451382694,0.5821128846470298,0.1960936959684725
learned,C_s42,R03,06,582,0,131,451,0,64,0.9964664310954063,1,1,0.945879385927794,0.9853851167766163,0.6872344747042196,0.8582273916479336,0.9458793859277941,0.9853851167766161
learned,C_s42,R03,07,686,0,269,417,0,50,0.9964664310954063,1,1,0.7937159566027475,0.8488549269935894,0.5546833908338015,0.6487091851445531,0.7937159566027475,0.8488549269935894
learned,C_s42,R03,08,695,0,290,405,0,52,0.9964664310954063,1,1,0.5677437207322265,0.7021682915093584,0.4651681566624095,0.699728694350486,0.5602171136653895,0.6964972625525475
learned,C_s42,R03,09,712,0,620,92,0,0,0.9964664310954063,1,0,0.9740532959326789,0.7266862705811636,0.45161290322580644,0.16428571428571428,0.9632538569424964,0.6728754940711462
learned,C_s42,R03,10,647,0,445,202,0,12,0.9964664310954063,1,1,0.9681888975414396,0.9037031588424651,0.21911781065747027,0.2862100984593016,0.9601123595505618,0.8834278078904025
learned,C_s42,R03,11,706,0,490,216,0,30,0.9964664310954063,1,1,0.8537226001511716,0.6533262580481801,0.414644746787604,0.5381298703911017,0.8513038548752835,0.6496362150036759
learned,C_s42,R03,12,841,0,670,171,0,0,0.9964664310954063,2,0,0.26187920048878416,0.13717815799718056,0.48208955223880595,0.26348228043143296,0.2606572401152134,0.13704060737849877
learned,C_s42,R03,13,766,0,664,102,82,0,0.9964664310954063,1,0,0.6270080321285141,0.21586688689167913,0.08584337349397592,0.1345646437994723,0.5345204346798961,0.1477368125591767
learned,C_s42,R03,14,908,0,780,128,136,4,0.9964664310954063,2,1,0.4160657051282052,0.14924820632244873,0.33014823717948716,0.13169273531363102,0.31658653846153845,0.09988883488419163
learned,C_s42,R03,15,692,0,620,72,0,52,0.9964664310954063,1,1,0.653942652329749,0.4333139824190995,0.9930107526881721,0.9432344715155322,0.9252688172043011,0.8066206305397606
learned,C_s42,R03,16,730,0,730,0,24,0,0.9964664310954063,0,0,,,,,,
learned,C_s42,R03,17,713,0,713,0,45,0,0.9964664310954063,0,0,,,,,,
learned,D_s42,R03,01,720,0,0,720,0,556,0.9964664310954063,1,1,,1.0,,0.9999999999999999,,1.0
learned,D_s42,R03,02,676,0,0,676,0,200,0.9964664310954063,1,1,,1.0000000000000002,,1.0,,1.0000000000000002
learned,D_s42,R03,03,674,0,0,674,0,64,0.9964664310954063,1,1,,0.9999999999999999,,0.9999999999999999,,0.9999999999999999
learned,D_s42,R03,04,683,0,0,683,0,56,0.9964664310954063,1,1,,1.0,,1.0,,1.0
learned,D_s42,R03,05,574,0,515,59,128,16,0.9964664310954063,1,1,0.43848938621030115,0.15866836334524853,0.468438374197795,0.1447814451382694,0.43309198617739014,0.12427580845770175
learned,D_s42,R03,06,582,0,131,451,24,322,0.9964664310954063,1,1,0.7593896514954046,0.9104375430371028,0.6872344747042196,0.8582273916479336,0.7681234237741406,0.9132411902424304
learned,D_s42,R03,07,686,0,269,417,101,353,0.9964664310954063,1,1,0.769476612018935,0.7829564463194604,0.5546833908338015,0.6487091851445531,0.773791375821276,0.7870317755542751
learned,D_s42,R03,08,695,0,290,405,29,119,0.9964664310954063,1,1,0.7223031077054066,0.7810592356507167,0.4651681566624095,0.699728694350486,0.7223031077054066,0.7810592356507167
learned,D_s42,R03,09,712,0,620,92,44,92,0.9964664310954063,1,1,0.9691444600280504,0.6989638664830481,0.45161290322580644,0.16428571428571428,0.9691444600280504,0.6989638664830481
learned,D_s42,R03,10,647,0,445,202,73,202,0.9964664310954063,1,1,0.9355768161085772,0.8000514337148,0.21911781065747027,0.2862100984593016,0.9355768161085772,0.8000514337148
learned,D_s42,R03,11,706,0,490,216,16,26,0.9964664310954063,1,1,0.5095804988662131,0.3852875756644452,0.414644746787604,0.5381298703911017,0.5309712773998488,0.41155226605398715
learned,D_s42,R03,12,841,0,670,171,24,0,0.9964664310954063,2,0,0.6062974600680807,0.2425172901874213,0.48208955223880595,0.26348228043143296,0.6062974600680807,0.2425172901874213
learned,D_s42,R03,13,766,0,664,102,88,48,0.9964664310954063,1,1,0.6059827545476022,0.37223154859583496,0.08584337349397592,0.1345646437994723,0.5362331679659816,0.24290271351993264
learned,D_s42,R03,14,908,0,780,128,160,0,0.9964664310954063,2,0,0.4385616987179487,0.13687609485504276,0.33014823717948716,0.13169273531363102,0.3225761217948718,0.10204939710897151
learned,D_s42,R03,15,692,0,620,72,16,52,0.9964664310954063,1,1,0.4682795698924731,0.3849332938055337,0.9930107526881721,0.9432344715155322,0.8342293906810035,0.7693001378744176
learned,D_s42,R03,16,730,0,730,0,104,0,0.9964664310954063,0,0,,,,,,
learned,D_s42,R03,17,713,0,713,0,141,0,0.9964664310954063,0,0,,,,,,
learned,C_s43,R03,01,720,0,0,720,0,336,0.9964664310954063,1,1,,1.0,,0.9999999999999999,,1.0
learned,C_s43,R03,02,676,0,0,676,0,120,0.9964664310954063,1,1,,0.9999999999999999,,1.0,,0.9999999999999999
learned,C_s43,R03,03,674,0,0,674,0,40,0.9964664310954063,1,1,,1.0000000000000002,,0.9999999999999999,,0.9999999999999999
learned,C_s43,R03,04,683,0,0,683,0,35,0.9964664310954063,1,1,,1.0,,1.0,,1.0
learned,C_s43,R03,05,574,0,515,59,4,0,0.9964664310954063,1,0,0.6360210630245187,0.34105163291488694,0.468438374197795,0.1447814451382694,0.6215402336679282,0.220566400158911
learned,C_s43,R03,06,582,0,131,451,0,76,0.9964664310954063,1,1,0.9366039843604543,0.9826667228994954,0.6872344747042196,0.8582273916479336,0.9366039843604543,0.9826667228994954
learned,C_s43,R03,07,686,0,269,417,0,50,0.9964664310954063,1,1,0.7857461242901589,0.8485441560895589,0.5546833908338015,0.6487091851445531,0.7857461242901589,0.8485441560895588
learned,C_s43,R03,08,695,0,290,405,0,52,0.9964664310954063,1,1,0.6126479352916135,0.7189930306689112,0.4651681566624095,0.699728694350486,0.6041677309493402,0.7127325087582038
learned,C_s43,R03,09,712,0,620,92,0,0,0.9964664310954063,1,0,0.9681626928471248,0.7187826652351031,0.45161290322580644,0.16428571428571428,0.9580645161290322,0.6601589200273411
learned,C_s43,R03,10,647,0,445,202,0,12,0.9964664310954063,1,1,0.9643842474135054,0.8960999675164114,0.21911781065747027,0.2862100984593016,0.9558627211035711,0.8734112246958841
learned,C_s43,R03,11,706,0,490,216,0,30,0.9964664310954063,1,1,0.8706916099773243,0.675180448519557,0.414644746787604,0.5381298703911017,0.865854119425548,0.6677603230919245
learned,C_s43,R03,12,841,0,670,171,0,0,0.9964664310954063,2,0,0.24747752465741465,0.1373018456423321,0.48208955223880595,0.26348228043143296,0.24485903814262022,0.13689420897792096
learned,C_s43,R03,13,766,0,664,102,76,0,0.9964664310954063,1,0,0.633858965272856,0.2301718827159603,0.08584337349397592,0.1345646437994723,0.5476317032837231,0.15335043480700927
learned,C_s43,R03,14,908,0,780,128,136,4,0.9964664310954063,2,1,0.4116786858974359,0.14794925089604186,0.33014823717948716,0.13169273531363102,0.3120392628205128,0.09924839434887579
learned,C_s43,R03,15,692,0,620,72,0,52,0.9964664310954063,1,1,0.6482078853046596,0.4330794783864744,0.9930107526881721,0.9432344715155322,0.9206093189964158,0.8035107067365131
learned,C_s43,R03,16,730,0,730,0,24,0,0.9964664310954063,0,0,,,,,,
learned,C_s43,R03,17,713,0,713,0,29,0,0.9964664310954063,0,0,,,,,,
learned,D_s43,R03,01,720,0,0,720,0,508,0.9964664310954063,1,1,,1.0,,0.9999999999999999,,1.0
learned,D_s43,R03,02,676,0,0,676,0,208,0.9964664310954063,1,1,,1.0,,1.0,,1.0
learned,D_s43,R03,03,674,0,0,674,0,44,0.9964664310954063,1,1,,0.9999999999999999,,0.9999999999999999,,0.9999999999999999
learned,D_s43,R03,04,683,0,0,683,0,36,0.9964664310954063,1,1,,1.0,,1.0,,1.0
learned,D_s43,R03,05,574,0,515,59,8,8,0.9964664310954063,1,1,0.46152706927760406,0.16544747561946987,0.468438374197795,0.1447814451382694,0.4542866545993089,0.16336519012514564
learned,D_s43,R03,06,582,0,131,451,0,174,0.9964664310954063,1,1,0.9123322218648974,0.9782305433430418,0.6872344747042196,0.8582273916479336,0.9199150319053503,0.9801809943769318
learned,D_s43,R03,07,686,0,269,417,0,70,0.9964664310954063,1,1,0.9207162151319837,0.9229316476260637,0.5546833908338015,0.6487091851445531,0.9217325024738573,0.9242843395066188
learned,D_s43,R03,08,695,0,290,405,8,88,0.9964664310954063,1,1,0.6298212005108557,0.7550831120636355,0.4651681566624095,0.699728694350486,0.6298212005108557,0.7550831120636355
learned,D_s43,R03,09,712,0,620,92,36,92,0.9964664310954063,1,1,0.9739130434782609,0.7406981605351171,0.45161290322580644,0.16428571428571428,0.9739130434782609,0.7406981605351171
learned,D_s43,R03,10,647,0,445,202,32,144,0.9964664310954063,1,1,0.9381799977750584,0.7969724807532301,0.21911781065747027,0.2862100984593016,0.9381799977750584,0.7969724807532301
learned,D_s43,R03,11,706,0,490,216,8,30,0.9964664310954063,1,1,0.8491118669690098,0.6595927223509004,0.414644746787604,0.5381298703911017,0.8469954648526077,0.6630409951635066
learned,D_s43,R03,12,841,0,670,171,16,0,0.9964664310954063,2,0,0.4015143580343895,0.16352523072143227,0.48208955223880595,0.26348228043143296,0.4015143580343895,0.16352523072143227
learned,D_s43,R03,13,766,0,664,102,76,32,0.9964664310954063,1,1,0.5993680604772029,0.3347714448562569,0.08584337349397592,0.1345646437994723,0.49684030238601473,0.20003376117450972
learned,D_s43,R03,14,908,0,780,128,144,0,0.9964664310954063,2,0,0.40675080128205127,0.12950529495957233,0.33014823717948716,0.13169273531363102,0.3098758012820512,0.10304209423661721
learned,D_s43,R03,15,692,0,620,72,12,52,0.9964664310954063,1,1,0.47258064516129034,0.39291620926439225,0.9930107526881721,0.9432344715155322,0.867562724014337,0.7760407390987482
learned,D_s43,R03,16,730,0,730,0,80,0,0.9964664310954063,0,0,,,,,,
learned,D_s43,R03,17,713,0,713,0,41,0,0.9964664310954063,0,0,,,,,,
learned,C_s44,R03,01,720,0,0,720,0,352,0.9964664310954063,1,1,,1.0,,0.9999999999999999,,1.0
learned,C_s44,R03,02,676,0,0,676,0,120,0.9964664310954063,1,1,,1.0,,1.0,,0.9999999999999999
learned,C_s44,R03,03,674,0,0,674,0,40,0.9964664310954063,1,1,,1.0,,0.9999999999999999,,1.0
learned,C_s44,R03,04,683,0,0,683,0,47,0.9964664310954063,1,1,,1.0,,1.0,,1.0
learned,C_s44,R03,05,574,0,515,59,4,0,0.9964664310954063,1,0,0.6499094948165214,0.3680687388162894,0.468438374197795,0.1447814451382694,0.632927431298338,0.21891176106568258
learned,C_s44,R03,06,582,0,131,451,0,72,0.9964664310954063,1,1,0.9466241261996242,0.9850492482577831,0.6872344747042196,0.8582273916479336,0.9466241261996242,0.985049248257783
learned,C_s44,R03,07,686,0,269,417,0,50,0.9964664310954063,1,1,0.7976741283553083,0.8547180909519356,0.5546833908338015,0.6487091851445531,0.7976741283553083,0.8547180909519356
learned,C_s44,R03,08,695,0,290,405,0,52,0.9964664310954063,1,1,0.524899957428693,0.6783688410766978,0.4651681566624095,0.699728694350486,0.5172030651340995,0.6728048986660945
learned,C_s44,R03,09,712,0,620,92,0,0,0.9964664310954063,1,0,0.9669004207573633,0.7020339262187087,0.45161290322580644,0.16428571428571428,0.9575035063113605,0.6570062349279518
learned,C_s44,R03,10,647,0,445,202,0,12,0.9964664310954063,1,1,0.9702135943931471,0.9117529908756266,0.21911781065747027,0.2862100984593016,0.9597563688953165,0.8814724916418684
learned,C_s44,R03,11,706,0,490,216,0,30,0.9964664310954063,1,1,0.8501322751322751,0.6419858408613539,0.414644746787604,0.5381298703911017,0.848167044595616,0.6403791989173698
learned,C_s44,R03,12,841,0,670,171,0,0,0.9964664310954063,2,0,0.26158243868377407,0.13770277951574067,0.48208955223880595,0.26348228043143296,0.25899886532251026,0.13730368827369022
learned,C_s44,R03,13,766,0,664,102,76,0,0.9964664310954063,1,0,0.6366938341601701,0.22044401041521666,0.08584337349397592,0.1345646437994723,0.5434975194897236,0.14762401906471004
learned,C_s44,R03,14,908,0,780,128,136,4,0.9964664310954063,2,1,0.4104767628205128,0.1487705323468973,0.33014823717948716,0.13169273531363102,0.31085737179487183,0.09890369809953756
learned,C_s44,R03,15,692,0,620,72,0,52,0.9964664310954063,1,1,0.6487455197132617,0.4310746890928438,0.9930107526881721,0.9432344715155322,0.9267025089605735,0.8084882842025699
learned,C_s44,R03,16,730,0,730,0,24,0,0.9964664310954063,0,0,,,,,,
learned,C_s44,R03,17,713,0,713,0,41,0,0.9964664310954063,0,0,,,,,,
learned,D_s44,R03,01,720,0,0,720,0,464,0.9964664310954063,1,1,,1.0,,0.9999999999999999,,1.0
learned,D_s44,R03,02,676,0,0,676,0,228,0.9964664310954063,1,1,,1.0000000000000002,,1.0,,1.0000000000000002
learned,D_s44,R03,03,674,0,0,674,0,44,0.9964664310954063,1,1,,0.9999999999999999,,0.9999999999999999,,1.0
learned,D_s44,R03,04,683,0,0,683,0,36,0.9964664310954063,1,1,,1.0,,1.0,,1.0
learned,D_s44,R03,05,574,0,515,59,4,12,0.9964664310954063,1,1,0.45553727168010527,0.3719146472347776,0.468438374197795,0.1447814451382694,0.44790192529208483,0.27412627725773725
learned,D_s44,R03,06,582,0,131,451,0,194,0.9964664310954063,1,1,0.9056295594184256,0.9737186843549386,0.6872344747042196,0.8582273916479336,0.9079314838949917,0.974571549648925
learned,D_s44,R03,07,686,0,269,417,0,90,0.9964664310954063,1,1,0.9500815704313872,0.9595417104858104,0.5546833908338015,0.6487091851445531,0.9500815704313872,0.9595417104858103
learned,D_s44,R03,08,695,0,290,405,4,96,0.9964664310954063,1,1,0.6541379310344828,0.7597620225585033,0.4651681566624095,0.699728694350486,0.6541379310344828,0.7597620225585033
learned,D_s44,R03,09,712,0,620,92,36,92,0.9964664310954063,1,1,0.9753155680224403,0.7685688405797102,0.45161290322580644,0.16428571428571428,0.9753155680224405,0.7685688405797102
learned,D_s44,R03,10,647,0,445,202,28,148,0.9964664310954063,1,1,0.9437423517632662,0.8256620738474527,0.21911781065747027,0.2862100984593016,0.9437423517632662,0.8256620738474527
learned,D_s44,R03,11,706,0,490,216,8,34,0.9964664310954063,1,1,0.6024754346182918,0.4391696327965186,0.414644746787604,0.5381298703911017,0.6181972789115646,0.45440721109619964
learned,D_s44,R03,12,841,0,670,171,16,0,0.9964664310954063,2,0,0.2991839050362224,0.14551708617101766,0.48208955223880595,0.26348228043143296,0.2991839050362224,0.14551708617101766
learned,D_s44,R03,13,766,0,664,102,76,28,0.9964664310954063,1,1,0.5266654854712969,0.3044436786121015,0.08584337349397592,0.1345646437994723,0.4628809355067328,0.1828934302900359
learned,D_s44,R03,14,908,0,780,128,148,0,0.9964664310954063,2,0,0.4394831730769231,0.13583050059920987,0.33014823717948716,0.13169273531363102,0.32401842948717946,0.10441161151979939
learned,D_s44,R03,15,692,0,620,72,16,52,0.9964664310954063,1,1,0.5700716845878135,0.4054190287864786,0.9930107526881721,0.9432344715155322,0.8976702508960573,0.786854657687991
learned,D_s44,R03,16,730,0,730,0,104,0,0.9964664310954063,0,0,,,,,,
learned,D_s44,R03,17,713,0,713,0,113,0,0.9964664310954063,0,0,,,,,,
learned,A,R04,01,411,0,111,300,29,58,0.9976671850699844,1,1,0.4677177177177177,0.7055497840999794,0.5912612612612613,0.768812632680955,0.4677177177177177,0.7055497840999794
learned,A,R04,02,398,0,112,286,0,20,0.9976671850699844,1,1,0.3399100899100899,0.6798734831955844,0.5863823676323676,0.7571246913035643,0.3399100899100899,0.6798734831955844
learned,A,R04,03,381,0,65,316,0,4,0.9976671850699844,1,1,0.5874634858812073,0.8666947030896537,0.4200584225900682,0.8296996123029137,0.5500730282375852,0.8460392340447024
learned,A,R04,04,379,0,261,118,4,0,0.9976671850699844,1,0,0.6106078316773816,0.3742052155876009,0.5015423079420741,0.3154122786218931,0.6060620819533735,0.365815266972774
learned,A,R04,05,465,0,135,330,0,8,0.9976671850699844,1,1,0.622615039281706,0.7424617610374349,0.4786195286195286,0.7186042271283789,0.6215375982042649,0.7419493374339227
learned,A,R04,06,505,0,92,413,0,8,0.9976671850699844,1,1,0.5273186651226445,0.820107867911153,0.486419623118223,0.8309685536225773,0.48541951784398363,0.8006504987459767
learned,A,R04,07,550,0,399,151,32,0,0.9976671850699844,2,0,0.5357682285183156,0.2727579933430533,0.4710534614682401,0.26821773339699806,0.5362993576656874,0.2726097390667242
learned,A,R04,08,653,0,423,230,16,36,0.9976671850699844,3,2,0.6112755678898141,0.48209438735041743,0.25277006886627607,0.34645538794211267,0.611275567889814,0.48209438735041743
learned,A,R04,09,334,0,128,206,0,16,0.9976671850699844,1,1,0.5876820388349514,0.6708623236895126,0.4717839805825243,0.6038698411496237,0.5879854368932038,0.6705684329433975
learned,A,R04,10,223,0,88,135,4,0,0.9976671850699844,1,0,0.5306397306397307,0.5714461589159868,0.8264309764309765,0.8895912354806226,0.5306397306397307,0.5714461589159868
learned,A,R04,11,424,0,298,126,8,0,0.9976671850699844,2,0,0.7603600724406094,0.46785565917348476,0.6776925535314796,0.4412336237698239,0.7603600724406094,0.46785565917348476
learned,A,R04,12,686,0,462,224,4,48,0.9976671850699844,3,1,0.7230403525046382,0.5742494764458739,0.3648828849721707,0.2952211809510938,0.7230403525046383,0.5742494764458739
learned,A,R04,13,464,0,89,375,0,24,0.9976671850699844,1,1,0.7681647940074906,0.9279059013173456,0.6539475655430711,0.8821239871867345,0.7680449438202247,0.9278955301632608
learned,A,R04,14,385,0,65,320,0,0,0.9976671850699844,1,0,0.5898317307692308,0.8559134006284541,0.4724038461538462,0.8441940412528648,0.5898317307692308,0.8559134006284541
learned,A,R04,15,376,0,54,322,4,4,0.9976671850699844,1,1,0.5641821946169773,0.8241577415656633,0.6336553945249598,0.9188251618871416,0.5641821946169773,0.8241577415656635
learned,A,R04,16,418,0,71,347,39,67,0.9976671850699844,1,1,0.20548362219426067,0.7234508372235309,0.6143402199943174,0.8713109404372866,0.20548362219426067,0.7234508372235309
learned,A,R04,17,582,0,455,127,18,14,0.9976671850699844,2,2,0.4997058060050186,0.265929239090577,0.5507917279570823,0.24250350199087922,0.49707536557930254,0.26418498491395553
learned,A,R04,18,243,0,102,141,0,0,0.9976671850699844,1,0,0.4133986928104575,0.5366704100807613,0.36983729662077597,0.5320095509220806,0.4179877624808789,0.5378836933515401
learned,A,R04,19,277,0,166,111,4,0,0.9976671850699844,1,0,0.4909367198523825,0.37112051887933367,0.4914794312384674,0.4055591986915973,0.48507543688266586,0.3671212989358412
learned,B,R04,01,411,0,111,300,11,64,0.9976671850699844,1,1,0.5493093093093093,0.7735368252257017,0.5912612612612613,0.768812632680955,0.5493093093093093,0.7735368252257017
learned,B,R04,02,398,0,112,286,4,4,0.9976671850699844,1,1,0.44542957042957043,0.6837383099537047,0.5863823676323676,0.7571246913035643,0.44542957042957043,0.6837383099537047
learned,B,R04,03,381,0,65,316,0,4,0.9976671850699844,1,1,0.6342015579357352,0.8836127902447853,0.4200584225900682,0.8296996123029137,0.5800632911392405,0.8602594915462013
learned,B,R04,04,379,0,261,118,4,0,0.9976671850699844,1,0,0.5123546983570362,0.3088485758572557,0.5015423079420741,0.3154122786218931,0.5097571270861745,0.3046709986986218
learned,B,R04,05,465,0,135,330,0,8,0.9976671850699844,1,1,0.7061840628507295,0.7922085101219832,0.4786195286195286,0.7186042271283789,0.6979236812570146,0.7880499735626504
learned,B,R04,06,505,0,92,413,0,8,0.9976671850699844,1,1,0.5806927044952099,0.8504619651255526,0.486419623118223,0.8309685536225773,0.5465838509316769,0.8380159677263312
learned,B,R04,07,550,0,399,151,4,0,0.9976671850699844,2,0,0.6036199770950555,0.3200490335236349,0.4710534614682401,0.26821773339699806,0.5999020730634533,0.3192225349950222
learned,B,R04,08,653,0,423,230,4,32,0.9976671850699844,3,2,0.8183060951793607,0.6977805450254935,0.25277006886627607,0.34645538794211267,0.8183060951793607,0.6977805450254935
learned,B,R04,09,334,0,128,206,4,4,0.9976671850699844,1,1,0.7069174757281553,0.7387854084416716,0.4717839805825243,0.6038698411496237,0.7069174757281553,0.7387854084416716
learned,B,R04,10,223,0,88,135,0,0,0.9976671850699844,1,0,0.5845117845117845,0.5992329361621529,0.8264309764309765,0.8895912354806226,0.5845117845117845,0.5992329361621529
learned,B,R04,11,424,0,298,126,0,0,0.9976671850699844,2,0,0.8077660594439118,0.5500508399715006,0.6776925535314796,0.4412336237698239,0.8077660594439118,0.5500508399715005
learned,B,R04,12,686,0,462,224,8,48,0.9976671850699844,3,1,0.7360466914038343,0.5929976141537551,0.3648828849721707,0.2952211809510938,0.7340561224489796,0.5916684358001633
learned,B,R04,13,464,0,89,375,0,8,0.9976671850699844,1,1,0.7447940074906367,0.8929771975135011,0.6539475655430711,0.8821239871867345,0.7447940074906367,0.8929771975135012
learned,B,R04,14,385,0,65,320,0,4,0.9976671850699844,1,1,0.6215625,0.8705096008551383,0.4724038461538462,0.8441940412528648,0.6215625,0.8705096008551382
learned,B,R04,15,376,0,54,322,4,0,0.9976671850699844,1,0,0.5876466528640442,0.8442983557876189,0.6336553945249598,0.9188251618871416,0.5876466528640442,0.8442983557876188
learned,B,R04,16,418,0,71,347,7,13,0.9976671850699844,1,1,0.3841985631367455,0.7820629729596329,0.6143402199943174,0.8713109404372866,0.3880951414539108,0.784484507316884
learned,B,R04,17,582,0,455,127,0,8,0.9976671850699844,2,1,0.48091200138444223,0.2810714629177167,0.5507917279570823,0.24250350199087922,0.47260534740849697,0.2792713267797232
learned,B,R04,18,243,0,102,141,4,4,0.9976671850699844,1,1,0.44885968571825896,0.5335548256094684,0.36983729662077597,0.5320095509220806,0.44607843137254904,0.5325545323543948
learned,B,R04,19,277,0,166,111,0,0,0.9976671850699844,1,0,0.4609790513404971,0.3674968661198002,0.4914794312384674,0.4055591986915973,0.4423097796591772,0.3567689386231522
learned,C_s42,R04,01,411,0,111,300,11,16,0.9988399071925754,1,1,0.5493093093093093,0.7522936182931237,0.5912612612612613,0.768812632680955,0.5493093093093093,0.7522936182931237
learned,C_s42,R04,02,398,0,112,286,4,0,0.9988399071925754,1,0,0.4171453546453547,0.6725246785439931,0.5863823676323676,0.7571246913035643,0.4171453546453547,0.6725246785439931
learned,C_s42,R04,03,381,0,65,316,0,0,0.9988399071925754,1,0,0.6435004868549172,0.8816938392405866,0.4200584225900682,0.8296996123029137,0.575730282375852,0.8525678045560249
learned,C_s42,R04,04,379,0,261,118,0,0,0.9988399071925754,1,0,0.532161179297357,0.3135630839913146,0.5015423079420741,0.3154122786218931,0.5285245795181506,0.30946160018421076
learned,C_s42,R04,05,465,0,135,330,0,8,0.9988399071925754,1,1,0.7244107744107744,0.7940964445374735,0.4786195286195286,0.7186042271283789,0.7244107744107744,0.7940964445374735
learned,C_s42,R04,06,505,0,92,413,0,4,0.9988399071925754,1,1,0.6128013475102642,0.8703853145222029,0.486419623118223,0.8309685536225773,0.5690072639225181,0.8530323593399883
learned,C_s42,R04,07,550,0,399,151,4,0,0.9988399071925754,2,0,0.5645819847632326,0.2984974501988625,0.4710534614682401,0.26821773339699806,0.5608640807316303,0.29899461458872434
learned,C_s42,R04,08,653,0,423,230,0,28,0.9988399071925754,3,2,0.8530887038750128,0.7410835958469644,0.25277006886627607,0.34645538794211267,0.8530887038750128,0.7410835958469643
learned,C_s42,R04,09,334,0,128,206,4,4,0.9988399071925754,1,1,0.7284587378640777,0.740582868368988,0.4717839805825243,0.6038698411496237,0.7284587378640777,0.7405828683689879
learned,C_s42,R04,10,223,0,88,135,0,0,0.9988399071925754,1,0,0.5932659932659933,0.6100449068880593,0.8264309764309765,0.8895912354806226,0.5932659932659933,0.6100449068880593
learned,C_s42,R04,11,424,0,298,126,0,0,0.9988399071925754,2,0,0.8086715670608288,0.5449936831522411,0.6776925535314796,0.4412336237698239,0.8086715670608288,0.5449936831522411
learned,C_s42,R04,12,686,0,462,224,0,20,0.9988399071925754,3,1,0.7583487940630798,0.634332218333546,0.3648828849721707,0.2952211809510938,0.7581362090290662,0.63419313181103
learned,C_s42,R04,13,464,0,89,375,0,8,0.9988399071925754,1,1,0.7533033707865169,0.896766655957286,0.6539475655430711,0.8821239871867345,0.7533033707865169,0.8967666559572861
learned,C_s42,R04,14,385,0,65,320,0,0,0.9988399071925754,1,0,0.6000240384615385,0.8445226236500936,0.4724038461538462,0.8441940412528648,0.6000240384615385,0.8445226236500935
learned,C_s42,R04,15,376,0,54,322,0,0,0.9988399071925754,1,0,0.6124913733609386,0.8413236722676619,0.6336553945249598,0.9188251618871416,0.6124913733609386,0.8413236722676619
learned,C_s42,R04,16,418,0,71,347,3,5,0.9988399071925754,1,1,0.4578276575881804,0.8046972317938044,0.6143402199943174,0.8713109404372866,0.4623736656248732,0.8074383977694505
learned,C_s42,R04,17,582,0,455,127,0,8,0.9988399071925754,2,1,0.5001211387038158,0.2931866099582607,0.5507917279570823,0.24250350199087922,0.5046205762741196,0.29485124993232803
learned,C_s42,R04,18,243,0,102,141,0,0,0.9988399071925754,1,0,0.45789876234181615,0.5253041887565628,0.36983729662077597,0.5320095509220806,0.4580378250591016,0.5248939569148285
learned,C_s42,R04,19,277,0,166,111,0,0,0.9988399071925754,1,0,0.4696624335178552,0.37627689847457835,0.4914794312384674,0.4055591986915973,0.4575056984695539,0.3680689030646639
learned,D_s42,R04,01,411,0,111,300,0,0,0.9988399071925754,1,0,0.4396396396396397,0.6850140041369236,0.5912612612612613,0.768812632680955,0.4396396396396397,0.6850140041369236
learned,D_s42,R04,02,398,0,112,286,0,0,0.9988399071925754,1,0,0.4307567432567433,0.6676045576728304,0.5863823676323676,0.7571246913035643,0.4307567432567433,0.6676445146548582
learned,D_s42,R04,03,381,0,65,316,0,0,0.9988399071925754,1,0,0.6505598831548198,0.8806270908050982,0.4200584225900682,0.8296996123029137,0.5822054527750731,0.8420842177060931
learned,D_s42,R04,04,379,0,261,118,0,0,0.9988399071925754,1,0,0.5937236184167803,0.3397059378712246,0.5015423079420741,0.3154122786218931,0.582813819079161,0.33215840565430177
learned,D_s42,R04,05,465,0,135,330,0,0,0.9988399071925754,1,0,0.7346464646464647,0.7955863468301889,0.4786195286195286,0.7186042271283789,0.7332098765432099,0.7948766905145249
learned,D_s42,R04,06,505,0,92,413,0,0,0.9988399071925754,1,0,0.6408042951889673,0.8812261860100945,0.486419623118223,0.8309685536225773,0.5824823665649016,0.8599228686132965
learned,D_s42,R04,07,550,0,399,151,0,0,0.9988399071925754,2,0,0.47033975667645933,0.26781371858350944,0.4710534614682401,0.26821773339699806,0.46834802237381534,0.26959430862897843
learned,D_s42,R04,08,653,0,423,230,4,16,0.9988399071925754,3,1,0.6990749306197965,0.5273182169793998,0.25277006886627607,0.34645538794211267,0.6990749306197964,0.5273182169793998
learned,D_s42,R04,09,334,0,128,206,4,0,0.9988399071925754,1,0,0.722997572815534,0.7352460825471722,0.4717839805825243,0.6038698411496237,0.722997572815534,0.7352460825471722
learned,D_s42,R04,10,223,0,88,135,0,0,0.9988399071925754,1,0,0.571043771043771,0.6106754415639595,0.8264309764309765,0.8895912354806226,0.571043771043771,0.6106754415639595
learned,D_s42,R04,11,424,0,298,126,0,0,0.9988399071925754,2,0,0.7415574731010972,0.45022345694145693,0.6776925535314796,0.4412336237698239,0.7415574731010973,0.450223456941457
learned,D_s42,R04,12,686,0,462,224,0,0,0.9988399071925754,3,0,0.7737708719851578,0.6384425312132296,0.3648828849721707,0.2952211809510938,0.7737515460729748,0.6383279228093078
learned,D_s42,R04,13,464,0,89,375,0,4,0.9988399071925754,1,1,0.7231011235955056,0.8885897793870801,0.6539475655430711,0.8821239871867345,0.7231011235955057,0.8885897793870803
learned,D_s42,R04,14,385,0,65,320,4,0,0.9988399071925754,1,0,0.5238701923076923,0.8210597851861534,0.4724038461538462,0.8441940412528648,0.5238701923076923,0.8210597851861533
learned,D_s42,R04,15,376,0,54,322,4,0,0.9988399071925754,1,0,0.5687830687830688,0.8213989849848247,0.6336553945249598,0.9188251618871416,0.5687830687830688,0.8213989849848246
learned,D_s42,R04,16,418,0,71,347,0,0,0.9988399071925754,1,0,0.16233713520314974,0.7090014353621766,0.6143402199943174,0.8713109404372866,0.16233713520314974,0.7090014353621766
learned,D_s42,R04,17,582,0,455,127,0,8,0.9988399071925754,2,1,0.576334688933114,0.32921222031177527,0.5507917279570823,0.24250350199087922,0.5761962447001817,0.32263564215332163
learned,D_s42,R04,18,243,0,102,141,0,0,0.9988399071925754,1,0,0.45094562647754133,0.5378631430014116,0.36983729662077597,0.5320095509220806,0.4492768738701154,0.5375085186709953
learned,D_s42,R04,19,277,0,166,111,0,0,0.9988399071925754,1,0,0.5056984695538913,0.43171401389411185,0.4914794312384674,0.4055591986915973,0.49744925648540106,0.41538518506528305
learned,C_s43,R04,01,411,0,111,300,8,12,0.9988399071925754,1,1,0.5269069069069069,0.7346478211603247,0.5912612612612613,0.768812632680955,0.5269069069069069,0.7346478211603247
learned,C_s43,R04,02,398,0,112,286,0,0,0.9988399071925754,1,0,0.4463036963036963,0.6812717506152886,0.5863823676323676,0.7571246913035643,0.4463036963036963,0.6812717506152886
learned,C_s43,R04,03,381,0,65,316,0,0,0.9988399071925754,1,0,0.6520204479065239,0.8827529562019536,0.4200584225900682,0.8296996123029137,0.5803554040895813,0.8503293240238463
learned,C_s43,R04,04,379,0,261,118,0,0,0.9988399071925754,1,0,0.5402136502370284,0.31500241712833443,0.5015423079420741,0.3154122786218931,0.536577050457822,0.31120010794742425
learned,C_s43,R04,05,465,0,135,330,0,8,0.9988399071925754,1,1,0.7331200897867565,0.793730678690178,0.4786195286195286,0.7186042271283789,0.7331200897867565,0.7937306786901781
learned,C_s43,R04,06,505,0,92,413,0,4,0.9988399071925754,1,1,0.6184861564375197,0.8720699074244039,0.486419623118223,0.8309685536225773,0.5753237182861353,0.8556007185799865
learned,C_s43,R04,07,550,0,399,151,4,0,0.9988399071925754,2,0,0.5795199920330628,0.31261108780286034,0.4710534614682401,0.26821773339699806,0.5773954754435758,0.3144817467915123
learned,C_s43,R04,08,653,0,423,230,0,28,0.9988399071925754,3,2,0.8516085928666873,0.7349904600124474,0.25277006886627607,0.34645538794211267,0.8516085928666872,0.7349904600124474
learned,C_s43,R04,09,334,0,128,206,0,4,0.9988399071925754,1,1,0.7418082524271845,0.7584383367810684,0.4717839805825243,0.6038698411496237,0.7418082524271845,0.7584383367810685
learned,C_s43,R04,10,223,0,88,135,0,0,0.9988399071925754,1,0,0.5932659932659933,0.6050886415633132,0.8264309764309765,0.8895912354806226,0.5932659932659933,0.6050886415633133
learned,C_s43,R04,11,424,0,298,126,0,0,0.9988399071925754,2,0,0.8064876957494407,0.5432563431522306,0.6776925535314796,0.4412336237698239,0.8064876957494407,0.5432563431522306
learned,C_s43,R04,12,686,0,462,224,0,20,0.9988399071925754,3,1,0.7616921768707483,0.6318299015196936,0.3648828849721707,0.2952211809510938,0.7614795918367346,0.6316908149971777
learned,C_s43,R04,13,464,0,89,375,0,8,0.9988399071925754,1,1,0.7715205992509363,0.9130038065448621,0.6539475655430711,0.8821239871867345,0.7715205992509363,0.9130038065448619
learned,C_s43,R04,14,385,0,65,320,0,0,0.9988399071925754,1,0,0.5815625,0.8403031016444389,0.4724038461538462,0.8441940412528648,0.5815625,0.8403031016444389
learned,C_s43,R04,15,376,0,54,322,0,0,0.9988399071925754,1,0,0.6152518978605935,0.8432320046944486,0.6336553945249598,0.9188251618871416,0.6152518978605935,0.8432320046944486
learned,C_s43,R04,16,418,0,71,347,3,5,0.9988399071925754,1,1,0.45100864553314124,0.7958551578483761,0.6143402199943174,0.8713109404372866,0.45685351300888905,0.799559998867957
learned,C_s43,R04,17,582,0,455,127,0,8,0.9988399071925754,2,1,0.49963658388855237,0.29330084993791167,0.5507917279570823,0.24250350199087922,0.5014363589166739,0.29388874682295074
learned,C_s43,R04,18,243,0,102,141,0,0,0.9988399071925754,1,0,0.46068001668752606,0.5392009264774043,0.36983729662077597,0.5320095509220806,0.4608190794048116,0.5387906946356699
learned,C_s43,R04,19,277,0,166,111,0,0,0.9988399071925754,1,0,0.4696624335178552,0.3711507222361521,0.4914794312384674,0.4055591986915973,0.45533485292521436,0.3620784614108886
learned,D_s43,R04,01,411,0,111,300,0,0,0.9988399071925754,1,0,0.469009009009009,0.7016336193247507,0.5912612612612613,0.768812632680955,0.469009009009009,0.7016336193247507
learned,D_s43,R04,02,398,0,112,286,0,0,0.9988399071925754,1,0,0.5086163836163836,0.7008604685642545,0.5863823676323676,0.7571246913035643,0.5106143856143857,0.701511646489473
learned,D_s43,R04,03,381,0,65,316,0,0,0.9988399071925754,1,0,0.6823028237585199,0.8841668841167545,0.4200584225900682,0.8296996123029137,0.6028481012658228,0.8438931851853946
learned,D_s43,R04,04,379,0,261,118,0,0,0.9988399071925754,1,0,0.5945353594389247,0.3359231163435995,0.5015423079420741,0.3154122786218931,0.5864828884992532,0.3305725112064014
learned,D_s43,R04,05,465,0,135,330,0,0,0.9988399071925754,1,0,0.7048372615039282,0.7778870293269569,0.4786195286195286,0.7186042271283789,0.7019640852974187,0.776110938652238
learned,D_s43,R04,06,505,0,92,413,0,0,0.9988399071925754,1,0,0.6481734919465207,0.8818048216011074,0.486419623118223,0.8309685536225773,0.5816401726497527,0.85601594516863
learned,D_s43,R04,07,550,0,399,151,0,0,0.9988399071925754,2,0,0.4591196534382313,0.2657338536716021,0.4710534614682401,0.26821773339699806,0.4569951368487443,0.26751442624042493
learned,D_s43,R04,08,653,0,423,230,4,16,0.9988399071925754,3,1,0.7131154281015522,0.5202317370560582,0.25277006886627607,0.34645538794211267,0.713115428101552,0.5202317370560582
learned,D_s43,R04,09,334,0,128,206,0,0,0.9988399071925754,1,0,0.7578883495145631,0.7456028428722467,0.4717839805825243,0.6038698411496237,0.7578883495145631,0.7456028428722468
learned,D_s43,R04,10,223,0,88,135,0,0,0.9988399071925754,1,0,0.5936026936026936,0.6237058865770594,0.8264309764309765,0.8895912354806226,0.5936026936026937,0.6237058865770594
learned,D_s43,R04,11,424,0,298,126,0,0,0.9988399071925754,2,0,0.7285075103867051,0.4255681901027797,0.6776925535314796,0.4412336237698239,0.728507510386705,0.4255681901027797
learned,D_s43,R04,12,686,0,462,224,0,4,0.9988399071925754,3,1,0.750328540507112,0.6220723043788963,0.3648828849721707,0.2952211809510938,0.7502125850340137,0.621935021523413
learned,D_s43,R04,13,464,0,89,375,0,4,0.9988399071925754,1,1,0.7398801498127341,0.8969648140002322,0.6539475655430711,0.8821239871867345,0.7398801498127341,0.8969648140002322
learned,D_s43,R04,14,385,0,65,320,0,0,0.9988399071925754,1,0,0.5152163461538461,0.8138285416958742,0.4724038461538462,0.8441940412528648,0.5152163461538461,0.8138285416958742
learned,D_s43,R04,15,376,0,54,322,0,0,0.9988399071925754,1,0,0.566482631700023,0.8199349411599809,0.6336553945249598,0.9188251618871416,0.566482631700023,0.8199349411599807
learned,D_s43,R04,16,418,0,71,347,0,0,0.9988399071925754,1,0,0.334111296018184,0.7586049297600606,0.6143402199943174,0.8713109404372866,0.33605958517676665,0.7599285461052907
learned,D_s43,R04,17,582,0,455,127,0,4,0.9988399071925754,2,1,0.6175218482305097,0.3335241712930006,0.5507917279570823,0.24250350199087922,0.6168296270658475,0.327233290755741
learned,D_s43,R04,18,243,0,102,141,0,0,0.9988399071925754,1,0,0.45205812821582536,0.5359190900481359,0.36983729662077597,0.5320095509220806,0.44927687387011545,0.5352483913612271
learned,D_s43,R04,19,277,0,166,111,0,0,0.9988399071925754,1,0,0.4792141539129491,0.4008725811773389,0.4914794312384674,0.4055591986915973,0.47574080104200583,0.3995587982970903
learned,C_s44,R04,01,411,0,111,300,11,20,0.9988399071925754,1,1,0.5437237237237237,0.7468037897636466,0.5912612612612613,0.768812632680955,0.5437237237237237,0.7468037897636466
learned,C_s44,R04,02,398,0,112,286,0,0,0.9988399071925754,1,0,0.42139110889110887,0.6735866224465608,0.5863823676323676,0.7571246913035643,0.42139110889110887,0.6735866224465608
learned,C_s44,R04,03,381,0,65,316,0,4,0.9988399071925754,1,1,0.6489532619279454,0.8851780404061368,0.4200584225900682,0.8296996123029137,0.581572541382668,0.858082792130264
learned,C_s44,R04,04,379,0,261,118,0,0,0.9988399071925754,1,0,0.5403435288005715,0.3155522207412139,0.5015423079420741,0.3154122786218931,0.5367069290213651,0.3118012726286139
learned,C_s44,R04,05,465,0,135,330,0,8,0.9988399071925754,1,1,0.7280920314253647,0.7907633057509725,0.4786195286195286,0.7186042271283789,0.7280920314253647,0.7907633057509726
learned,C_s44,R04,06,505,0,92,413,0,4,0.9988399071925754,1,1,0.630908516685967,0.8758145916662223,0.486419623118223,0.8309685536225773,0.5862722391830719,0.8579002638076602
learned,C_s44,R04,07,550,0,399,151,8,0,0.9988399071925754,2,0,0.5893126856877293,0.31523412893469915,0.4710534614682401,0.26821773339699806,0.5854619993692841,0.31634518413554735
learned,C_s44,R04,08,653,0,423,230,0,28,0.9988399071925754,3,2,0.848052215027238,0.729775333310876,0.25277006886627607,0.34645538794211267,0.848052215027238,0.7297753333108759
learned,C_s44,R04,09,334,0,128,206,4,4,0.9988399071925754,1,1,0.7381674757281553,0.7465103111327034,0.4717839805825243,0.6038698411496237,0.7381674757281553,0.7465103111327035
learned,C_s44,R04,10,223,0,88,135,0,0,0.9988399071925754,1,0,0.591919191919192,0.6039481443358936,0.8264309764309765,0.8895912354806226,0.591919191919192,0.6039481443358936
learned,C_s44,R04,11,424,0,298,126,0,0,0.9988399071925754,2,0,0.8047832108234793,0.5378167612417244,0.6776925535314796,0.4412336237698239,0.8047832108234793,0.5378167612417244
learned,C_s44,R04,12,686,0,462,224,0,20,0.9988399071925754,3,1,0.7588899196042053,0.6316220638769432,0.3648828849721707,0.2952211809510938,0.7587159863945578,0.6314829773544274
learned,C_s44,R04,13,464,0,89,375,0,8,0.9988399071925754,1,1,0.7580973782771535,0.8995113091206786,0.6539475655430711,0.8821239871867345,0.7580973782771535,0.8995113091206786
learned,C_s44,R04,14,385,0,65,320,0,0,0.9988399071925754,1,0,0.5941586538461539,0.8434237699529701,0.4724038461538462,0.8441940412528648,0.5941586538461539,0.8434237699529701
learned,C_s44,R04,15,376,0,54,322,0,0,0.9988399071925754,1,0,0.616632160110421,0.8406506581653682,0.6336553945249598,0.9188251618871416,0.616632160110421,0.8406506581653681
learned,C_s44,R04,16,418,0,71,347,3,5,0.9988399071925754,1,1,0.44370256118845636,0.7973169006393009,0.6143402199943174,0.8713109404372866,0.4495474286642043,0.8006830629305038
learned,C_s44,R04,17,582,0,455,127,0,8,0.9988399071925754,2,1,0.49762914251103224,0.29016524171626545,0.5507917279570823,0.24250350199087922,0.49811369732629573,0.29093497011943137
learned,C_s44,R04,18,243,0,102,141,0,0,0.9988399071925754,1,0,0.4545612571269642,0.5363936273068608,0.36983729662077597,0.5320095509220806,0.45094562647754133,0.5348631809644792
learned,C_s44,R04,19,277,0,166,111,0,0,0.9988399071925754,1,0,0.4755237164875719,0.37238184716295397,0.4914794312384674,0.4055591986915973,0.46119613589493114,0.3636803141759855
learned,D_s44,R04,01,411,0,111,300,0,8,0.9988399071925754,1,1,0.4684984984984985,0.7033753152369706,0.5912612612612613,0.768812632680955,0.4684984984984985,0.7033753152369706
learned,D_s44,R04,02,398,0,112,286,0,0,0.9988399071925754,1,0,0.5110514485514486,0.6993743960725958,0.5863823676323676,0.7571246913035643,0.5130494505494505,0.7000255739978141
learned,D_s44,R04,03,381,0,65,316,0,0,0.9988399071925754,1,0,0.6765579357351509,0.881345574286494,0.4200584225900682,0.8296996123029137,0.6134615384615384,0.8454519618475784
learned,D_s44,R04,04,379,0,261,118,0,0,0.9988399071925754,1,0,0.5700857198519385,0.32173502723795183,0.5015423079420741,0.3154122786218931,0.561903370348724,0.3170531495678266
learned,D_s44,R04,05,465,0,135,330,0,8,0.9988399071925754,1,1,0.7423681257014589,0.8050485427379133,0.4786195286195286,0.7186042271283789,0.742368125701459,0.8050485427379133
learned,D_s44,R04,06,505,0,92,413,0,0,0.9988399071925754,1,0,0.6359616801768607,0.8798216978947686,0.486419623118223,0.8309685536225773,0.5880619012527635,0.8563346034115249
learned,D_s44,R04,07,550,0,399,151,0,0,0.9988399071925754,2,0,0.45955119587047083,0.2640365644372433,0.4710534614682401,0.26821773339699806,0.46141014788627194,0.26545113710331647
learned,D_s44,R04,08,653,0,423,230,4,20,0.9988399071925754,3,2,0.7791448247507452,0.6065754818482478,0.25277006886627607,0.34645538794211267,0.7791448247507452,0.6065754818482478
learned,D_s44,R04,09,334,0,128,206,0,4,0.9988399071925754,1,1,0.7850424757281553,0.7705242203610516,0.4717839805825243,0.6038698411496237,0.7850424757281553,0.7705242203610516
learned,D_s44,R04,10,223,0,88,135,0,0,0.9988399071925754,1,0,0.6087542087542088,0.6355503606214398,0.8264309764309765,0.8895912354806226,0.6087542087542088,0.6355503606214398
learned,D_s44,R04,11,424,0,298,126,0,0,0.9988399071925754,2,0,0.7500266325769681,0.43816293563228603,0.6776925535314796,0.4412336237698239,0.7500266325769681,0.43816293563228603
learned,D_s44,R04,12,686,0,462,224,0,8,0.9988399071925754,3,1,0.7417285095856525,0.601801096506734,0.3648828849721707,0.2952211809510938,0.7421730055658626,0.6018010965067341
learned,D_s44,R04,13,464,0,89,375,0,8,0.9988399071925754,1,1,0.7493483146067417,0.9049427374282314,0.6539475655430711,0.8821239871867345,0.7493483146067417,0.9049427374282313
learned,D_s44,R04,14,385,0,65,320,0,0,0.9988399071925754,1,0,0.5358894230769231,0.8244441469361016,0.4724038461538462,0.8441940412528648,0.5358894230769231,0.8244441469361016
learned,D_s44,R04,15,376,0,54,322,0,0,0.9988399071925754,1,0,0.577984817115252,0.831137161497076,0.6336553945249598,0.9188251618871416,0.5779848171152518,0.8311371614970761
learned,D_s44,R04,16,418,0,71,347,0,4,0.9988399071925754,1,1,0.27574379997564635,0.7463544896077163,0.6143402199943174,0.8713109404372866,0.2767179445549377,0.7473050280222319
learned,D_s44,R04,17,582,0,455,127,0,8,0.9988399071925754,2,1,0.5602751579129531,0.31736782937685915,0.5507917279570823,0.24250350199087922,0.5551527212944536,0.3105840635838384
learned,D_s44,R04,18,243,0,102,141,0,0,0.9988399071925754,1,0,0.4597065776665276,0.5246376467066112,0.36983729662077597,0.5320095509220806,0.45748157418995966,0.5235498566553471
learned,D_s44,R04,19,277,0,166,111,0,0,0.9988399071925754,1,0,0.4922392271789862,0.41268021028185,0.4914794312384674,0.4055591986915973,0.48681211331813745,0.40388570148734115
